"../../../Engine/Plugins/2D/Paper2D/Content/PlaceholderTextures/DummySpriteTexture.ubulk" 0
"../../../Engine/Plugins/2D/Paper2D/Content/PlaceholderTextures/DummySpriteTexture.uasset" 1
"../../../Engine/Plugins/2D/Paper2D/Content/PlaceholderTextures/DummySpriteTexture.uexp" 2
"../../../Engine/Plugins/2D/Paper2D/Content/DummySprite.uasset" 3
"../../../Engine/Plugins/2D/Paper2D/Content/DummySprite.uexp" 4
"../../../Engine/Plugins/2D/Paper2D/Content/DefaultPaperTerrainMaterial.uasset" 5
"../../../Engine/Plugins/2D/Paper2D/Content/DefaultPaperTerrainMaterial.uexp" 6
"../../../Engine/Content/EngineSounds/Master.uasset" 7
"../../../Engine/Content/EngineSounds/Master.uexp" 8
"../../../Engine/Content/EngineMaterials/DefaultDestructiblePhysicalMaterial.uasset" 9
"../../../Engine/Content/EngineMaterials/DefaultDestructiblePhysicalMaterial.uexp" 10
"../../../Engine/Content/EngineFonts/Faces/RobotoLight.uexp" 11
"../../../Engine/Content/EngineFonts/Faces/RobotoLight.uasset" 12
"../../../Engine/Content/EngineFonts/Faces/RobotoLight.ufont" 13
"../../../Engine/Content/EngineFonts/Faces/RobotoBold.uexp" 14
"../../../Engine/Content/EngineFonts/Faces/RobotoBold.uasset" 15
"../../../Engine/Content/EngineFonts/Faces/RobotoBold.ufont" 16
"../../../Engine/Content/EngineFonts/Faces/RobotoRegular.uexp" 17
"../../../Engine/Content/EngineFonts/Faces/RobotoRegular.uasset" 18
"../../../Engine/Content/EngineFonts/Faces/RobotoRegular.ufont" 19
"../../../Engine/Content/EngineFonts/Faces/DroidSansFallback.uexp" 20
"../../../Engine/Content/EngineFonts/Faces/DroidSansFallback.uasset" 21
"../../../Engine/Content/EngineFonts/Faces/DroidSansFallback.ufont" 22
"../../../Engine/Content/EngineFonts/Faces/RobotoItalic.uexp" 23
"../../../Engine/Content/EngineFonts/Faces/RobotoItalic.uasset" 24
"../../../Engine/Content/EngineFonts/Faces/RobotoItalic.ufont" 25
"../../../Engine/Content/EngineFonts/Faces/RobotoBoldItalic.uexp" 26
"../../../Engine/Content/EngineFonts/Faces/RobotoBoldItalic.uasset" 27
"../../../Engine/Content/EngineFonts/Faces/RobotoBoldItalic.ufont" 28
"../../../Engine/Content/EngineFonts/Roboto.uasset" 29
"../../../Engine/Content/EngineFonts/Roboto.uexp" 30
"../../../Engine/Plugins/Interchange/Runtime/Content/Pipelines/DefaultTexturePipeline.uasset" 31
"../../../Engine/Plugins/Interchange/Runtime/Content/Pipelines/DefaultTexturePipeline.uexp" 32
"../../../Engine/Plugins/Interchange/Runtime/Content/Pipelines/DefaultSceneLevelPipeline.uasset" 33
"../../../Engine/Plugins/Interchange/Runtime/Content/Pipelines/DefaultSceneLevelPipeline.uexp" 34
"../../../Engine/Plugins/Interchange/Runtime/Content/Pipelines/DefaultSceneAssetsPipeline.uasset" 35
"../../../Engine/Plugins/Interchange/Runtime/Content/Pipelines/DefaultSceneAssetsPipeline.uexp" 36
"../../../Engine/Plugins/Interchange/Runtime/Content/Pipelines/DefaultMaterialXPipeline.uasset" 37
"../../../Engine/Plugins/Interchange/Runtime/Content/Pipelines/DefaultMaterialXPipeline.uexp" 38
"../../../Engine/Plugins/Interchange/Runtime/Content/Pipelines/DefaultMaterialPipeline.uasset" 39
"../../../Engine/Plugins/Interchange/Runtime/Content/Pipelines/DefaultMaterialPipeline.uexp" 40
"../../../Engine/Plugins/Interchange/Runtime/Content/Pipelines/DefaultGLTFSceneAssetsPipeline.uasset" 41
"../../../Engine/Plugins/Interchange/Runtime/Content/Pipelines/DefaultGLTFSceneAssetsPipeline.uexp" 42
"../../../Engine/Plugins/Interchange/Runtime/Content/Pipelines/DefaultGLTFPipeline.uasset" 43
"../../../Engine/Plugins/Interchange/Runtime/Content/Pipelines/DefaultGLTFPipeline.uexp" 44
"../../../Engine/Plugins/Interchange/Runtime/Content/Pipelines/DefaultGLTFAssetsPipeline.uasset" 45
"../../../Engine/Plugins/Interchange/Runtime/Content/Pipelines/DefaultGLTFAssetsPipeline.uexp" 46
"../../../Engine/Plugins/Interchange/Runtime/Content/Pipelines/DefaultAssetsPipeline.uasset" 47
"../../../Engine/Plugins/Interchange/Runtime/Content/Pipelines/DefaultAssetsPipeline.uexp" 48
"../../../Engine/Content/MobileResources/HUD/VirtualJoystick_Background.uasset" 49
"../../../Engine/Content/MobileResources/HUD/VirtualJoystick_Background.uexp" 50
"../../../Engine/Content/MobileResources/HUD/VirtualJoystick_Thumb.uasset" 51
"../../../Engine/Content/MobileResources/HUD/VirtualJoystick_Thumb.uexp" 52
"../../../Engine/Content/MobileResources/HUD/DefaultVirtualJoysticks.uasset" 53
"../../../Engine/Content/MobileResources/HUD/DefaultVirtualJoysticks.uexp" 54
"C:/Users/david/Documents/GitHub/saint-grail/Content/Characters/Mannequin_UE4/Rigs/RTG_UE5Manny_UE4Manny.uasset" 55
"C:/Users/david/Documents/GitHub/saint-grail/Content/Characters/Mannequin_UE4/Rigs/RTG_UE5Manny_UE4Manny.uexp" 56
"C:/Users/david/Documents/GitHub/saint-grail/Content/Characters/Mannequin_UE4/Rigs/RTG_UE4Manny_UE5Manny.uasset" 57
"C:/Users/david/Documents/GitHub/saint-grail/Content/Characters/Mannequin_UE4/Rigs/RTG_UE4Manny_UE5Manny.uexp" 58
"C:/Users/david/Documents/GitHub/saint-grail/Content/Characters/Mannequins/Rigs/RTG_Mannequin.uasset" 59
"C:/Users/david/Documents/GitHub/saint-grail/Content/Characters/Mannequins/Rigs/RTG_Mannequin.uexp" 60
"../../../Engine/Content/EditorResources/S_Actor.ubulk" 61
"../../../Engine/Content/EditorResources/S_Actor.uasset" 62
"../../../Engine/Content/EditorResources/S_Actor.uexp" 63
"../../../Engine/Content/EngineResources/GradientTexture0.uasset" 64
"../../../Engine/Content/EngineResources/GradientTexture0.uexp" 65
"../../../Engine/Content/EngineResources/DefaultTexture.ubulk" 66
"../../../Engine/Content/EngineResources/DefaultTexture.uasset" 67
"../../../Engine/Content/EngineResources/DefaultTexture.uexp" 68
"../../../Engine/Content/EngineResources/Black.uasset" 69
"../../../Engine/Content/EngineResources/Black.uexp" 70
"../../../Engine/Content/EngineMaterials/PreintegratedSkinBRDF.uasset" 71
"../../../Engine/Content/EngineMaterials/PreintegratedSkinBRDF.uexp" 72
"../../../Engine/Content/EngineMaterials/MiniFont.uasset" 73
"../../../Engine/Content/EngineMaterials/MiniFont.uexp" 74
"../../../Engine/Content/EngineMaterials/FastBlueNoise_vec2_128x128x64.uasset" 75
"../../../Engine/Content/EngineMaterials/FastBlueNoise_vec2_128x128x64.uexp" 76
"../../../Engine/Content/EngineMaterials/FastBlueNoise_scalar_128x128x64.uasset" 77
"../../../Engine/Content/EngineMaterials/FastBlueNoise_scalar_128x128x64.uexp" 78
"../../../Engine/Content/EngineMaterials/DefaultWhiteGrid.ubulk" 79
"../../../Engine/Content/EngineMaterials/DefaultWhiteGrid.uasset" 80
"../../../Engine/Content/EngineMaterials/DefaultWhiteGrid.uexp" 81
"../../../Engine/Content/EngineMaterials/DefaultBokeh.uasset" 82
"../../../Engine/Content/EngineMaterials/DefaultBokeh.uexp" 83
"../../../Engine/Content/EngineMaterials/DefaultBloomKernel.uasset" 84
"../../../Engine/Content/EngineMaterials/DefaultBloomKernel.uexp" 85
"../../../Engine/Content/EngineDamageTypes/DmgTypeBP_Environmental.uasset" 86
"../../../Engine/Content/EngineDamageTypes/DmgTypeBP_Environmental.uexp" 87
"../../../Engine/Content/EditorResources/S_TriggerSphere.uasset" 88
"../../../Engine/Content/EditorResources/S_TriggerSphere.uexp" 89
"../../../Engine/Content/EditorResources/S_TriggerCapsule.uasset" 90
"../../../Engine/Content/EditorResources/S_TriggerCapsule.uexp" 91
"../../../Engine/Content/EditorResources/S_TriggerBox.uasset" 92
"../../../Engine/Content/EditorResources/S_TriggerBox.uexp" 93
"../../../Engine/Content/EditorResources/S_Trigger.ubulk" 94
"../../../Engine/Content/EditorResources/S_Trigger.uasset" 95
"../../../Engine/Content/EditorResources/S_Trigger.uexp" 96
"../../../Engine/Content/EditorResources/S_Terrain.ubulk" 97
"../../../Engine/Content/EditorResources/S_Terrain.uasset" 98
"../../../Engine/Content/EditorResources/S_Terrain.uexp" 99
"../../../Engine/Content/EditorResources/S_Solver.ubulk" 100
"../../../Engine/Content/EditorResources/S_Solver.uasset" 101
"../../../Engine/Content/EditorResources/S_Solver.uexp" 102
"../../../Engine/Content/EditorResources/S_BoxReflectionCapture.uasset" 103
"../../../Engine/Content/EditorResources/S_BoxReflectionCapture.uexp" 104
"../../../Engine/Content/EditorResources/EmptyActor.uasset" 105
"../../../Engine/Content/EditorResources/EmptyActor.uexp" 106
"../../../Engine/Content/EditorResources/BSPVertex.uasset" 107
"../../../Engine/Content/EditorResources/BSPVertex.uexp" 108
"../../../Engine/Content/EditorLandscapeResources/DefaultAlphaTexture.uasset" 109
"../../../Engine/Content/EditorLandscapeResources/DefaultAlphaTexture.uexp" 110
"C:/Users/david/Documents/GitHub/saint-grail/Content/levels/cambio_1-2.uasset" 111
"C:/Users/david/Documents/GitHub/saint-grail/Content/levels/cambio_1-2.uexp" 112
"C:/Users/david/Documents/GitHub/saint-grail/Content/StarterContent/Textures/T_Fire_Tiled_D.ubulk" 113
"C:/Users/david/Documents/GitHub/saint-grail/Content/StarterContent/Textures/T_Fire_Tiled_D.uasset" 114
"C:/Users/david/Documents/GitHub/saint-grail/Content/StarterContent/Textures/T_Fire_Tiled_D.uexp" 115
"C:/Users/david/Documents/GitHub/saint-grail/Content/StarterContent/Textures/T_Fire_SubUV.ubulk" 116
"C:/Users/david/Documents/GitHub/saint-grail/Content/StarterContent/Textures/T_Fire_SubUV.uasset" 117
"C:/Users/david/Documents/GitHub/saint-grail/Content/StarterContent/Textures/T_Fire_SubUV.uexp" 118
"C:/Users/david/Documents/GitHub/saint-grail/Content/StarterContent/Particles/Materials/M_Fire_SubUV.uasset" 119
"C:/Users/david/Documents/GitHub/saint-grail/Content/StarterContent/Particles/Materials/M_Fire_SubUV.uexp" 120
"C:/Users/david/Documents/GitHub/saint-grail/Content/StarterContent/Textures/T_Smoke_SubUV.ubulk" 121
"C:/Users/david/Documents/GitHub/saint-grail/Content/StarterContent/Textures/T_Smoke_SubUV.uasset" 122
"C:/Users/david/Documents/GitHub/saint-grail/Content/StarterContent/Textures/T_Smoke_SubUV.uexp" 123
"C:/Users/david/Documents/GitHub/saint-grail/Content/StarterContent/Textures/T_Smoke_Tiled_D.ubulk" 124
"C:/Users/david/Documents/GitHub/saint-grail/Content/StarterContent/Textures/T_Smoke_Tiled_D.uasset" 125
"C:/Users/david/Documents/GitHub/saint-grail/Content/StarterContent/Textures/T_Smoke_Tiled_D.uexp" 126
"C:/Users/david/Documents/GitHub/saint-grail/Content/StarterContent/Particles/Materials/M_smoke_subUV.uasset" 127
"C:/Users/david/Documents/GitHub/saint-grail/Content/StarterContent/Particles/Materials/M_smoke_subUV.uexp" 128
"C:/Users/david/Documents/GitHub/saint-grail/Content/StarterContent/Textures/T_Water_N.ubulk" 129
"C:/Users/david/Documents/GitHub/saint-grail/Content/StarterContent/Textures/T_Water_N.uasset" 130
"C:/Users/david/Documents/GitHub/saint-grail/Content/StarterContent/Textures/T_Water_N.uexp" 131
"C:/Users/david/Documents/GitHub/saint-grail/Content/StarterContent/Particles/Materials/M_Heat_Distortion.uasset" 132
"C:/Users/david/Documents/GitHub/saint-grail/Content/StarterContent/Particles/Materials/M_Heat_Distortion.uexp" 133
"../../../Engine/Content/Functions/Engine_MaterialFunctions01/Gradient/RadialGradient.uasset" 134
"../../../Engine/Content/Functions/Engine_MaterialFunctions01/Gradient/RadialGradient.uexp" 135
"C:/Users/david/Documents/GitHub/saint-grail/Content/StarterContent/Particles/Materials/M_Radial_Gradient.uasset" 136
"C:/Users/david/Documents/GitHub/saint-grail/Content/StarterContent/Particles/Materials/M_Radial_Gradient.uexp" 137
"C:/Users/david/Documents/GitHub/saint-grail/Content/StarterContent/Particles/P_Fire.uasset" 138
"C:/Users/david/Documents/GitHub/saint-grail/Content/StarterContent/Particles/P_Fire.uexp" 139
"../../../Engine/Content/Functions/Engine_MaterialFunctions02/Utility/BreakOutFloat3Components.uasset" 140
"../../../Engine/Content/Functions/Engine_MaterialFunctions02/Utility/BreakOutFloat3Components.uexp" 141
"../../../Engine/Content/Functions/Engine_MaterialFunctions02/Math/Transform3x3Matrix.uasset" 142
"../../../Engine/Content/Functions/Engine_MaterialFunctions02/Math/Transform3x3Matrix.uexp" 143
"../../../Engine/Plugins/Interchange/Assets/Content/Utilities/New_LUT.uasset" 144
"../../../Engine/Plugins/Interchange/Assets/Content/Utilities/New_LUT.uexp" 145
"../../../Engine/Plugins/Interchange/Assets/Content/gltf/Textures/T_White_srgb.uasset" 146
"../../../Engine/Plugins/Interchange/Assets/Content/gltf/Textures/T_White_srgb.uexp" 147
"../../../Engine/Plugins/Interchange/Assets/Content/gltf/MaterialFunctions/MF_Specular.uasset" 148
"../../../Engine/Plugins/Interchange/Assets/Content/gltf/MaterialFunctions/MF_Specular.uexp" 149
"../../../Engine/Plugins/Interchange/Assets/Content/gltf/Textures/T_Anisotropy_Direction_Linear.uasset" 150
"../../../Engine/Plugins/Interchange/Assets/Content/gltf/Textures/T_Anisotropy_Direction_Linear.uexp" 151
"../../../Engine/Plugins/Interchange/Assets/Content/gltf/MaterialFunctions/MF_SpecularAnisotropy.uasset" 152
"../../../Engine/Plugins/Interchange/Assets/Content/gltf/MaterialFunctions/MF_SpecularAnisotropy.uexp" 153
"../../../Engine/Plugins/Interchange/Assets/Content/gltf/Textures/T_White_Linear.uasset" 154
"../../../Engine/Plugins/Interchange/Assets/Content/gltf/Textures/T_White_Linear.uexp" 155
"../../../Engine/Plugins/Interchange/Assets/Content/gltf/MaterialFunctions/MF_MetallicRoughness.uasset" 156
"../../../Engine/Plugins/Interchange/Assets/Content/gltf/MaterialFunctions/MF_MetallicRoughness.uexp" 157
"../../../Engine/Plugins/Interchange/Assets/Content/gltf/Textures/T_Generic_N.uasset" 158
"../../../Engine/Plugins/Interchange/Assets/Content/gltf/Textures/T_Generic_N.uexp" 159
"../../../Engine/Content/Functions/Engine_MaterialFunctions02/Utility/MakeFloat3.uasset" 160
"../../../Engine/Content/Functions/Engine_MaterialFunctions02/Utility/MakeFloat3.uexp" 161
"../../../Engine/Plugins/Interchange/Assets/Content/gltf/MaterialFunctions/MF_ScaleNormal.uasset" 162
"../../../Engine/Plugins/Interchange/Assets/Content/gltf/MaterialFunctions/MF_ScaleNormal.uexp" 163
"../../../Engine/Plugins/Interchange/Assets/Content/gltf/MaterialFunctions/MF_BaseColor.uasset" 164
"../../../Engine/Plugins/Interchange/Assets/Content/gltf/MaterialFunctions/MF_BaseColor.uexp" 165
"../../../Engine/Content/Functions/Engine_MaterialFunctions03/Math/RemapValueRange.uasset" 166
"../../../Engine/Content/Functions/Engine_MaterialFunctions03/Math/RemapValueRange.uexp" 167
"../../../Engine/Plugins/Interchange/Assets/Content/Functions/MF_Iridescence.uasset" 168
"../../../Engine/Plugins/Interchange/Assets/Content/Functions/MF_Iridescence.uexp" 169
"../../../Engine/Plugins/Interchange/Assets/Content/gltf/MaterialFunctions/MF_Iridescence.uasset" 170
"../../../Engine/Plugins/Interchange/Assets/Content/gltf/MaterialFunctions/MF_Iridescence.uexp" 171
"../../../Engine/Plugins/Interchange/Assets/Content/gltf/MaterialFunctions/MF_Occlusion.uasset" 172
"../../../Engine/Plugins/Interchange/Assets/Content/gltf/MaterialFunctions/MF_Occlusion.uexp" 173
"../../../Engine/Plugins/Interchange/Assets/Content/gltf/MaterialFunctions/MF_IOR.uasset" 174
"../../../Engine/Plugins/Interchange/Assets/Content/gltf/MaterialFunctions/MF_IOR.uexp" 175
"../../../Engine/Plugins/Interchange/Assets/Content/gltf/MaterialFunctions/MF_RotateV2.uasset" 176
"../../../Engine/Plugins/Interchange/Assets/Content/gltf/MaterialFunctions/MF_RotateV2.uexp" 177
"../../../Engine/Plugins/Interchange/Assets/Content/gltf/MaterialFunctions/MF_TransformUVs.uasset" 178
"../../../Engine/Plugins/Interchange/Assets/Content/gltf/MaterialFunctions/MF_TransformUVs.uexp" 179
"../../../Engine/Plugins/Interchange/Assets/Content/gltf/MaterialFunctions/MF_Emissive.uasset" 180
"../../../Engine/Plugins/Interchange/Assets/Content/gltf/MaterialFunctions/MF_Emissive.uexp" 181
"../../../Engine/Plugins/Interchange/Assets/Content/gltf/MaterialFunctions/MF_RotateNormals_TS.uasset" 182
"../../../Engine/Plugins/Interchange/Assets/Content/gltf/MaterialFunctions/MF_RotateNormals_TS.uexp" 183
"../../../Engine/Plugins/Interchange/Assets/Content/gltf/MaterialFunctions/MF_Normals.uasset" 184
"../../../Engine/Plugins/Interchange/Assets/Content/gltf/MaterialFunctions/MF_Normals.uexp" 185
"../../../Engine/Plugins/Interchange/Assets/Content/gltf/MaterialBodies/MF_Default_Body.uasset" 186
"../../../Engine/Plugins/Interchange/Assets/Content/gltf/MaterialBodies/MF_Default_Body.uexp" 187
"../../../Engine/Plugins/Interchange/Assets/Content/gltf/M_Default.uasset" 188
"../../../Engine/Plugins/Interchange/Assets/Content/gltf/M_Default.uexp" 189
"../../../Engine/Plugins/Interchange/Assets/Content/gltf/MaterialInstances/MI_Default_Opaque_DS.uasset" 190
"../../../Engine/Plugins/Interchange/Assets/Content/gltf/MaterialInstances/MI_Default_Opaque_DS.uexp" 191
"C:/Users/david/Documents/GitHub/saint-grail/Content/Fab/Medieval_Torch/medieval_torch_texture_0.ubulk" 192
"C:/Users/david/Documents/GitHub/saint-grail/Content/Fab/Medieval_Torch/medieval_torch_texture_0.uasset" 193
"C:/Users/david/Documents/GitHub/saint-grail/Content/Fab/Medieval_Torch/medieval_torch_texture_0.uexp" 194
"C:/Users/david/Documents/GitHub/saint-grail/Content/Fab/Medieval_Torch/medieval_torch_texture_1.ubulk" 195
"C:/Users/david/Documents/GitHub/saint-grail/Content/Fab/Medieval_Torch/medieval_torch_texture_1.uasset" 196
"C:/Users/david/Documents/GitHub/saint-grail/Content/Fab/Medieval_Torch/medieval_torch_texture_1.uexp" 197
"C:/Users/david/Documents/GitHub/saint-grail/Content/Fab/Medieval_Torch/medieval_torch_texture_2.ubulk" 198
"C:/Users/david/Documents/GitHub/saint-grail/Content/Fab/Medieval_Torch/medieval_torch_texture_2.uasset" 199
"C:/Users/david/Documents/GitHub/saint-grail/Content/Fab/Medieval_Torch/medieval_torch_texture_2.uexp" 200
"C:/Users/david/Documents/GitHub/saint-grail/Content/Fab/Medieval_Torch/Torch.uasset" 201
"C:/Users/david/Documents/GitHub/saint-grail/Content/Fab/Medieval_Torch/Torch.uexp" 202
"C:/Users/david/Documents/GitHub/saint-grail/Content/Fab/Medieval_Torch/medieval_torch.ubulk" 203
"C:/Users/david/Documents/GitHub/saint-grail/Content/Fab/Medieval_Torch/medieval_torch.uasset" 204
"C:/Users/david/Documents/GitHub/saint-grail/Content/Fab/Medieval_Torch/medieval_torch.uexp" 205
"C:/Users/david/Documents/GitHub/saint-grail/Content/StarterContent/Audio/Fire01_Cue.uasset" 206
"C:/Users/david/Documents/GitHub/saint-grail/Content/StarterContent/Audio/Fire01_Cue.uexp" 207
"C:/Users/david/Documents/GitHub/saint-grail/Content/BP/BP_Antorcha.uasset" 208
"C:/Users/david/Documents/GitHub/saint-grail/Content/BP/BP_Antorcha.uexp" 209
"../../../Engine/Plugins/Runtime/AudioWidgets/Content/Resources/ScrubHandleDown_Clamped.uasset" 210
"../../../Engine/Plugins/Runtime/AudioWidgets/Content/Resources/ScrubHandleDown_Clamped.uexp" 211
"../../../Engine/Content/EngineResources/FilmGrains/Marcie_Grain_v3_128_M2_000.uasset" 212
"../../../Engine/Content/EngineResources/FilmGrains/Marcie_Grain_v3_128_M2_000.uexp" 213
"../../../Engine/Content/EngineMaterials/LTC/Sheen_LTC.uasset" 214
"../../../Engine/Content/EngineMaterials/LTC/Sheen_LTC.uexp" 215
"../../../Engine/Content/EngineMaterials/LTC/GGX_LTCMat.uasset" 216
"../../../Engine/Content/EngineMaterials/LTC/GGX_LTCMat.uexp" 217
"../../../Engine/Content/EngineMaterials/LTC/GGX_LTCAmp.uasset" 218
"../../../Engine/Content/EngineMaterials/LTC/GGX_LTCAmp.uexp" 219
"../../../Engine/Content/EngineMaterials/EnergyConservation/Sheen_Energy.uasset" 220
"../../../Engine/Content/EngineMaterials/EnergyConservation/Sheen_Energy.uexp" 221
"../../../Engine/Content/EngineMaterials/EnergyConservation/SheenLegacy_Energy.uasset" 222
"../../../Engine/Content/EngineMaterials/EnergyConservation/SheenLegacy_Energy.uexp" 223
"../../../Engine/Content/EngineMaterials/EnergyConservation/GGX_TransmissionEnergyArray.uasset" 224
"../../../Engine/Content/EngineMaterials/EnergyConservation/GGX_TransmissionEnergyArray.uexp" 225
"../../../Engine/Content/EngineMaterials/EnergyConservation/GGX_ReflectionEnergy.uasset" 226
"../../../Engine/Content/EngineMaterials/EnergyConservation/GGX_ReflectionEnergy.uexp" 227
"../../../Engine/Content/EngineMaterials/EnergyConservation/Diffuse_Energy.uasset" 228
"../../../Engine/Content/EngineMaterials/EnergyConservation/Diffuse_Energy.uexp" 229
"../../../Engine/Content/EditorResources/SequenceRecorder/RecordingIndicator.uasset" 230
"../../../Engine/Content/EditorResources/SequenceRecorder/RecordingIndicator.uexp" 231
"../../../Engine/Content/EditorResources/SequenceRecorder/Countdown.uasset" 232
"../../../Engine/Content/EditorResources/SequenceRecorder/Countdown.uexp" 233
"../../../Engine/Content/EditorMaterials/ParticleSystems/PSysThumbnail_OOD.ubulk" 234
"../../../Engine/Content/EditorMaterials/ParticleSystems/PSysThumbnail_OOD.uasset" 235
"../../../Engine/Content/EditorMaterials/ParticleSystems/PSysThumbnail_OOD.uexp" 236
"../../../Engine/Content/EditorMaterials/ParticleSystems/PSysThumbnail_NoImage.ubulk" 237
"../../../Engine/Content/EditorMaterials/ParticleSystems/PSysThumbnail_NoImage.uasset" 238
"../../../Engine/Content/EditorMaterials/ParticleSystems/PSysThumbnail_NoImage.uexp" 239
"C:/Users/david/Documents/GitHub/saint-grail/Content/ThirdPerson/Input/Actions/IA_Sprint.uasset" 240
"C:/Users/david/Documents/GitHub/saint-grail/Content/ThirdPerson/Input/Actions/IA_Sprint.uexp" 241
"C:/Users/david/Documents/GitHub/saint-grail/Content/ThirdPerson/Input/Actions/IA_rezar.uasset" 242
"C:/Users/david/Documents/GitHub/saint-grail/Content/ThirdPerson/Input/Actions/IA_rezar.uexp" 243
"C:/Users/david/Documents/GitHub/saint-grail/Content/Characters/Khignt/sounds/the-sound-of-god-31646.ubulk" 244
"C:/Users/david/Documents/GitHub/saint-grail/Content/Characters/Khignt/sounds/the-sound-of-god-31646.uasset" 245
"C:/Users/david/Documents/GitHub/saint-grail/Content/Characters/Khignt/sounds/the-sound-of-god-31646.uexp" 246
"C:/Users/david/Documents/GitHub/saint-grail/Content/ThirdPerson/Input/Actions/IA_Jump.uasset" 247
"C:/Users/david/Documents/GitHub/saint-grail/Content/ThirdPerson/Input/Actions/IA_Jump.uexp" 248
"C:/Users/david/Documents/GitHub/saint-grail/Content/StarterContent/Audio/lilium_song.ubulk" 249
"C:/Users/david/Documents/GitHub/saint-grail/Content/StarterContent/Audio/lilium_song.uasset" 250
"C:/Users/david/Documents/GitHub/saint-grail/Content/StarterContent/Audio/lilium_song.uexp" 251
"C:/Users/david/Documents/GitHub/saint-grail/Content/Characters/Khignt/Core/HealhSystem.uasset" 252
"C:/Users/david/Documents/GitHub/saint-grail/Content/Characters/Khignt/Core/HealhSystem.uexp" 253
"C:/Users/david/Documents/GitHub/saint-grail/Content/ThirdPerson/Input/Actions/IA_Crouch.uasset" 254
"C:/Users/david/Documents/GitHub/saint-grail/Content/ThirdPerson/Input/Actions/IA_Crouch.uexp" 255
"C:/Users/david/Documents/GitHub/saint-grail/Content/ThirdPerson/Input/Actions/IA_Look.uasset" 256
"C:/Users/david/Documents/GitHub/saint-grail/Content/ThirdPerson/Input/Actions/IA_Look.uexp" 257
"C:/Users/david/Documents/GitHub/saint-grail/Content/ThirdPerson/Input/Actions/IA_Move.uasset" 258
"C:/Users/david/Documents/GitHub/saint-grail/Content/ThirdPerson/Input/Actions/IA_Move.uexp" 259
"C:/Users/david/Documents/GitHub/saint-grail/Content/ThirdPerson/Input/IMC_Default.uasset" 260
"C:/Users/david/Documents/GitHub/saint-grail/Content/ThirdPerson/Input/IMC_Default.uexp" 261
"C:/Users/david/Documents/GitHub/saint-grail/Content/Characters/Khignt/Paladin_J_Nordstrom_Skeleton.uasset" 262
"C:/Users/david/Documents/GitHub/saint-grail/Content/Characters/Khignt/Paladin_J_Nordstrom_Skeleton.uexp" 263
"../../../Engine/Plugins/Animation/ACLPlugin/Content/ACLAnimBoneCompressionSettings.uasset" 264
"../../../Engine/Plugins/Animation/ACLPlugin/Content/ACLAnimBoneCompressionSettings.uexp" 265
"../../../Engine/Content/Animation/DefaultVariableFrameStrippingSettings.uasset" 266
"../../../Engine/Content/Animation/DefaultVariableFrameStrippingSettings.uexp" 267
"../../../Engine/Plugins/Animation/ACLPlugin/Content/ACLAnimCurveCompressionSettings.uasset" 268
"../../../Engine/Plugins/Animation/ACLPlugin/Content/ACLAnimCurveCompressionSettings.uexp" 269
"C:/Users/david/Documents/GitHub/saint-grail/Content/Parkour_system/Mantle/Jump__2_.uasset" 270
"C:/Users/david/Documents/GitHub/saint-grail/Content/Parkour_system/Mantle/Jump__2_.uexp" 271
"C:/Users/david/Documents/GitHub/saint-grail/Content/Parkour_system/Mantle/AM_Mantle.uasset" 272
"C:/Users/david/Documents/GitHub/saint-grail/Content/Parkour_system/Mantle/AM_Mantle.uexp" 273
"C:/Users/david/Documents/GitHub/saint-grail/Content/Parkour_system/Mantle/Jumping.uasset" 274
"C:/Users/david/Documents/GitHub/saint-grail/Content/Parkour_system/Mantle/Jumping.uexp" 275
"C:/Users/david/Documents/GitHub/saint-grail/Content/Parkour_system/Mantle/AM_ThinVault.uasset" 276
"C:/Users/david/Documents/GitHub/saint-grail/Content/Parkour_system/Mantle/AM_ThinVault.uexp" 277
"C:/Users/david/Documents/GitHub/saint-grail/Content/Parkour_system/Mantle/Falling_To_Landing.uasset" 278
"C:/Users/david/Documents/GitHub/saint-grail/Content/Parkour_system/Mantle/Falling_To_Landing.uexp" 279
"C:/Users/david/Documents/GitHub/saint-grail/Content/Parkour_system/Mantle/AM_Vault.uasset" 280
"C:/Users/david/Documents/GitHub/saint-grail/Content/Parkour_system/Mantle/AM_Vault.uexp" 281
"../../../Engine/Content/EditorBlueprintResources/StandardMacros.uasset" 282
"../../../Engine/Content/EditorBlueprintResources/StandardMacros.uexp" 283
"C:/Users/david/Documents/GitHub/saint-grail/Content/Parkour_system/AC_Sistemaparkour.uasset" 284
"C:/Users/david/Documents/GitHub/saint-grail/Content/Parkour_system/AC_Sistemaparkour.uexp" 285
"C:/Users/david/Documents/GitHub/saint-grail/Content/Characters/Khignt/Animations1/Sword_And_Shield_Attack.uasset" 286
"C:/Users/david/Documents/GitHub/saint-grail/Content/Characters/Khignt/Animations1/Sword_And_Shield_Attack.uexp" 287
"C:/Users/david/Documents/GitHub/saint-grail/Content/Characters/Khignt/Animations1/Sword_And_Shield_Attack_Montage.uasset" 288
"C:/Users/david/Documents/GitHub/saint-grail/Content/Characters/Khignt/Animations1/Sword_And_Shield_Attack_Montage.uexp" 289
"C:/Users/david/Documents/GitHub/saint-grail/Content/Characters/Khignt/sounds/impact-6291.ubulk" 290
"C:/Users/david/Documents/GitHub/saint-grail/Content/Characters/Khignt/sounds/impact-6291.uasset" 291
"C:/Users/david/Documents/GitHub/saint-grail/Content/Characters/Khignt/sounds/impact-6291.uexp" 292
"../../../Engine/Plugins/FX/Niagara/Content/DefaultAssets/DefaultSpriteMaterial.uasset" 293
"../../../Engine/Plugins/FX/Niagara/Content/DefaultAssets/DefaultSpriteMaterial.uexp" 294
"C:/Users/david/Documents/GitHub/saint-grail/Content/DashEffect.uasset" 295
"C:/Users/david/Documents/GitHub/saint-grail/Content/DashEffect.uexp" 296
"C:/Users/david/Documents/GitHub/saint-grail/Content/Characters/Khignt/Core/BP_MyPlayerController.uasset" 297
"C:/Users/david/Documents/GitHub/saint-grail/Content/Characters/Khignt/Core/BP_MyPlayerController.uexp" 298
"C:/Users/david/Documents/GitHub/saint-grail/Content/Characters/Khignt/sounds/man-death-scream-186763.ubulk" 299
"C:/Users/david/Documents/GitHub/saint-grail/Content/Characters/Khignt/sounds/man-death-scream-186763.uasset" 300
"C:/Users/david/Documents/GitHub/saint-grail/Content/Characters/Khignt/sounds/man-death-scream-186763.uexp" 301
"C:/Users/david/Documents/GitHub/saint-grail/Content/Characters/Khignt/sounds/resurrection-of-a-game-character-153317.ubulk" 302
"C:/Users/david/Documents/GitHub/saint-grail/Content/Characters/Khignt/sounds/resurrection-of-a-game-character-153317.uasset" 303
"C:/Users/david/Documents/GitHub/saint-grail/Content/Characters/Khignt/sounds/resurrection-of-a-game-character-153317.uexp" 304
"C:/Users/david/Documents/GitHub/saint-grail/Content/Characters/Khignt/sounds/lava-death-103785.ubulk" 305
"C:/Users/david/Documents/GitHub/saint-grail/Content/Characters/Khignt/sounds/lava-death-103785.uasset" 306
"C:/Users/david/Documents/GitHub/saint-grail/Content/Characters/Khignt/sounds/lava-death-103785.uexp" 307
"C:/Users/david/Documents/GitHub/saint-grail/Content/Characters/Khignt/Animations1/Falling_Back_Death.uasset" 308
"C:/Users/david/Documents/GitHub/saint-grail/Content/Characters/Khignt/Animations1/Falling_Back_Death.uexp" 309
"C:/Users/david/Documents/GitHub/saint-grail/Content/StarterContent/Textures/T_Burst_M.ubulk" 310
"C:/Users/david/Documents/GitHub/saint-grail/Content/StarterContent/Textures/T_Burst_M.uasset" 311
"C:/Users/david/Documents/GitHub/saint-grail/Content/StarterContent/Textures/T_Burst_M.uexp" 312
"C:/Users/david/Documents/GitHub/saint-grail/Content/StarterContent/Particles/Materials/M_Burst.uasset" 313
"C:/Users/david/Documents/GitHub/saint-grail/Content/StarterContent/Particles/Materials/M_Burst.uexp" 314
"C:/Users/david/Documents/GitHub/saint-grail/Content/StarterContent/Particles/Materials/m_flare_01.uasset" 315
"C:/Users/david/Documents/GitHub/saint-grail/Content/StarterContent/Particles/Materials/m_flare_01.uexp" 316
"C:/Users/david/Documents/GitHub/saint-grail/Content/StarterContent/Textures/T_Explosion_SubUV.ubulk" 317
"C:/Users/david/Documents/GitHub/saint-grail/Content/StarterContent/Textures/T_Explosion_SubUV.uasset" 318
"C:/Users/david/Documents/GitHub/saint-grail/Content/StarterContent/Textures/T_Explosion_SubUV.uexp" 319
"C:/Users/david/Documents/GitHub/saint-grail/Content/StarterContent/Particles/Materials/M_explosion_subUV.uasset" 320
"C:/Users/david/Documents/GitHub/saint-grail/Content/StarterContent/Particles/Materials/M_explosion_subUV.uexp" 321
"C:/Users/david/Documents/GitHub/saint-grail/Content/StarterContent/Particles/Materials/M_radial_ramp.uasset" 322
"C:/Users/david/Documents/GitHub/saint-grail/Content/StarterContent/Particles/Materials/M_radial_ramp.uexp" 323
"C:/Users/david/Documents/GitHub/saint-grail/Content/StarterContent/Particles/P_Explosion.uasset" 324
"C:/Users/david/Documents/GitHub/saint-grail/Content/StarterContent/Particles/P_Explosion.uexp" 325
"C:/Users/david/Documents/GitHub/saint-grail/Content/Characters/Khignt/sounds/funny-spring-jump-277576.ubulk" 326
"C:/Users/david/Documents/GitHub/saint-grail/Content/Characters/Khignt/sounds/funny-spring-jump-277576.uasset" 327
"C:/Users/david/Documents/GitHub/saint-grail/Content/Characters/Khignt/sounds/funny-spring-jump-277576.uexp" 328
"C:/Users/david/Documents/GitHub/saint-grail/Content/Characters/Khignt/sounds/land2-43790.ubulk" 329
"C:/Users/david/Documents/GitHub/saint-grail/Content/Characters/Khignt/sounds/land2-43790.uasset" 330
"C:/Users/david/Documents/GitHub/saint-grail/Content/Characters/Khignt/sounds/land2-43790.uexp" 331
"C:/Users/david/Documents/GitHub/saint-grail/Content/Characters/Khignt/Animations1/Jump__1_.uasset" 332
"C:/Users/david/Documents/GitHub/saint-grail/Content/Characters/Khignt/Animations1/Jump__1_.uexp" 333
"C:/Users/david/Documents/GitHub/saint-grail/Content/Characters/Khignt/Animations1/Female_Locomotion_Pose.uasset" 334
"C:/Users/david/Documents/GitHub/saint-grail/Content/Characters/Khignt/Animations1/Female_Locomotion_Pose.uexp" 335
"C:/Users/david/Documents/GitHub/saint-grail/Content/Characters/Khignt/Animations1/BS_TwoJump.uasset" 336
"C:/Users/david/Documents/GitHub/saint-grail/Content/Characters/Khignt/Animations1/BS_TwoJump.uexp" 337
"C:/Users/david/Documents/GitHub/saint-grail/Content/Characters/Khignt/sounds/jumps-on-floor-63247__mp3cut_net_.ubulk" 338
"C:/Users/david/Documents/GitHub/saint-grail/Content/Characters/Khignt/sounds/jumps-on-floor-63247__mp3cut_net_.uasset" 339
"C:/Users/david/Documents/GitHub/saint-grail/Content/Characters/Khignt/sounds/jumps-on-floor-63247__mp3cut_net_.uexp" 340
"C:/Users/david/Documents/GitHub/saint-grail/Content/Characters/Khignt/Animations1/Jump.uasset" 341
"C:/Users/david/Documents/GitHub/saint-grail/Content/Characters/Khignt/Animations1/Jump.uexp" 342
"C:/Users/david/Documents/GitHub/saint-grail/Content/Characters/Khignt/Animations1/BSOneJump.uasset" 343
"C:/Users/david/Documents/GitHub/saint-grail/Content/Characters/Khignt/Animations1/BSOneJump.uexp" 344
"C:/Users/david/Documents/GitHub/saint-grail/Content/Characters/Khignt/sounds/metal-crunch-263638.ubulk" 345
"C:/Users/david/Documents/GitHub/saint-grail/Content/Characters/Khignt/sounds/metal-crunch-263638.uasset" 346
"C:/Users/david/Documents/GitHub/saint-grail/Content/Characters/Khignt/sounds/metal-crunch-263638.uexp" 347
"C:/Users/david/Documents/GitHub/saint-grail/Content/Characters/Khignt/sounds/slide-43071.ubulk" 348
"C:/Users/david/Documents/GitHub/saint-grail/Content/Characters/Khignt/sounds/slide-43071.uasset" 349
"C:/Users/david/Documents/GitHub/saint-grail/Content/Characters/Khignt/sounds/slide-43071.uexp" 350
"C:/Users/david/Documents/GitHub/saint-grail/Content/Characters/Khignt/Animations1/Fall_B_Loop.uasset" 351
"C:/Users/david/Documents/GitHub/saint-grail/Content/Characters/Khignt/Animations1/Fall_B_Loop.uexp" 352
"C:/Users/david/Documents/GitHub/saint-grail/Content/Characters/Khignt/Animations1/Praying.uasset" 353
"C:/Users/david/Documents/GitHub/saint-grail/Content/Characters/Khignt/Animations1/Praying.uexp" 354
"C:/Users/david/Documents/GitHub/saint-grail/Content/Characters/Khignt/sounds/Effects/6_.ubulk" 355
"C:/Users/david/Documents/GitHub/saint-grail/Content/Characters/Khignt/sounds/Effects/6_.uasset" 356
"C:/Users/david/Documents/GitHub/saint-grail/Content/Characters/Khignt/sounds/Effects/6_.uexp" 357
"C:/Users/david/Documents/GitHub/saint-grail/Content/Characters/Khignt/sounds/Effects/2_.ubulk" 358
"C:/Users/david/Documents/GitHub/saint-grail/Content/Characters/Khignt/sounds/Effects/2_.uasset" 359
"C:/Users/david/Documents/GitHub/saint-grail/Content/Characters/Khignt/sounds/Effects/2_.uexp" 360
"C:/Users/david/Documents/GitHub/saint-grail/Content/Characters/Khignt/sounds/Effects/3_.ubulk" 361
"C:/Users/david/Documents/GitHub/saint-grail/Content/Characters/Khignt/sounds/Effects/3_.uasset" 362
"C:/Users/david/Documents/GitHub/saint-grail/Content/Characters/Khignt/sounds/Effects/3_.uexp" 363
"C:/Users/david/Documents/GitHub/saint-grail/Content/Characters/Khignt/sounds/Effects/5_.ubulk" 364
"C:/Users/david/Documents/GitHub/saint-grail/Content/Characters/Khignt/sounds/Effects/5_.uasset" 365
"C:/Users/david/Documents/GitHub/saint-grail/Content/Characters/Khignt/sounds/Effects/5_.uexp" 366
"C:/Users/david/Documents/GitHub/saint-grail/Content/Characters/Khignt/sounds/Effects/7_.ubulk" 367
"C:/Users/david/Documents/GitHub/saint-grail/Content/Characters/Khignt/sounds/Effects/7_.uasset" 368
"C:/Users/david/Documents/GitHub/saint-grail/Content/Characters/Khignt/sounds/Effects/7_.uexp" 369
"C:/Users/david/Documents/GitHub/saint-grail/Content/Characters/Khignt/sounds/Effects/1_.ubulk" 370
"C:/Users/david/Documents/GitHub/saint-grail/Content/Characters/Khignt/sounds/Effects/1_.uasset" 371
"C:/Users/david/Documents/GitHub/saint-grail/Content/Characters/Khignt/sounds/Effects/1_.uexp" 372
"C:/Users/david/Documents/GitHub/saint-grail/Content/Characters/Khignt/sounds/Effects/4_.ubulk" 373
"C:/Users/david/Documents/GitHub/saint-grail/Content/Characters/Khignt/sounds/Effects/4_.uasset" 374
"C:/Users/david/Documents/GitHub/saint-grail/Content/Characters/Khignt/sounds/Effects/4_.uexp" 375
"C:/Users/david/Documents/GitHub/saint-grail/Content/Characters/Khignt/sounds/Effects/Pasos.uasset" 376
"C:/Users/david/Documents/GitHub/saint-grail/Content/Characters/Khignt/sounds/Effects/Pasos.uexp" 377
"C:/Users/david/Documents/GitHub/saint-grail/Content/Characters/Khignt/Animations1/Brutal_To_Happy_Walking.uasset" 378
"C:/Users/david/Documents/GitHub/saint-grail/Content/Characters/Khignt/Animations1/Brutal_To_Happy_Walking.uexp" 379
"C:/Users/david/Documents/GitHub/saint-grail/Content/Characters/Khignt/Animations1/Slow_Run.uasset" 380
"C:/Users/david/Documents/GitHub/saint-grail/Content/Characters/Khignt/Animations1/Slow_Run.uexp" 381
"C:/Users/david/Documents/GitHub/saint-grail/Content/Characters/Khignt/sounds/heavy-breathing-14431.ubulk" 382
"C:/Users/david/Documents/GitHub/saint-grail/Content/Characters/Khignt/sounds/heavy-breathing-14431.uasset" 383
"C:/Users/david/Documents/GitHub/saint-grail/Content/Characters/Khignt/sounds/heavy-breathing-14431.uexp" 384
"C:/Users/david/Documents/GitHub/saint-grail/Content/Characters/Khignt/Animations1/Idle.uasset" 385
"C:/Users/david/Documents/GitHub/saint-grail/Content/Characters/Khignt/Animations1/Idle.uexp" 386
"C:/Users/david/Documents/GitHub/saint-grail/Content/Characters/Khignt/Animations1/BSCABALLERO.uasset" 387
"C:/Users/david/Documents/GitHub/saint-grail/Content/Characters/Khignt/Animations1/BSCABALLERO.uexp" 388
"C:/Users/david/Documents/GitHub/saint-grail/Content/Characters/Khignt/Animations1/Crouch_Idle.uasset" 389
"C:/Users/david/Documents/GitHub/saint-grail/Content/Characters/Khignt/Animations1/Crouch_Idle.uexp" 390
"C:/Users/david/Documents/GitHub/saint-grail/Content/Characters/Khignt/Animations1/Crouched_Walking.uasset" 391
"C:/Users/david/Documents/GitHub/saint-grail/Content/Characters/Khignt/Animations1/Crouched_Walking.uexp" 392
"C:/Users/david/Documents/GitHub/saint-grail/Content/Characters/Khignt/Animations1/BSANIMCABAGACHADO.uasset" 393
"C:/Users/david/Documents/GitHub/saint-grail/Content/Characters/Khignt/Animations1/BSANIMCABAGACHADO.uexp" 394
"C:/Users/david/Documents/GitHub/saint-grail/Content/Characters/Khignt/Animations1/Jump__1__Montage.uasset" 395
"C:/Users/david/Documents/GitHub/saint-grail/Content/Characters/Khignt/Animations1/Jump__1__Montage.uexp" 396
"C:/Users/david/Documents/GitHub/saint-grail/Content/Characters/Khignt/Animations1/BPANIMCAB.uasset" 397
"C:/Users/david/Documents/GitHub/saint-grail/Content/Characters/Khignt/Animations1/BPANIMCAB.uexp" 398
"C:/Users/david/Documents/GitHub/saint-grail/Content/Characters/Khignt/Paladin_specular.ubulk" 399
"C:/Users/david/Documents/GitHub/saint-grail/Content/Characters/Khignt/Paladin_specular.uasset" 400
"C:/Users/david/Documents/GitHub/saint-grail/Content/Characters/Khignt/Paladin_specular.uexp" 401
"C:/Users/david/Documents/GitHub/saint-grail/Content/Characters/Khignt/Paladin_normal.ubulk" 402
"C:/Users/david/Documents/GitHub/saint-grail/Content/Characters/Khignt/Paladin_normal.uasset" 403
"C:/Users/david/Documents/GitHub/saint-grail/Content/Characters/Khignt/Paladin_normal.uexp" 404
"../../../Engine/Plugins/Interchange/Assets/Content/Functions/MF_PhongToMetalRoughness.uasset" 405
"../../../Engine/Plugins/Interchange/Assets/Content/Functions/MF_PhongToMetalRoughness.uexp" 406
"C:/Users/david/Documents/GitHub/saint-grail/Content/Characters/Khignt/Paladin_diffuse.ubulk" 407
"C:/Users/david/Documents/GitHub/saint-grail/Content/Characters/Khignt/Paladin_diffuse.uasset" 408
"C:/Users/david/Documents/GitHub/saint-grail/Content/Characters/Khignt/Paladin_diffuse.uexp" 409
"C:/Users/david/Documents/GitHub/saint-grail/Content/Characters/Khignt/Paladin_MAT.uasset" 410
"C:/Users/david/Documents/GitHub/saint-grail/Content/Characters/Khignt/Paladin_MAT.uexp" 411
"C:/Users/david/Documents/GitHub/saint-grail/Content/Characters/Khignt/Paladin_J_Nordstrom_PhysicsAsset.uasset" 412
"C:/Users/david/Documents/GitHub/saint-grail/Content/Characters/Khignt/Paladin_J_Nordstrom_PhysicsAsset.uexp" 413
"C:/Users/david/Documents/GitHub/saint-grail/Content/Characters/Khignt/Paladin_J_Nordstrom.uasset" 414
"C:/Users/david/Documents/GitHub/saint-grail/Content/Characters/Khignt/Paladin_J_Nordstrom.uexp" 415
"C:/Users/david/Documents/GitHub/saint-grail/Content/Characters/Khignt/Core/BPCaballero.uasset" 416
"C:/Users/david/Documents/GitHub/saint-grail/Content/Characters/Khignt/Core/BPCaballero.uexp" 417
"C:/Users/david/Documents/GitHub/saint-grail/Content/ThirdPerson/Blueprints/BP_ThirdPersonGameMode.uasset" 418
"C:/Users/david/Documents/GitHub/saint-grail/Content/ThirdPerson/Blueprints/BP_ThirdPersonGameMode.uexp" 419
"C:/Users/david/Documents/GitHub/saint-grail/Content/Characters/Mannequins/Meshes/SK_Mannequin.uasset" 420
"C:/Users/david/Documents/GitHub/saint-grail/Content/Characters/Mannequins/Meshes/SK_Mannequin.uexp" 421
"../../../Engine/Content/Animation/DefaultAnimCurveCompressionSettings.uasset" 422
"../../../Engine/Content/Animation/DefaultAnimCurveCompressionSettings.uexp" 423
"../../../Engine/Content/Animation/DefaultAnimBoneCompressionSettings.uasset" 424
"../../../Engine/Content/Animation/DefaultAnimBoneCompressionSettings.uexp" 425
"C:/Users/david/Documents/GitHub/saint-grail/Content/Characters/Mannequins/Animations/Quinn/MF_Run_Fwd.uasset" 426
"C:/Users/david/Documents/GitHub/saint-grail/Content/Characters/Mannequins/Animations/Quinn/MF_Run_Fwd.uexp" 427
"C:/Users/david/Documents/GitHub/saint-grail/Content/Characters/Mannequins/Animations/Quinn/MF_Walk_Fwd.uasset" 428
"C:/Users/david/Documents/GitHub/saint-grail/Content/Characters/Mannequins/Animations/Quinn/MF_Walk_Fwd.uexp" 429
"../../../Engine/Content/Animation/DefaultRecorderBoneCompression.uasset" 430
"../../../Engine/Content/Animation/DefaultRecorderBoneCompression.uexp" 431
"C:/Users/david/Documents/GitHub/saint-grail/Content/Characters/Mannequins/Animations/Manny/MM_Walk_InPlace.uasset" 432
"C:/Users/david/Documents/GitHub/saint-grail/Content/Characters/Mannequins/Animations/Manny/MM_Walk_InPlace.uexp" 433
"C:/Users/david/Documents/GitHub/saint-grail/Content/Characters/Mannequins/Animations/Quinn/BS_MF_Unarmed_WalkRun.uasset" 434
"C:/Users/david/Documents/GitHub/saint-grail/Content/Characters/Mannequins/Animations/Quinn/BS_MF_Unarmed_WalkRun.uexp" 435
"C:/Users/david/Documents/GitHub/saint-grail/Content/Characters/Mannequins/Animations/Quinn/MF_Idle.uasset" 436
"C:/Users/david/Documents/GitHub/saint-grail/Content/Characters/Mannequins/Animations/Quinn/MF_Idle.uexp" 437
"C:/Users/david/Documents/GitHub/saint-grail/Content/Characters/Mannequins/Animations/Manny/MM_Fall_Loop.uasset" 438
"C:/Users/david/Documents/GitHub/saint-grail/Content/Characters/Mannequins/Animations/Manny/MM_Fall_Loop.uexp" 439
"C:/Users/david/Documents/GitHub/saint-grail/Content/Characters/Mannequins/Animations/Manny/MM_Jump.uasset" 440
"C:/Users/david/Documents/GitHub/saint-grail/Content/Characters/Mannequins/Animations/Manny/MM_Jump.uexp" 441
"../../../Engine/Plugins/Animation/ControlRig/Content/Controls/DefaultGizmoLibrary.uasset" 442
"../../../Engine/Plugins/Animation/ControlRig/Content/Controls/DefaultGizmoLibrary.uexp" 443
"C:/Users/david/Documents/GitHub/saint-grail/Content/Characters/Mannequins/Rigs/CR_Mannequin_BasicFootIK.uasset" 444
"C:/Users/david/Documents/GitHub/saint-grail/Content/Characters/Mannequins/Rigs/CR_Mannequin_BasicFootIK.uexp" 445
"C:/Users/david/Documents/GitHub/saint-grail/Content/Characters/Mannequins/Animations/Manny/MM_Run_Fwd.uasset" 446
"C:/Users/david/Documents/GitHub/saint-grail/Content/Characters/Mannequins/Animations/Manny/MM_Run_Fwd.uexp" 447
"C:/Users/david/Documents/GitHub/saint-grail/Content/Characters/Mannequins/Animations/Manny/MM_Walk_Fwd.uasset" 448
"C:/Users/david/Documents/GitHub/saint-grail/Content/Characters/Mannequins/Animations/Manny/MM_Walk_Fwd.uexp" 449
"C:/Users/david/Documents/GitHub/saint-grail/Content/Characters/Mannequins/Animations/Manny/BS_MM_WalkRun.uasset" 450
"C:/Users/david/Documents/GitHub/saint-grail/Content/Characters/Mannequins/Animations/Manny/BS_MM_WalkRun.uexp" 451
"C:/Users/david/Documents/GitHub/saint-grail/Content/Characters/Mannequins/Animations/Manny/MM_Land.uasset" 452
"C:/Users/david/Documents/GitHub/saint-grail/Content/Characters/Mannequins/Animations/Manny/MM_Land.uexp" 453
"C:/Users/david/Documents/GitHub/saint-grail/Content/Characters/Mannequins/Animations/Manny/MM_Idle.uasset" 454
"C:/Users/david/Documents/GitHub/saint-grail/Content/Characters/Mannequins/Animations/Manny/MM_Idle.uexp" 455
"C:/Users/david/Documents/GitHub/saint-grail/Content/Characters/Mannequins/Animations/ABP_Manny.uasset" 456
"C:/Users/david/Documents/GitHub/saint-grail/Content/Characters/Mannequins/Animations/ABP_Manny.uexp" 457
"C:/Users/david/Documents/GitHub/saint-grail/Content/Characters/Mannequins/Animations/ABP_Quinn.uasset" 458
"C:/Users/david/Documents/GitHub/saint-grail/Content/Characters/Mannequins/Animations/ABP_Quinn.uexp" 459
"C:/Users/david/Documents/GitHub/saint-grail/Content/Characters/Mannequins/Textures/Manny/T_Manny_02_MSR_MSK.ubulk" 460
"C:/Users/david/Documents/GitHub/saint-grail/Content/Characters/Mannequins/Textures/Manny/T_Manny_02_MSR_MSK.uasset" 461
"C:/Users/david/Documents/GitHub/saint-grail/Content/Characters/Mannequins/Textures/Manny/T_Manny_02_MSR_MSK.uexp" 462
"C:/Users/david/Documents/GitHub/saint-grail/Content/Characters/Mannequins/Textures/Manny/T_Manny_02_CCRCCPlastic_MSK.ubulk" 463
"C:/Users/david/Documents/GitHub/saint-grail/Content/Characters/Mannequins/Textures/Manny/T_Manny_02_CCRCCPlastic_MSK.uasset" 464
"C:/Users/david/Documents/GitHub/saint-grail/Content/Characters/Mannequins/Textures/Manny/T_Manny_02_CCRCCPlastic_MSK.uexp" 465
"C:/Users/david/Documents/GitHub/saint-grail/Content/Characters/Mannequins/Textures/Manny/T_Manny_02_Tan.ubulk" 466
"C:/Users/david/Documents/GitHub/saint-grail/Content/Characters/Mannequins/Textures/Manny/T_Manny_02_Tan.uasset" 467
"C:/Users/david/Documents/GitHub/saint-grail/Content/Characters/Mannequins/Textures/Manny/T_Manny_02_Tan.uexp" 468
"C:/Users/david/Documents/GitHub/saint-grail/Content/Characters/Mannequins/Textures/Manny/T_Manny_02_N.ubulk" 469
"C:/Users/david/Documents/GitHub/saint-grail/Content/Characters/Mannequins/Textures/Manny/T_Manny_02_N.uasset" 470
"C:/Users/david/Documents/GitHub/saint-grail/Content/Characters/Mannequins/Textures/Manny/T_Manny_02_N.uexp" 471
"C:/Users/david/Documents/GitHub/saint-grail/Content/Characters/Mannequins/Textures/Manny/T_Manny_01_N.ubulk" 472
"C:/Users/david/Documents/GitHub/saint-grail/Content/Characters/Mannequins/Textures/Manny/T_Manny_01_N.uasset" 473
"C:/Users/david/Documents/GitHub/saint-grail/Content/Characters/Mannequins/Textures/Manny/T_Manny_01_N.uexp" 474
"C:/Users/david/Documents/GitHub/saint-grail/Content/Characters/Mannequins/Materials/Functions/ChromaticCurve.uasset" 475
"C:/Users/david/Documents/GitHub/saint-grail/Content/Characters/Mannequins/Materials/Functions/ChromaticCurve.uexp" 476
"C:/Users/david/Documents/GitHub/saint-grail/Content/Characters/Mannequins/Materials/Functions/CA_Mannequin.uasset" 477
"C:/Users/david/Documents/GitHub/saint-grail/Content/Characters/Mannequins/Materials/Functions/CA_Mannequin.uexp" 478
"C:/Users/david/Documents/GitHub/saint-grail/Content/Characters/Mannequins/Materials/Functions/MF_Diffraction.uasset" 479
"C:/Users/david/Documents/GitHub/saint-grail/Content/Characters/Mannequins/Materials/Functions/MF_Diffraction.uexp" 480
"C:/Users/david/Documents/GitHub/saint-grail/Content/Characters/Mannequins/Materials/Functions/ML_BaseColorFallOff.uasset" 481
"C:/Users/david/Documents/GitHub/saint-grail/Content/Characters/Mannequins/Materials/Functions/ML_BaseColorFallOff.uexp" 482
"../../../Engine/Content/Functions/Engine_MaterialFunctions02/Utility/BreakOutFloat2Components.uasset" 483
"../../../Engine/Content/Functions/Engine_MaterialFunctions02/Utility/BreakOutFloat2Components.uexp" 484
"../../../Engine/Content/Functions/Engine_MaterialFunctions01/Texturing/ScaleUVsByCenter.uasset" 485
"../../../Engine/Content/Functions/Engine_MaterialFunctions01/Texturing/ScaleUVsByCenter.uexp" 486
"C:/Users/david/Documents/GitHub/saint-grail/Content/Characters/Mannequins/Textures/Shared/T_UE_Logo_M.uasset" 487
"C:/Users/david/Documents/GitHub/saint-grail/Content/Characters/Mannequins/Textures/Shared/T_UE_Logo_M.uexp" 488
"C:/Users/david/Documents/GitHub/saint-grail/Content/Characters/Mannequins/Materials/Functions/MF_logo3layers.uasset" 489
"C:/Users/david/Documents/GitHub/saint-grail/Content/Characters/Mannequins/Materials/Functions/MF_logo3layers.uexp" 490
"C:/Users/david/Documents/GitHub/saint-grail/Content/Characters/Mannequins/Textures/Manny/T_Manny_01_CCRCCPlastic_MSK.ubulk" 491
"C:/Users/david/Documents/GitHub/saint-grail/Content/Characters/Mannequins/Textures/Manny/T_Manny_01_CCRCCPlastic_MSK.uasset" 492
"C:/Users/david/Documents/GitHub/saint-grail/Content/Characters/Mannequins/Textures/Manny/T_Manny_01_CCRCCPlastic_MSK.uexp" 493
"C:/Users/david/Documents/GitHub/saint-grail/Content/Characters/Mannequins/Textures/Manny/T_Manny_01_ASAOPMASK_MSK.ubulk" 494
"C:/Users/david/Documents/GitHub/saint-grail/Content/Characters/Mannequins/Textures/Manny/T_Manny_01_ASAOPMASK_MSK.uasset" 495
"C:/Users/david/Documents/GitHub/saint-grail/Content/Characters/Mannequins/Textures/Manny/T_Manny_01_ASAOPMASK_MSK.uexp" 496
"C:/Users/david/Documents/GitHub/saint-grail/Content/Characters/Mannequins/Textures/Manny/T_Manny_01_MSR_MSK.ubulk" 497
"C:/Users/david/Documents/GitHub/saint-grail/Content/Characters/Mannequins/Textures/Manny/T_Manny_01_MSR_MSK.uasset" 498
"C:/Users/david/Documents/GitHub/saint-grail/Content/Characters/Mannequins/Textures/Manny/T_Manny_01_MSR_MSK.uexp" 499
"C:/Users/david/Documents/GitHub/saint-grail/Content/Characters/Mannequins/Textures/Manny/T_Manny_01_BN.ubulk" 500
"C:/Users/david/Documents/GitHub/saint-grail/Content/Characters/Mannequins/Textures/Manny/T_Manny_01_BN.uasset" 501
"C:/Users/david/Documents/GitHub/saint-grail/Content/Characters/Mannequins/Textures/Manny/T_Manny_01_BN.uexp" 502
"C:/Users/david/Documents/GitHub/saint-grail/Content/Characters/Mannequins/Textures/Manny/T_Manny_01_D.ubulk" 503
"C:/Users/david/Documents/GitHub/saint-grail/Content/Characters/Mannequins/Textures/Manny/T_Manny_01_D.uasset" 504
"C:/Users/david/Documents/GitHub/saint-grail/Content/Characters/Mannequins/Textures/Manny/T_Manny_01_D.uexp" 505
"C:/Users/david/Documents/GitHub/saint-grail/Content/Characters/Mannequins/Textures/Manny/T_Manny_01_Tan.ubulk" 506
"C:/Users/david/Documents/GitHub/saint-grail/Content/Characters/Mannequins/Textures/Manny/T_Manny_01_Tan.uasset" 507
"C:/Users/david/Documents/GitHub/saint-grail/Content/Characters/Mannequins/Textures/Manny/T_Manny_01_Tan.uexp" 508
"C:/Users/david/Documents/GitHub/saint-grail/Content/Characters/Mannequins/Materials/M_Mannequin.uasset" 509
"C:/Users/david/Documents/GitHub/saint-grail/Content/Characters/Mannequins/Materials/M_Mannequin.uexp" 510
"C:/Users/david/Documents/GitHub/saint-grail/Content/Characters/Mannequins/Materials/Instances/Manny/MI_Manny_01.uasset" 511
"C:/Users/david/Documents/GitHub/saint-grail/Content/Characters/Mannequins/Materials/Instances/Manny/MI_Manny_01.uexp" 512
"C:/Users/david/Documents/GitHub/saint-grail/Content/Characters/Mannequins/Textures/Manny/T_Manny_02_BN.ubulk" 513
"C:/Users/david/Documents/GitHub/saint-grail/Content/Characters/Mannequins/Textures/Manny/T_Manny_02_BN.uasset" 514
"C:/Users/david/Documents/GitHub/saint-grail/Content/Characters/Mannequins/Textures/Manny/T_Manny_02_BN.uexp" 515
"C:/Users/david/Documents/GitHub/saint-grail/Content/Characters/Mannequins/Textures/Manny/T_Manny_02_ASAOPMASK_MSK.ubulk" 516
"C:/Users/david/Documents/GitHub/saint-grail/Content/Characters/Mannequins/Textures/Manny/T_Manny_02_ASAOPMASK_MSK.uasset" 517
"C:/Users/david/Documents/GitHub/saint-grail/Content/Characters/Mannequins/Textures/Manny/T_Manny_02_ASAOPMASK_MSK.uexp" 518
"C:/Users/david/Documents/GitHub/saint-grail/Content/Characters/Mannequins/Textures/Manny/T_Manny_02_D.ubulk" 519
"C:/Users/david/Documents/GitHub/saint-grail/Content/Characters/Mannequins/Textures/Manny/T_Manny_02_D.uasset" 520
"C:/Users/david/Documents/GitHub/saint-grail/Content/Characters/Mannequins/Textures/Manny/T_Manny_02_D.uexp" 521
"C:/Users/david/Documents/GitHub/saint-grail/Content/Characters/Mannequins/Materials/Instances/Manny/MI_Manny_02.uasset" 522
"C:/Users/david/Documents/GitHub/saint-grail/Content/Characters/Mannequins/Materials/Instances/Manny/MI_Manny_02.uexp" 523
"C:/Users/david/Documents/GitHub/saint-grail/Content/Characters/Mannequins/Rigs/PA_Mannequin.uasset" 524
"C:/Users/david/Documents/GitHub/saint-grail/Content/Characters/Mannequins/Rigs/PA_Mannequin.uexp" 525
"C:/Users/david/Documents/GitHub/saint-grail/Content/Characters/Mannequins/Meshes/SKM_Manny_Simple.uasset" 526
"C:/Users/david/Documents/GitHub/saint-grail/Content/Characters/Mannequins/Meshes/SKM_Manny_Simple.uexp" 527
"C:/Users/david/Documents/GitHub/saint-grail/Content/ThirdPerson/Blueprints/BP_ThirdPersonCharacter.uasset" 528
"C:/Users/david/Documents/GitHub/saint-grail/Content/ThirdPerson/Blueprints/BP_ThirdPersonCharacter.uexp" 529
"../../../Engine/Content/EngineMaterials/T_Default_Material_Grid_M.ubulk" 530
"../../../Engine/Content/EngineMaterials/T_Default_Material_Grid_M.uasset" 531
"../../../Engine/Content/EngineMaterials/T_Default_Material_Grid_M.uexp" 532
"../../../Engine/Content/EngineMaterials/T_Default_Material_Grid_N.ubulk" 533
"../../../Engine/Content/EngineMaterials/T_Default_Material_Grid_N.uasset" 534
"../../../Engine/Content/EngineMaterials/T_Default_Material_Grid_N.uexp" 535
"../../../Engine/Content/Functions/Engine_MaterialFunctions01/Opacity/CameraDepthFade.uasset" 536
"../../../Engine/Content/Functions/Engine_MaterialFunctions01/Opacity/CameraDepthFade.uexp" 537
"../../../Engine/Content/EngineMaterials/WorldGridMaterial.uasset" 538
"../../../Engine/Content/EngineMaterials/WorldGridMaterial.uexp" 539
"../../../Engine/Content/BasicShapes/Cube.ubulk" 540
"../../../Engine/Content/BasicShapes/Cube.uasset" 541
"../../../Engine/Content/BasicShapes/Cube.uexp" 542
"C:/Users/david/Documents/GitHub/saint-grail/Content/StarterContent/Textures/T_Brick_Clay_Old_N.ubulk" 543
"C:/Users/david/Documents/GitHub/saint-grail/Content/StarterContent/Textures/T_Brick_Clay_Old_N.uasset" 544
"C:/Users/david/Documents/GitHub/saint-grail/Content/StarterContent/Textures/T_Brick_Clay_Old_N.uexp" 545
"C:/Users/david/Documents/GitHub/saint-grail/Content/StarterContent/Textures/T_Perlin_Noise_M.ubulk" 546
"C:/Users/david/Documents/GitHub/saint-grail/Content/StarterContent/Textures/T_Perlin_Noise_M.uasset" 547
"C:/Users/david/Documents/GitHub/saint-grail/Content/StarterContent/Textures/T_Perlin_Noise_M.uexp" 548
"C:/Users/david/Documents/GitHub/saint-grail/Content/StarterContent/Textures/T_MacroVariation.uasset" 549
"C:/Users/david/Documents/GitHub/saint-grail/Content/StarterContent/Textures/T_MacroVariation.uexp" 550
"C:/Users/david/Documents/GitHub/saint-grail/Content/StarterContent/Textures/T_Brick_Clay_Old_D.ubulk" 551
"C:/Users/david/Documents/GitHub/saint-grail/Content/StarterContent/Textures/T_Brick_Clay_Old_D.uasset" 552
"C:/Users/david/Documents/GitHub/saint-grail/Content/StarterContent/Textures/T_Brick_Clay_Old_D.uexp" 553
"C:/Users/david/Documents/GitHub/saint-grail/Content/StarterContent/Materials/M_Brick_Clay_Old.uasset" 554
"C:/Users/david/Documents/GitHub/saint-grail/Content/StarterContent/Materials/M_Brick_Clay_Old.uexp" 555
"C:/Users/david/Documents/GitHub/saint-grail/Content/BP/BP_Plataforma_rotada.uasset" 556
"C:/Users/david/Documents/GitHub/saint-grail/Content/BP/BP_Plataforma_rotada.uexp" 557
"../../../Engine/Content/EngineMaterials/DefaultMaterial.uasset" 558
"../../../Engine/Content/EngineMaterials/DefaultMaterial.uexp" 559
"../../../Engine/Content/BasicShapes/Cylinder.ubulk" 560
"../../../Engine/Content/BasicShapes/Cylinder.uasset" 561
"../../../Engine/Content/BasicShapes/Cylinder.uexp" 562
"C:/Users/david/Documents/GitHub/saint-grail/Content/BP/BP_Plataforma_Horizontal.uasset" 563
"C:/Users/david/Documents/GitHub/saint-grail/Content/BP/BP_Plataforma_Horizontal.uexp" 564
"C:/Users/david/Documents/GitHub/saint-grail/Content/StarterContent/Audio/Explosion_Cue.uasset" 565
"C:/Users/david/Documents/GitHub/saint-grail/Content/StarterContent/Audio/Explosion_Cue.uexp" 566
"C:/Users/david/Documents/GitHub/saint-grail/Content/StarterContent/Blueprints/Blueprint_Effect_Explosion.uasset" 567
"C:/Users/david/Documents/GitHub/saint-grail/Content/StarterContent/Blueprints/Blueprint_Effect_Explosion.uexp" 568
"C:/Users/david/Documents/GitHub/saint-grail/Content/Characters/Khignt/sounds/scream-85294.ubulk" 569
"C:/Users/david/Documents/GitHub/saint-grail/Content/Characters/Khignt/sounds/scream-85294.uasset" 570
"C:/Users/david/Documents/GitHub/saint-grail/Content/Characters/Khignt/sounds/scream-85294.uexp" 571
"C:/Users/david/Documents/GitHub/saint-grail/Content/Characters/Khignt/sounds/reloaded-145002.ubulk" 572
"C:/Users/david/Documents/GitHub/saint-grail/Content/Characters/Khignt/sounds/reloaded-145002.uasset" 573
"C:/Users/david/Documents/GitHub/saint-grail/Content/Characters/Khignt/sounds/reloaded-145002.uexp" 574
"C:/Users/david/Documents/GitHub/saint-grail/Content/Characters/Khignt/sounds/metal-pipe-230698__mp3cut_net_.ubulk" 575
"C:/Users/david/Documents/GitHub/saint-grail/Content/Characters/Khignt/sounds/metal-pipe-230698__mp3cut_net_.uasset" 576
"C:/Users/david/Documents/GitHub/saint-grail/Content/Characters/Khignt/sounds/metal-pipe-230698__mp3cut_net_.uexp" 577
"C:/Users/david/Documents/GitHub/saint-grail/Content/Characters/Khignt/sounds/metal-pipe-230698.ubulk" 578
"C:/Users/david/Documents/GitHub/saint-grail/Content/Characters/Khignt/sounds/metal-pipe-230698.uasset" 579
"C:/Users/david/Documents/GitHub/saint-grail/Content/Characters/Khignt/sounds/metal-pipe-230698.uexp" 580
"C:/Users/david/Documents/GitHub/saint-grail/Content/Characters/Khignt/Core/BP_MyHud.uasset" 581
"C:/Users/david/Documents/GitHub/saint-grail/Content/Characters/Khignt/Core/BP_MyHud.uexp" 582
"C:/Users/david/Documents/GitHub/saint-grail/Content/Characters/Khignt/Core/BP_MyGameInstance.uasset" 583
"C:/Users/david/Documents/GitHub/saint-grail/Content/Characters/Khignt/Core/BP_MyGameInstance.uexp" 584
"C:/Users/david/Documents/GitHub/saint-grail/Content/Fab/Megascans/3D/Nordic_Beach_Rocks_ulznddxva/Medium/T_ulznddxva_2K_F.ubulk" 585
"C:/Users/david/Documents/GitHub/saint-grail/Content/Fab/Megascans/3D/Nordic_Beach_Rocks_ulznddxva/Medium/T_ulznddxva_2K_F.uasset" 586
"C:/Users/david/Documents/GitHub/saint-grail/Content/Fab/Megascans/3D/Nordic_Beach_Rocks_ulznddxva/Medium/T_ulznddxva_2K_F.uexp" 587
"../../../Engine/Content/EngineResources/DefaultTextureCube.uasset" 588
"../../../Engine/Content/EngineResources/DefaultTextureCube.uexp" 589
"../../../Engine/Content/EngineResources/DefaultVolumeTexture2D.uasset" 590
"../../../Engine/Content/EngineResources/DefaultVolumeTexture2D.uexp" 591
"../../../Engine/Content/EngineResources/DefaultVolumeTexture.uasset" 592
"../../../Engine/Content/EngineResources/DefaultVolumeTexture.uexp" 593
"../../../Engine/Content/Functions/Engine_MaterialFunctions01/Shading/PowerToRoughness.uasset" 594
"../../../Engine/Content/Functions/Engine_MaterialFunctions01/Shading/PowerToRoughness.uexp" 595
"../../../Engine/Content/Functions/Engine_MaterialFunctions01/Shading/ConvertFromDiffSpec.uasset" 596
"../../../Engine/Content/Functions/Engine_MaterialFunctions01/Shading/ConvertFromDiffSpec.uexp" 597
"../../../Engine/Content/EngineMaterials/Substrate/Volume/SubstrateSimpleVolumeLUT3D.uasset" 598
"../../../Engine/Content/EngineMaterials/Substrate/Volume/SubstrateSimpleVolumeLUT3D.uexp" 599
"../../../Engine/Content/EngineMaterials/Substrate/Volume/SubstrateSimpleVolumeEnvLUT3D.uasset" 600
"../../../Engine/Content/EngineMaterials/Substrate/Volume/SubstrateSimpleVolumeEnvLUT3D.uexp" 601
"C:/Users/david/Documents/GitHub/saint-grail/Content/Characters/Khignt/sounds/armor-hit-soft-01-266303.ubulk" 602
"C:/Users/david/Documents/GitHub/saint-grail/Content/Characters/Khignt/sounds/armor-hit-soft-01-266303.uasset" 603
"C:/Users/david/Documents/GitHub/saint-grail/Content/Characters/Khignt/sounds/armor-hit-soft-01-266303.uexp" 604
"C:/Users/david/Documents/GitHub/saint-grail/Content/Characters/Khignt/sounds/colision-pie-con-armadura-79907.ubulk" 605
"C:/Users/david/Documents/GitHub/saint-grail/Content/Characters/Khignt/sounds/colision-pie-con-armadura-79907.uasset" 606
"C:/Users/david/Documents/GitHub/saint-grail/Content/Characters/Khignt/sounds/colision-pie-con-armadura-79907.uexp" 607
"C:/Users/david/Documents/GitHub/saint-grail/Content/Characters/Khignt/sounds/jumping-up-on-ledge-84640.ubulk" 608
"C:/Users/david/Documents/GitHub/saint-grail/Content/Characters/Khignt/sounds/jumping-up-on-ledge-84640.uasset" 609
"C:/Users/david/Documents/GitHub/saint-grail/Content/Characters/Khignt/sounds/jumping-up-on-ledge-84640.uexp" 610
"C:/Users/david/Documents/GitHub/saint-grail/Content/Characters/Khignt/sounds/quick-double-swish-sfx-230502.ubulk" 611
"C:/Users/david/Documents/GitHub/saint-grail/Content/Characters/Khignt/sounds/quick-double-swish-sfx-230502.uasset" 612
"C:/Users/david/Documents/GitHub/saint-grail/Content/Characters/Khignt/sounds/quick-double-swish-sfx-230502.uexp" 613
"C:/Users/david/Documents/GitHub/saint-grail/Content/StarterContent/Audio/Collapse01.ubulk" 614
"C:/Users/david/Documents/GitHub/saint-grail/Content/StarterContent/Audio/Collapse01.uasset" 615
"C:/Users/david/Documents/GitHub/saint-grail/Content/StarterContent/Audio/Collapse01.uexp" 616
"C:/Users/david/Documents/GitHub/saint-grail/Content/StarterContent/Audio/Collapse02.ubulk" 617
"C:/Users/david/Documents/GitHub/saint-grail/Content/StarterContent/Audio/Collapse02.uasset" 618
"C:/Users/david/Documents/GitHub/saint-grail/Content/StarterContent/Audio/Collapse02.uexp" 619
"C:/Users/david/Documents/GitHub/saint-grail/Content/StarterContent/Audio/Explosion01.ubulk" 620
"C:/Users/david/Documents/GitHub/saint-grail/Content/StarterContent/Audio/Explosion01.uasset" 621
"C:/Users/david/Documents/GitHub/saint-grail/Content/StarterContent/Audio/Explosion01.uexp" 622
"C:/Users/david/Documents/GitHub/saint-grail/Content/StarterContent/Audio/Explosion02.ubulk" 623
"C:/Users/david/Documents/GitHub/saint-grail/Content/StarterContent/Audio/Explosion02.uasset" 624
"C:/Users/david/Documents/GitHub/saint-grail/Content/StarterContent/Audio/Explosion02.uexp" 625
"C:/Users/david/Documents/GitHub/saint-grail/Content/StarterContent/Audio/Fire01.ubulk" 626
"C:/Users/david/Documents/GitHub/saint-grail/Content/StarterContent/Audio/Fire01.uasset" 627
"C:/Users/david/Documents/GitHub/saint-grail/Content/StarterContent/Audio/Fire01.uexp" 628
"C:/Users/david/Documents/GitHub/saint-grail/Content/StarterContent/Audio/Fire_Sparks01.ubulk" 629
"C:/Users/david/Documents/GitHub/saint-grail/Content/StarterContent/Audio/Fire_Sparks01.uasset" 630
"C:/Users/david/Documents/GitHub/saint-grail/Content/StarterContent/Audio/Fire_Sparks01.uexp" 631
"C:/Users/david/Documents/GitHub/saint-grail/Content/StarterContent/Audio/Light01.ubulk" 632
"C:/Users/david/Documents/GitHub/saint-grail/Content/StarterContent/Audio/Light01.uasset" 633
"C:/Users/david/Documents/GitHub/saint-grail/Content/StarterContent/Audio/Light01.uexp" 634
"C:/Users/david/Documents/GitHub/saint-grail/Content/StarterContent/Audio/Light02.ubulk" 635
"C:/Users/david/Documents/GitHub/saint-grail/Content/StarterContent/Audio/Light02.uasset" 636
"C:/Users/david/Documents/GitHub/saint-grail/Content/StarterContent/Audio/Light02.uexp" 637
"C:/Users/david/Documents/GitHub/saint-grail/Content/StarterContent/Audio/Smoke01.ubulk" 638
"C:/Users/david/Documents/GitHub/saint-grail/Content/StarterContent/Audio/Smoke01.uasset" 639
"C:/Users/david/Documents/GitHub/saint-grail/Content/StarterContent/Audio/Smoke01.uexp" 640
"C:/Users/david/Documents/GitHub/saint-grail/Content/StarterContent/Audio/Starter_Birds01.ubulk" 641
"C:/Users/david/Documents/GitHub/saint-grail/Content/StarterContent/Audio/Starter_Birds01.uasset" 642
"C:/Users/david/Documents/GitHub/saint-grail/Content/StarterContent/Audio/Starter_Birds01.uexp" 643
"C:/Users/david/Documents/GitHub/saint-grail/Content/StarterContent/Audio/Starter_Music01.ubulk" 644
"C:/Users/david/Documents/GitHub/saint-grail/Content/StarterContent/Audio/Starter_Music01.uasset" 645
"C:/Users/david/Documents/GitHub/saint-grail/Content/StarterContent/Audio/Starter_Music01.uexp" 646
"C:/Users/david/Documents/GitHub/saint-grail/Content/StarterContent/Audio/Starter_Wind05.ubulk" 647
"C:/Users/david/Documents/GitHub/saint-grail/Content/StarterContent/Audio/Starter_Wind05.uasset" 648
"C:/Users/david/Documents/GitHub/saint-grail/Content/StarterContent/Audio/Starter_Wind05.uexp" 649
"C:/Users/david/Documents/GitHub/saint-grail/Content/StarterContent/Audio/Starter_Wind06.ubulk" 650
"C:/Users/david/Documents/GitHub/saint-grail/Content/StarterContent/Audio/Starter_Wind06.uasset" 651
"C:/Users/david/Documents/GitHub/saint-grail/Content/StarterContent/Audio/Starter_Wind06.uexp" 652
"C:/Users/david/Documents/GitHub/saint-grail/Content/StarterContent/Audio/Steam01.ubulk" 653
"C:/Users/david/Documents/GitHub/saint-grail/Content/StarterContent/Audio/Steam01.uasset" 654
"C:/Users/david/Documents/GitHub/saint-grail/Content/StarterContent/Audio/Steam01.uexp" 655
"../../../Engine/Content/EditorMeshes/ColorCalibrator/T_ColorGrid.ubulk" 656
"../../../Engine/Content/EditorMeshes/ColorCalibrator/T_ColorGrid.uasset" 657
"../../../Engine/Content/EditorMeshes/ColorCalibrator/T_ColorGrid.uexp" 658
"C:/Users/david/Documents/GitHub/saint-grail/Content/StarterContent/Materials/M_ColorGrid_LowSpec.uasset" 659
"C:/Users/david/Documents/GitHub/saint-grail/Content/StarterContent/Materials/M_ColorGrid_LowSpec.uexp" 660
"../../../Engine/Content/EditorMaterials/Dataflow/DataflowTwoSidedVertexMaterial.uasset" 661
"../../../Engine/Content/EditorMaterials/Dataflow/DataflowTwoSidedVertexMaterial.uexp" 662
"../../../Engine/Content/EditorMaterials/Dataflow/DataflowVertexMaterial.uasset" 663
"../../../Engine/Content/EditorMaterials/Dataflow/DataflowVertexMaterial.uexp" 664
"../../../Engine/Plugins/Interchange/Assets/Content/Functions/MX_AbsorptionVDF.uasset" 665
"../../../Engine/Plugins/Interchange/Assets/Content/Functions/MX_AbsorptionVDF.uexp" 666
"../../../Engine/Plugins/Interchange/Assets/Content/Functions/MX_AnisotropicVDF.uasset" 667
"../../../Engine/Plugins/Interchange/Assets/Content/Functions/MX_AnisotropicVDF.uexp" 668
"../../../Engine/Plugins/Interchange/Assets/Content/Functions/MX_BurleyDiffuseBSDF.uasset" 669
"../../../Engine/Plugins/Interchange/Assets/Content/Functions/MX_BurleyDiffuseBSDF.uexp" 670
"../../../Engine/Plugins/Interchange/Assets/Content/Functions/MX_ConductorBSDF.uasset" 671
"../../../Engine/Plugins/Interchange/Assets/Content/Functions/MX_ConductorBSDF.uexp" 672
"../../../Engine/Plugins/Interchange/Assets/Content/Functions/MX_ConicalEDF.uasset" 673
"../../../Engine/Plugins/Interchange/Assets/Content/Functions/MX_ConicalEDF.uexp" 674
"../../../Engine/Plugins/Interchange/Assets/Content/Functions/MX_DielectricBSDF.uasset" 675
"../../../Engine/Plugins/Interchange/Assets/Content/Functions/MX_DielectricBSDF.uexp" 676
"../../../Engine/Plugins/Interchange/Assets/Content/Functions/MX_GeneralizedSchlickBSDF.uasset" 677
"../../../Engine/Plugins/Interchange/Assets/Content/Functions/MX_GeneralizedSchlickBSDF.uexp" 678
"../../../Engine/Plugins/Interchange/Assets/Content/Functions/MX_MeasuredEDF.uasset" 679
"../../../Engine/Plugins/Interchange/Assets/Content/Functions/MX_MeasuredEDF.uexp" 680
"../../../Engine/Plugins/Interchange/Assets/Content/Functions/MX_StandardSurface.uasset" 681
"../../../Engine/Plugins/Interchange/Assets/Content/Functions/MX_StandardSurface.uexp" 682
"../../../Engine/Plugins/Interchange/Assets/Content/Functions/MX_OpenPBR_Opaque.uasset" 683
"../../../Engine/Plugins/Interchange/Assets/Content/Functions/MX_OpenPBR_Opaque.uexp" 684
"../../../Engine/Plugins/Interchange/Assets/Content/Functions/MX_TransmissionSurface.uasset" 685
"../../../Engine/Plugins/Interchange/Assets/Content/Functions/MX_TransmissionSurface.uexp" 686
"../../../Engine/Plugins/Interchange/Assets/Content/Functions/MX_OpenPBR_Translucent.uasset" 687
"../../../Engine/Plugins/Interchange/Assets/Content/Functions/MX_OpenPBR_Translucent.uexp" 688
"../../../Engine/Plugins/Interchange/Assets/Content/Functions/MX_OrenNayarBSDF.uasset" 689
"../../../Engine/Plugins/Interchange/Assets/Content/Functions/MX_OrenNayarBSDF.uexp" 690
"../../../Engine/Plugins/Interchange/Assets/Content/Functions/MX_SheenBSDF.uasset" 691
"../../../Engine/Plugins/Interchange/Assets/Content/Functions/MX_SheenBSDF.uexp" 692
"../../../Engine/Plugins/Interchange/Assets/Content/Functions/MX_SubsurfaceBSDF.uasset" 693
"../../../Engine/Plugins/Interchange/Assets/Content/Functions/MX_SubsurfaceBSDF.uexp" 694
"../../../Engine/Plugins/Interchange/Assets/Content/Functions/MX_Surface.uasset" 695
"../../../Engine/Plugins/Interchange/Assets/Content/Functions/MX_Surface.uexp" 696
"../../../Engine/Plugins/Interchange/Assets/Content/Functions/MX_SurfaceUnlit.uasset" 697
"../../../Engine/Plugins/Interchange/Assets/Content/Functions/MX_SurfaceUnlit.uexp" 698
"../../../Engine/Plugins/Interchange/Assets/Content/Functions/MX_ThinFilmBSDF.uasset" 699
"../../../Engine/Plugins/Interchange/Assets/Content/Functions/MX_ThinFilmBSDF.uexp" 700
"../../../Engine/Plugins/Interchange/Assets/Content/Functions/MX_TranslucentBSDF.uasset" 701
"../../../Engine/Plugins/Interchange/Assets/Content/Functions/MX_TranslucentBSDF.uexp" 702
"../../../Engine/Plugins/Interchange/Assets/Content/Functions/MX_UniformEDF.uasset" 703
"../../../Engine/Plugins/Interchange/Assets/Content/Functions/MX_UniformEDF.uexp" 704
"../../../Engine/Plugins/Interchange/Assets/Content/Functions/MX_UsdPreviewSurface.uasset" 705
"../../../Engine/Plugins/Interchange/Assets/Content/Functions/MX_UsdPreviewSurface.uexp" 706
"../../../Engine/Plugins/Runtime/HairStrands/Content/Materials/HairCardsDefaultMaterial.uasset" 707
"../../../Engine/Plugins/Runtime/HairStrands/Content/Materials/HairCardsDefaultMaterial.uexp" 708
"../../../Engine/Plugins/Runtime/HairStrands/Content/Materials/HairGroupColors.uasset" 709
"../../../Engine/Plugins/Runtime/HairStrands/Content/Materials/HairGroupColors.uexp" 710
"../../../Engine/Content/Functions/Engine_MaterialFunctions02/Utility/MakeFloat2.uasset" 711
"../../../Engine/Content/Functions/Engine_MaterialFunctions02/Utility/MakeFloat2.uexp" 712
"../../../Engine/Content/EngineMaterials/HairColorMap.uasset" 713
"../../../Engine/Content/EngineMaterials/HairColorMap.uexp" 714
"../../../Engine/Content/EngineMaterials/HairDebugColor.uasset" 715
"../../../Engine/Content/EngineMaterials/HairDebugColor.uexp" 716
"../../../Engine/Plugins/Runtime/HairStrands/Content/Materials/HairDebugMaterial.uasset" 717
"../../../Engine/Plugins/Runtime/HairStrands/Content/Materials/HairDebugMaterial.uexp" 718
"../../../Engine/Plugins/Runtime/HairStrands/Content/Materials/HairDefaultMaterial.uasset" 719
"../../../Engine/Plugins/Runtime/HairStrands/Content/Materials/HairDefaultMaterial.uexp" 720
"../../../Engine/Plugins/Runtime/HairStrands/Content/Materials/HairMeshesDefaultMaterial.uasset" 721
"../../../Engine/Plugins/Runtime/HairStrands/Content/Materials/HairMeshesDefaultMaterial.uexp" 722
"../../../Engine/Plugins/Runtime/MeshModelingToolset/Content/Materials/M_DynamicMeshComponentVtxColor.uasset" 723
"../../../Engine/Plugins/Runtime/MeshModelingToolset/Content/Materials/M_DynamicMeshComponentVtxColor.uexp" 724
"../../../Engine/Content/EditorMaterials/PhAT_NoCollisionMaterial.uasset" 725
"../../../Engine/Content/EditorMaterials/PhAT_NoCollisionMaterial.uexp" 726
"../../../Engine/Content/EditorMaterials/PhAT_UnselectedMaterial.uasset" 727
"../../../Engine/Content/EditorMaterials/PhAT_UnselectedMaterial.uexp" 728
"../../../Engine/Content/EditorMaterials/PreviewShadowIndicator.ubulk" 729
"../../../Engine/Content/EditorMaterials/PreviewShadowIndicator.uasset" 730
"../../../Engine/Content/EditorMaterials/PreviewShadowIndicator.uexp" 731
"../../../Engine/Content/EditorMaterials/PreviewShadowIndicatorMaterial.uasset" 732
"../../../Engine/Content/EditorMaterials/PreviewShadowIndicatorMaterial.uexp" 733
"../../../Engine/Content/EngineDebugMaterials/DebugEditorMaterial.uasset" 734
"../../../Engine/Content/EngineDebugMaterials/DebugEditorMaterial.uexp" 735
"../../../Engine/Content/EngineDebugMaterials/DebugMeshMaterial.uasset" 736
"../../../Engine/Content/EngineDebugMaterials/DebugMeshMaterial.uexp" 737
"../../../Engine/Content/EngineDebugMaterials/M_SimpleUnlitTranslucent.uasset" 738
"../../../Engine/Content/EngineDebugMaterials/M_SimpleUnlitTranslucent.uexp" 739
"../../../Engine/Content/Functions/Engine_MaterialFunctions02/Utility/CameraDirectionVector.uasset" 740
"../../../Engine/Content/Functions/Engine_MaterialFunctions02/Utility/CameraDirectionVector.uexp" 741
"../../../Engine/Content/EngineDebugMaterials/VolumeToRender.uasset" 742
"../../../Engine/Content/EngineDebugMaterials/VolumeToRender.uexp" 743
"../../../Engine/Content/EngineDebugMaterials/M_VolumeRenderSphereTracePP.uasset" 744
"../../../Engine/Content/EngineDebugMaterials/M_VolumeRenderSphereTracePP.uexp" 745
"../../../Engine/Content/EngineMaterials/DefaultDiffuse.ubulk" 746
"../../../Engine/Content/EngineMaterials/DefaultDiffuse.uasset" 747
"../../../Engine/Content/EngineMaterials/DefaultDiffuse.uexp" 748
"../../../Engine/Content/EngineMaterials/DefaultDeferredDecalMaterial.uasset" 749
"../../../Engine/Content/EngineMaterials/DefaultDeferredDecalMaterial.uexp" 750
"../../../Engine/Content/EngineMaterials/DefaultLightFunctionMaterial.uasset" 751
"../../../Engine/Content/EngineMaterials/DefaultLightFunctionMaterial.uexp" 752
"../../../Engine/Content/EngineMaterials/DefaultPostProcessMaterial.uasset" 753
"../../../Engine/Content/EngineMaterials/DefaultPostProcessMaterial.uexp" 754
"../../../Engine/Content/EngineFonts/RobotoDistanceField.uasset" 755
"../../../Engine/Content/EngineFonts/RobotoDistanceField.uexp" 756
"../../../Engine/Content/EngineMaterials/DefaultTextMaterialOpaque.uasset" 757
"../../../Engine/Content/EngineMaterials/DefaultTextMaterialOpaque.uexp" 758
"../../../Engine/Content/EngineMaterials/DefaultWhiteGrid_Low.uasset" 759
"../../../Engine/Content/EngineMaterials/DefaultWhiteGrid_Low.uexp" 760
"../../../Engine/Content/EngineMaterials/EmissiveMeshMaterial.uasset" 761
"../../../Engine/Content/EngineMaterials/EmissiveMeshMaterial.uexp" 762
"../../../Engine/Content/EngineMaterials/BaseFlattenNormalMap.uasset" 763
"../../../Engine/Content/EngineMaterials/BaseFlattenNormalMap.uexp" 764
"../../../Engine/Content/EngineMaterials/BaseFlattenGrayscaleMap.uasset" 765
"../../../Engine/Content/EngineMaterials/BaseFlattenGrayscaleMap.uexp" 766
"../../../Engine/Content/EngineMaterials/BaseFlattenDiffuseMap.uasset" 767
"../../../Engine/Content/EngineMaterials/BaseFlattenDiffuseMap.uexp" 768
"../../../Engine/Content/Functions/Engine_MaterialFunctions02/PivotPainter2/Black_1x1_EXR_Texture.uasset" 769
"../../../Engine/Content/Functions/Engine_MaterialFunctions02/PivotPainter2/Black_1x1_EXR_Texture.uexp" 770
"../../../Engine/Content/EngineMaterials/BaseFlattenEmissiveMap.uasset" 771
"../../../Engine/Content/EngineMaterials/BaseFlattenEmissiveMap.uexp" 772
"../../../Engine/Content/EngineMaterials/BaseFlattenLinearColor.uasset" 773
"../../../Engine/Content/EngineMaterials/BaseFlattenLinearColor.uexp" 774
"../../../Engine/Content/EngineMaterials/FlattenMaterial.uasset" 775
"../../../Engine/Content/EngineMaterials/FlattenMaterial.uexp" 776
"../../../Engine/Content/EngineMaterials/BaseFlattenEmissiveMap_VT.uasset" 777
"../../../Engine/Content/EngineMaterials/BaseFlattenEmissiveMap_VT.uexp" 778
"../../../Engine/Content/EngineMaterials/BaseFlattenGrayscaleMap_VT.uasset" 779
"../../../Engine/Content/EngineMaterials/BaseFlattenGrayscaleMap_VT.uexp" 780
"../../../Engine/Content/EngineMaterials/BaseFlattenLinearColor_VT.uasset" 781
"../../../Engine/Content/EngineMaterials/BaseFlattenLinearColor_VT.uexp" 782
"../../../Engine/Content/EngineMaterials/Black_1x1_EXR_Texture_VT.uasset" 783
"../../../Engine/Content/EngineMaterials/Black_1x1_EXR_Texture_VT.uexp" 784
"../../../Engine/Content/EngineMaterials/BaseFlattenDiffuseMap_VT.uasset" 785
"../../../Engine/Content/EngineMaterials/BaseFlattenDiffuseMap_VT.uexp" 786
"../../../Engine/Content/EngineMaterials/BaseFlattenNormalMap_VT.uasset" 787
"../../../Engine/Content/EngineMaterials/BaseFlattenNormalMap_VT.uexp" 788
"../../../Engine/Content/EngineMaterials/FlattenMaterial_VT.uasset" 789
"../../../Engine/Content/EngineMaterials/FlattenMaterial_VT.uexp" 790
"../../../Engine/Content/EngineMaterials/FlattenMaterial_WS_Normal_VT.uasset" 791
"../../../Engine/Content/EngineMaterials/FlattenMaterial_WS_Normal_VT.uexp" 792
"../../../Engine/Content/EngineMaterials/GizmoMaterial.uasset" 793
"../../../Engine/Content/EngineMaterials/GizmoMaterial.uexp" 794
"../../../Engine/Content/EngineMaterials/InvalidLightmapSettings.ubulk" 795
"../../../Engine/Content/EngineMaterials/InvalidLightmapSettings.uasset" 796
"../../../Engine/Content/EngineMaterials/InvalidLightmapSettings.uexp" 797
"../../../Engine/Content/EngineMaterials/M_InvalidLightmapSettings.uasset" 798
"../../../Engine/Content/EngineMaterials/M_InvalidLightmapSettings.uexp" 799
"../../../Engine/Content/EngineMaterials/NaniteHiddenSectionMaterial.uasset" 800
"../../../Engine/Content/EngineMaterials/NaniteHiddenSectionMaterial.uexp" 801
"../../../Engine/Content/Functions/Engine_MaterialFunctions02/WorldPositionOffset/CameraOffset.uasset" 802
"../../../Engine/Content/Functions/Engine_MaterialFunctions02/WorldPositionOffset/CameraOffset.uexp" 803
"../../../Engine/Content/EngineMaterials/PhAT_JointLimitMaterial.uasset" 804
"../../../Engine/Content/EngineMaterials/PhAT_JointLimitMaterial.uexp" 805
"../../../Engine/Content/EngineMaterials/DefaultCalibrationColor.uasset" 806
"../../../Engine/Content/EngineMaterials/DefaultCalibrationColor.uexp" 807
"../../../Engine/Content/EngineMaterials/PPM_DefaultCalibrationColor.uasset" 808
"../../../Engine/Content/EngineMaterials/PPM_DefaultCalibrationColor.uexp" 809
"../../../Engine/Content/EngineMaterials/DefaultCalibrationGrayscale.uasset" 810
"../../../Engine/Content/EngineMaterials/DefaultCalibrationGrayscale.uexp" 811
"../../../Engine/Content/EngineMaterials/PPM_DefaultCalibrationGrayscale.uasset" 812
"../../../Engine/Content/EngineMaterials/PPM_DefaultCalibrationGrayscale.uexp" 813
"../../../Engine/Content/EngineMaterials/RemoveSurfaceMaterial.uasset" 814
"../../../Engine/Content/EngineMaterials/RemoveSurfaceMaterial.uexp" 815
"../../../Engine/Plugins/Animation/ControlRig/Content/Controls/ControlRigGizmoMaterial.uasset" 816
"../../../Engine/Plugins/Animation/ControlRig/Content/Controls/ControlRigGizmoMaterial.uexp" 817
"../../../Engine/Plugins/Animation/ControlRig/Content/Controls/ControlRigXRayMaterial.uasset" 818
"../../../Engine/Plugins/Animation/ControlRig/Content/Controls/ControlRigXRayMaterial.uexp" 819
"../../../Engine/Plugins/Editor/SpeedTreeImporter/Content/SpeedTree9/game_wind_noise.ubulk" 820
"../../../Engine/Plugins/Editor/SpeedTreeImporter/Content/SpeedTree9/game_wind_noise.uasset" 821
"../../../Engine/Plugins/Editor/SpeedTreeImporter/Content/SpeedTree9/game_wind_noise.uexp" 822
"../../../Engine/Plugins/Editor/SpeedTreeImporter/Content/SpeedTree9/UnpackDirection.uasset" 823
"../../../Engine/Plugins/Editor/SpeedTreeImporter/Content/SpeedTree9/UnpackDirection.uexp" 824
"../../../Engine/Content/Functions/Engine_MaterialFunctions02/ObjectLocalBounds.uasset" 825
"../../../Engine/Content/Functions/Engine_MaterialFunctions02/ObjectLocalBounds.uexp" 826
"../../../Engine/Content/Functions/Engine_MaterialFunctions02/UVs/BoundingBoxBased_0-1_UVW.uasset" 827
"../../../Engine/Content/Functions/Engine_MaterialFunctions02/UVs/BoundingBoxBased_0-1_UVW.uexp" 828
"../../../Engine/Plugins/Editor/SpeedTreeImporter/Content/SpeedTree9/SpeedTreeBillboard.uasset" 829
"../../../Engine/Plugins/Editor/SpeedTreeImporter/Content/SpeedTree9/SpeedTreeBillboard.uexp" 830
"../../../Engine/Content/Functions/Engine_MaterialFunctions02/Utility/VectorLength.uasset" 831
"../../../Engine/Content/Functions/Engine_MaterialFunctions02/Utility/VectorLength.uexp" 832
"../../../Engine/Plugins/Editor/SpeedTreeImporter/Content/SpeedTree9/UnpackInteger3.uasset" 833
"../../../Engine/Plugins/Editor/SpeedTreeImporter/Content/SpeedTree9/UnpackInteger3.uexp" 834
"../../../Engine/Content/Functions/Engine_MaterialFunctions02/WorldPositionOffset/ObjectScale.uasset" 835
"../../../Engine/Content/Functions/Engine_MaterialFunctions02/WorldPositionOffset/ObjectScale.uexp" 836
"../../../Engine/Content/Functions/Engine_MaterialFunctions02/SafeNormalize.uasset" 837
"../../../Engine/Content/Functions/Engine_MaterialFunctions02/SafeNormalize.uexp" 838
"../../../Engine/Plugins/Editor/SpeedTreeImporter/Content/SpeedTree9/SpeedTreeWindMotion.uasset" 839
"../../../Engine/Plugins/Editor/SpeedTreeImporter/Content/SpeedTree9/SpeedTreeWindMotion.uexp" 840
"../../../Engine/Plugins/Editor/SpeedTreeImporter/Content/SpeedTree9/SpeedTreeBranchMotion.uasset" 841
"../../../Engine/Plugins/Editor/SpeedTreeImporter/Content/SpeedTree9/SpeedTreeBranchMotion.uexp" 842
"../../../Engine/Plugins/Editor/SpeedTreeImporter/Content/SpeedTree9/SpeedTreeWind.uasset" 843
"../../../Engine/Plugins/Editor/SpeedTreeImporter/Content/SpeedTree9/SpeedTreeWind.uexp" 844
"../../../Engine/Plugins/Editor/SpeedTreeImporter/Content/SpeedTree9/EmptyNormal.uasset" 845
"../../../Engine/Plugins/Editor/SpeedTreeImporter/Content/SpeedTree9/EmptyNormal.uexp" 846
"../../../Engine/Plugins/Editor/SpeedTreeImporter/Content/SpeedTree9/Empty.uasset" 847
"../../../Engine/Plugins/Editor/SpeedTreeImporter/Content/SpeedTree9/Empty.uexp" 848
"../../../Engine/Plugins/Editor/SpeedTreeImporter/Content/SpeedTree9/SpeedTreeBillboardMaster.uasset" 849
"../../../Engine/Plugins/Editor/SpeedTreeImporter/Content/SpeedTree9/SpeedTreeBillboardMaster.uexp" 850
"../../../Engine/Plugins/Editor/SpeedTreeImporter/Content/SpeedTree9/SpeedTreeCameraFacing.uasset" 851
"../../../Engine/Plugins/Editor/SpeedTreeImporter/Content/SpeedTree9/SpeedTreeCameraFacing.uexp" 852
"../../../Engine/Plugins/Editor/SpeedTreeImporter/Content/SpeedTree9/SpeedTreeMaster.uasset" 853
"../../../Engine/Plugins/Editor/SpeedTreeImporter/Content/SpeedTree9/SpeedTreeMaster.uexp" 854
"../../../Engine/Plugins/Animation/ControlRig/Content/M_Manip.uasset" 855
"../../../Engine/Plugins/Animation/ControlRig/Content/M_Manip.uexp" 856
"../../../Engine/Content/EngineMeshes/Sphere.ubulk" 857
"../../../Engine/Content/EngineMeshes/Sphere.uasset" 858
"../../../Engine/Content/EngineMeshes/Sphere.uexp" 859
"../../../Engine/Content/VREditor/TransformGizmo/Main.uasset" 860
"../../../Engine/Content/VREditor/TransformGizmo/Main.uexp" 861
"../../../Engine/Content/VREditor/TransformGizmo/Xray.uasset" 862
"../../../Engine/Content/VREditor/TransformGizmo/Xray.uexp" 863
"../../../Engine/Content/VREditor/TransformGizmo/SM_Sequencer_Node.ubulk" 864
"../../../Engine/Content/VREditor/TransformGizmo/SM_Sequencer_Node.uasset" 865
"../../../Engine/Content/VREditor/TransformGizmo/SM_Sequencer_Node.uexp" 866
"../../../Engine/Plugins/NNE/NNEDenoiser/Content/NNEDTOM_Output_Default.uasset" 867
"../../../Engine/Plugins/NNE/NNEDenoiser/Content/NNEDTOM_Output_Default.uexp" 868
"../../../Engine/Plugins/NNE/NNEDenoiser/Content/NNEDTOM_Output_Alpha.uasset" 869
"../../../Engine/Plugins/NNE/NNEDenoiser/Content/NNEDTOM_Output_Alpha.uexp" 870
"../../../Engine/Plugins/NNE/NNEDenoiser/Content/NNEDTIM_ColorAlbedoNormal_Default.uasset" 871
"../../../Engine/Plugins/NNE/NNEDenoiser/Content/NNEDTIM_ColorAlbedoNormal_Default.uexp" 872
"../../../Engine/Plugins/NNE/NNEDenoiser/Content/NNEDTIM_ColorAlbedoNormal_Alpha.uasset" 873
"../../../Engine/Plugins/NNE/NNEDenoiser/Content/NNEDTIM_ColorAlbedoNormal_Alpha.uexp" 874
"../../../Engine/Plugins/NNE/NNEDenoiser/Content/NNEDOM_Output_Default.uasset" 875
"../../../Engine/Plugins/NNE/NNEDenoiser/Content/NNEDOM_Output_Default.uexp" 876
"../../../Engine/Plugins/NNE/NNEDenoiser/Content/NNEDOM_Output_Alpha.uasset" 877
"../../../Engine/Plugins/NNE/NNEDenoiser/Content/NNEDOM_Output_Alpha.uexp" 878
"../../../Engine/Plugins/NNE/NNEDenoiser/Content/NNEDIM_HighQuality_Default.uasset" 879
"../../../Engine/Plugins/NNE/NNEDenoiser/Content/NNEDIM_HighQuality_Default.uexp" 880
"../../../Engine/Plugins/NNE/NNEDenoiser/Content/NNEDIM_HighQuality_Alpha.uasset" 881
"../../../Engine/Plugins/NNE/NNEDenoiser/Content/NNEDIM_HighQuality_Alpha.uexp" 882
"../../../Engine/Plugins/NNE/NNEDenoiser/Content/NNEDIM_ColorAlbedoNormal_Default.uasset" 883
"../../../Engine/Plugins/NNE/NNEDenoiser/Content/NNEDIM_ColorAlbedoNormal_Default.uexp" 884
"../../../Engine/Plugins/NNE/NNEDenoiser/Content/NNEDIM_ColorAlbedoNormal_Alpha.uasset" 885
"../../../Engine/Plugins/NNE/NNEDenoiser/Content/NNEDIM_ColorAlbedoNormal_Alpha.uexp" 886
"../../../Engine/Plugins/Media/MediaPlate/Content/SM_MediaPlateScreen.ubulk" 887
"../../../Engine/Plugins/Media/MediaPlate/Content/SM_MediaPlateScreen.uasset" 888
"../../../Engine/Plugins/Media/MediaPlate/Content/SM_MediaPlateScreen.uexp" 889
"../../../Engine/Plugins/2D/Paper2D/Content/DefaultSpriteMaterial.uasset" 890
"../../../Engine/Plugins/2D/Paper2D/Content/DefaultSpriteMaterial.uexp" 891
"../../../Engine/Plugins/2D/Paper2D/Content/OpaqueUnlitSpriteMaterial.uasset" 892
"../../../Engine/Plugins/2D/Paper2D/Content/OpaqueUnlitSpriteMaterial.uexp" 893
"../../../Engine/Plugins/2D/Paper2D/Content/MaskedUnlitSpriteMaterial.uasset" 894
"../../../Engine/Plugins/2D/Paper2D/Content/MaskedUnlitSpriteMaterial.uexp" 895
"../../../Engine/Plugins/Animation/ControlRig/Content/Controls/ControlRig_Wedge_solid.ubulk" 896
"../../../Engine/Plugins/Animation/ControlRig/Content/Controls/ControlRig_Wedge_solid.uasset" 897
"../../../Engine/Plugins/Animation/ControlRig/Content/Controls/ControlRig_Wedge_solid.uexp" 898
"../../../Engine/Plugins/Animation/ControlRig/Content/Controls/ControlRig_Wedge_3mm.ubulk" 899
"../../../Engine/Plugins/Animation/ControlRig/Content/Controls/ControlRig_Wedge_3mm.uasset" 900
"../../../Engine/Plugins/Animation/ControlRig/Content/Controls/ControlRig_Wedge_3mm.uexp" 901
"../../../Engine/Plugins/Animation/ControlRig/Content/Controls/ControlRig_Wedge_1mm.ubulk" 902
"../../../Engine/Plugins/Animation/ControlRig/Content/Controls/ControlRig_Wedge_1mm.uasset" 903
"../../../Engine/Plugins/Animation/ControlRig/Content/Controls/ControlRig_Wedge_1mm.uexp" 904
"../../../Engine/Plugins/Animation/ControlRig/Content/Controls/ControlRig_Triangle_solid.ubulk" 905
"../../../Engine/Plugins/Animation/ControlRig/Content/Controls/ControlRig_Triangle_solid.uasset" 906
"../../../Engine/Plugins/Animation/ControlRig/Content/Controls/ControlRig_Triangle_solid.uexp" 907
"../../../Engine/Plugins/Animation/ControlRig/Content/Controls/ControlRig_Triangle_3mm.ubulk" 908
"../../../Engine/Plugins/Animation/ControlRig/Content/Controls/ControlRig_Triangle_3mm.uasset" 909
"../../../Engine/Plugins/Animation/ControlRig/Content/Controls/ControlRig_Triangle_3mm.uexp" 910
"../../../Engine/Plugins/Animation/ControlRig/Content/Controls/ControlRig_Triangle_1mm.ubulk" 911
"../../../Engine/Plugins/Animation/ControlRig/Content/Controls/ControlRig_Triangle_1mm.uasset" 912
"../../../Engine/Plugins/Animation/ControlRig/Content/Controls/ControlRig_Triangle_1mm.uexp" 913
"../../../Engine/Plugins/Animation/ControlRig/Content/Controls/ControlRig_Star4_solid.ubulk" 914
"../../../Engine/Plugins/Animation/ControlRig/Content/Controls/ControlRig_Star4_solid.uasset" 915
"../../../Engine/Plugins/Animation/ControlRig/Content/Controls/ControlRig_Star4_solid.uexp" 916
"../../../Engine/Plugins/Animation/ControlRig/Content/Controls/ControlRig_Star4_3mm.ubulk" 917
"../../../Engine/Plugins/Animation/ControlRig/Content/Controls/ControlRig_Star4_3mm.uasset" 918
"../../../Engine/Plugins/Animation/ControlRig/Content/Controls/ControlRig_Star4_3mm.uexp" 919
"../../../Engine/Plugins/Animation/ControlRig/Content/Controls/ControlRig_Star4_1mm.ubulk" 920
"../../../Engine/Plugins/Animation/ControlRig/Content/Controls/ControlRig_Star4_1mm.uasset" 921
"../../../Engine/Plugins/Animation/ControlRig/Content/Controls/ControlRig_Star4_1mm.uexp" 922
"../../../Engine/Plugins/Animation/ControlRig/Content/Controls/ControlRig_Square_solid.ubulk" 923
"../../../Engine/Plugins/Animation/ControlRig/Content/Controls/ControlRig_Square_solid.uasset" 924
"../../../Engine/Plugins/Animation/ControlRig/Content/Controls/ControlRig_Square_solid.uexp" 925
"../../../Engine/Plugins/Animation/ControlRig/Content/Controls/ControlRig_Square_3mm.ubulk" 926
"../../../Engine/Plugins/Animation/ControlRig/Content/Controls/ControlRig_Square_3mm.uasset" 927
"../../../Engine/Plugins/Animation/ControlRig/Content/Controls/ControlRig_Square_3mm.uexp" 928
"../../../Engine/Plugins/Animation/ControlRig/Content/Controls/ControlRig_Square_1mm.ubulk" 929
"../../../Engine/Plugins/Animation/ControlRig/Content/Controls/ControlRig_Square_1mm.uasset" 930
"../../../Engine/Plugins/Animation/ControlRig/Content/Controls/ControlRig_Square_1mm.uexp" 931
"../../../Engine/Plugins/Animation/ControlRig/Content/Controls/ControlRig_Sphere_solid.ubulk" 932
"../../../Engine/Plugins/Animation/ControlRig/Content/Controls/ControlRig_Sphere_solid.uasset" 933
"../../../Engine/Plugins/Animation/ControlRig/Content/Controls/ControlRig_Sphere_solid.uexp" 934
"../../../Engine/Plugins/Animation/ControlRig/Content/Controls/ControlRig_Sphere_3mm.ubulk" 935
"../../../Engine/Plugins/Animation/ControlRig/Content/Controls/ControlRig_Sphere_3mm.uasset" 936
"../../../Engine/Plugins/Animation/ControlRig/Content/Controls/ControlRig_Sphere_3mm.uexp" 937
"../../../Engine/Plugins/Animation/ControlRig/Content/Controls/ControlRig_Sphere_1mm.ubulk" 938
"../../../Engine/Plugins/Animation/ControlRig/Content/Controls/ControlRig_Sphere_1mm.uasset" 939
"../../../Engine/Plugins/Animation/ControlRig/Content/Controls/ControlRig_Sphere_1mm.uexp" 940
"../../../Engine/Plugins/Animation/ControlRig/Content/Controls/ControlRig_RoundedTriangle_solid.ubulk" 941
"../../../Engine/Plugins/Animation/ControlRig/Content/Controls/ControlRig_RoundedTriangle_solid.uasset" 942
"../../../Engine/Plugins/Animation/ControlRig/Content/Controls/ControlRig_RoundedTriangle_solid.uexp" 943
"../../../Engine/Plugins/Animation/ControlRig/Content/Controls/ControlRig_RoundedTriangle_3mm.ubulk" 944
"../../../Engine/Plugins/Animation/ControlRig/Content/Controls/ControlRig_RoundedTriangle_3mm.uasset" 945
"../../../Engine/Plugins/Animation/ControlRig/Content/Controls/ControlRig_RoundedTriangle_3mm.uexp" 946
"../../../Engine/Plugins/Animation/ControlRig/Content/Controls/ControlRig_RoundedTriangle_1mm.ubulk" 947
"../../../Engine/Plugins/Animation/ControlRig/Content/Controls/ControlRig_RoundedTriangle_1mm.uasset" 948
"../../../Engine/Plugins/Animation/ControlRig/Content/Controls/ControlRig_RoundedTriangle_1mm.uexp" 949
"../../../Engine/Plugins/Animation/ControlRig/Content/Controls/ControlRig_RoundedSquare_solid.ubulk" 950
"../../../Engine/Plugins/Animation/ControlRig/Content/Controls/ControlRig_RoundedSquare_solid.uasset" 951
"../../../Engine/Plugins/Animation/ControlRig/Content/Controls/ControlRig_RoundedSquare_solid.uexp" 952
"../../../Engine/Plugins/Animation/ControlRig/Content/Controls/ControlRig_RoundedSquare_3mm.ubulk" 953
"../../../Engine/Plugins/Animation/ControlRig/Content/Controls/ControlRig_RoundedSquare_3mm.uasset" 954
"../../../Engine/Plugins/Animation/ControlRig/Content/Controls/ControlRig_RoundedSquare_3mm.uexp" 955
"../../../Engine/Plugins/Animation/ControlRig/Content/Controls/ControlRig_RoundedSquare_1mm.ubulk" 956
"../../../Engine/Plugins/Animation/ControlRig/Content/Controls/ControlRig_RoundedSquare_1mm.uasset" 957
"../../../Engine/Plugins/Animation/ControlRig/Content/Controls/ControlRig_RoundedSquare_1mm.uexp" 958
"../../../Engine/Plugins/Animation/ControlRig/Content/Controls/ControlRig_QuarterCircle_solid.ubulk" 959
"../../../Engine/Plugins/Animation/ControlRig/Content/Controls/ControlRig_QuarterCircle_solid.uasset" 960
"../../../Engine/Plugins/Animation/ControlRig/Content/Controls/ControlRig_QuarterCircle_solid.uexp" 961
"../../../Engine/Plugins/Animation/ControlRig/Content/Controls/ControlRig_QuarterCircle_3mm.ubulk" 962
"../../../Engine/Plugins/Animation/ControlRig/Content/Controls/ControlRig_QuarterCircle_3mm.uasset" 963
"../../../Engine/Plugins/Animation/ControlRig/Content/Controls/ControlRig_QuarterCircle_3mm.uexp" 964
"../../../Engine/Plugins/Animation/ControlRig/Content/Controls/ControlRig_QuarterCircle_1mm.ubulk" 965
"../../../Engine/Plugins/Animation/ControlRig/Content/Controls/ControlRig_QuarterCircle_1mm.uasset" 966
"../../../Engine/Plugins/Animation/ControlRig/Content/Controls/ControlRig_QuarterCircle_1mm.uexp" 967
"../../../Engine/Plugins/Animation/ControlRig/Content/Controls/ControlRig_Pyramid_solid.ubulk" 968
"../../../Engine/Plugins/Animation/ControlRig/Content/Controls/ControlRig_Pyramid_solid.uasset" 969
"../../../Engine/Plugins/Animation/ControlRig/Content/Controls/ControlRig_Pyramid_solid.uexp" 970
"../../../Engine/Plugins/Animation/ControlRig/Content/Controls/ControlRig_Pyramid_3mm.ubulk" 971
"../../../Engine/Plugins/Animation/ControlRig/Content/Controls/ControlRig_Pyramid_3mm.uasset" 972
"../../../Engine/Plugins/Animation/ControlRig/Content/Controls/ControlRig_Pyramid_3mm.uexp" 973
"../../../Engine/Plugins/Animation/ControlRig/Content/Controls/ControlRig_Pyramid_1mm.ubulk" 974
"../../../Engine/Plugins/Animation/ControlRig/Content/Controls/ControlRig_Pyramid_1mm.uasset" 975
"../../../Engine/Plugins/Animation/ControlRig/Content/Controls/ControlRig_Pyramid_1mm.uexp" 976
"../../../Engine/Plugins/Animation/ControlRig/Content/Controls/ControlRig_Octagon_solid.ubulk" 977
"../../../Engine/Plugins/Animation/ControlRig/Content/Controls/ControlRig_Octagon_solid.uasset" 978
"../../../Engine/Plugins/Animation/ControlRig/Content/Controls/ControlRig_Octagon_solid.uexp" 979
"../../../Engine/Plugins/Animation/ControlRig/Content/Controls/ControlRig_Octagon_3mm.ubulk" 980
"../../../Engine/Plugins/Animation/ControlRig/Content/Controls/ControlRig_Octagon_3mm.uasset" 981
"../../../Engine/Plugins/Animation/ControlRig/Content/Controls/ControlRig_Octagon_3mm.uexp" 982
"../../../Engine/Plugins/Animation/ControlRig/Content/Controls/ControlRig_Octagon_1mm.ubulk" 983
"../../../Engine/Plugins/Animation/ControlRig/Content/Controls/ControlRig_Octagon_1mm.uasset" 984
"../../../Engine/Plugins/Animation/ControlRig/Content/Controls/ControlRig_Octagon_1mm.uexp" 985
"../../../Engine/Plugins/Animation/ControlRig/Content/Controls/ControlRig_Hexagon_solid.ubulk" 986
"../../../Engine/Plugins/Animation/ControlRig/Content/Controls/ControlRig_Hexagon_solid.uasset" 987
"../../../Engine/Plugins/Animation/ControlRig/Content/Controls/ControlRig_Hexagon_solid.uexp" 988
"../../../Engine/Plugins/Animation/ControlRig/Content/Controls/ControlRig_Hexagon_3mm.ubulk" 989
"../../../Engine/Plugins/Animation/ControlRig/Content/Controls/ControlRig_Hexagon_3mm.uasset" 990
"../../../Engine/Plugins/Animation/ControlRig/Content/Controls/ControlRig_Hexagon_3mm.uexp" 991
"../../../Engine/Plugins/Animation/ControlRig/Content/Controls/ControlRig_Hexagon_1mm.ubulk" 992
"../../../Engine/Plugins/Animation/ControlRig/Content/Controls/ControlRig_Hexagon_1mm.uasset" 993
"../../../Engine/Plugins/Animation/ControlRig/Content/Controls/ControlRig_Hexagon_1mm.uexp" 994
"../../../Engine/Plugins/Animation/ControlRig/Content/Controls/ControlRig_HalfCircle_solid.ubulk" 995
"../../../Engine/Plugins/Animation/ControlRig/Content/Controls/ControlRig_HalfCircle_solid.uasset" 996
"../../../Engine/Plugins/Animation/ControlRig/Content/Controls/ControlRig_HalfCircle_solid.uexp" 997
"../../../Engine/Plugins/Animation/ControlRig/Content/Controls/ControlRig_HalfCircle_3mm.ubulk" 998
"../../../Engine/Plugins/Animation/ControlRig/Content/Controls/ControlRig_HalfCircle_3mm.uasset" 999
"../../../Engine/Plugins/Animation/ControlRig/Content/Controls/ControlRig_HalfCircle_3mm.uexp" 1000
"../../../Engine/Plugins/Animation/ControlRig/Content/Controls/ControlRig_HalfCircle_1mm.ubulk" 1001
"../../../Engine/Plugins/Animation/ControlRig/Content/Controls/ControlRig_HalfCircle_1mm.uasset" 1002
"../../../Engine/Plugins/Animation/ControlRig/Content/Controls/ControlRig_HalfCircle_1mm.uexp" 1003
"../../../Engine/Plugins/Animation/ControlRig/Content/Controls/ControlRig_Diamond_solid.ubulk" 1004
"../../../Engine/Plugins/Animation/ControlRig/Content/Controls/ControlRig_Diamond_solid.uasset" 1005
"../../../Engine/Plugins/Animation/ControlRig/Content/Controls/ControlRig_Diamond_solid.uexp" 1006
"../../../Engine/Plugins/Animation/ControlRig/Content/Controls/ControlRig_Diamond_3mm.ubulk" 1007
"../../../Engine/Plugins/Animation/ControlRig/Content/Controls/ControlRig_Diamond_3mm.uasset" 1008
"../../../Engine/Plugins/Animation/ControlRig/Content/Controls/ControlRig_Diamond_3mm.uexp" 1009
"../../../Engine/Plugins/Animation/ControlRig/Content/Controls/ControlRig_Diamond_1mm.ubulk" 1010
"../../../Engine/Plugins/Animation/ControlRig/Content/Controls/ControlRig_Diamond_1mm.uasset" 1011
"../../../Engine/Plugins/Animation/ControlRig/Content/Controls/ControlRig_Diamond_1mm.uexp" 1012
"../../../Engine/Plugins/Animation/ControlRig/Content/Controls/ControlRig_Circle_solid.ubulk" 1013
"../../../Engine/Plugins/Animation/ControlRig/Content/Controls/ControlRig_Circle_solid.uasset" 1014
"../../../Engine/Plugins/Animation/ControlRig/Content/Controls/ControlRig_Circle_solid.uexp" 1015
"../../../Engine/Plugins/Animation/ControlRig/Content/Controls/ControlRig_Circle_3mm.ubulk" 1016
"../../../Engine/Plugins/Animation/ControlRig/Content/Controls/ControlRig_Circle_3mm.uasset" 1017
"../../../Engine/Plugins/Animation/ControlRig/Content/Controls/ControlRig_Circle_3mm.uexp" 1018
"../../../Engine/Plugins/Animation/ControlRig/Content/Controls/ControlRig_Circle_1mm.ubulk" 1019
"../../../Engine/Plugins/Animation/ControlRig/Content/Controls/ControlRig_Circle_1mm.uasset" 1020
"../../../Engine/Plugins/Animation/ControlRig/Content/Controls/ControlRig_Circle_1mm.uexp" 1021
"../../../Engine/Plugins/Animation/ControlRig/Content/Controls/ControlRig_Box_solid.ubulk" 1022
"../../../Engine/Plugins/Animation/ControlRig/Content/Controls/ControlRig_Box_solid.uasset" 1023
"../../../Engine/Plugins/Animation/ControlRig/Content/Controls/ControlRig_Box_solid.uexp" 1024
"../../../Engine/Plugins/Animation/ControlRig/Content/Controls/ControlRig_Box_3mm.ubulk" 1025
"../../../Engine/Plugins/Animation/ControlRig/Content/Controls/ControlRig_Box_3mm.uasset" 1026
"../../../Engine/Plugins/Animation/ControlRig/Content/Controls/ControlRig_Box_3mm.uexp" 1027
"../../../Engine/Plugins/Animation/ControlRig/Content/Controls/ControlRig_Box_1mm.ubulk" 1028
"../../../Engine/Plugins/Animation/ControlRig/Content/Controls/ControlRig_Box_1mm.uasset" 1029
"../../../Engine/Plugins/Animation/ControlRig/Content/Controls/ControlRig_Box_1mm.uexp" 1030
"../../../Engine/Plugins/Animation/ControlRig/Content/Controls/ControlRig_Arrow_solid.ubulk" 1031
"../../../Engine/Plugins/Animation/ControlRig/Content/Controls/ControlRig_Arrow_solid.uasset" 1032
"../../../Engine/Plugins/Animation/ControlRig/Content/Controls/ControlRig_Arrow_solid.uexp" 1033
"../../../Engine/Plugins/Animation/ControlRig/Content/Controls/ControlRig_Arrow_3mm.ubulk" 1034
"../../../Engine/Plugins/Animation/ControlRig/Content/Controls/ControlRig_Arrow_3mm.uasset" 1035
"../../../Engine/Plugins/Animation/ControlRig/Content/Controls/ControlRig_Arrow_3mm.uexp" 1036
"../../../Engine/Plugins/Animation/ControlRig/Content/Controls/ControlRig_Arrow_1mm.ubulk" 1037
"../../../Engine/Plugins/Animation/ControlRig/Content/Controls/ControlRig_Arrow_1mm.uasset" 1038
"../../../Engine/Plugins/Animation/ControlRig/Content/Controls/ControlRig_Arrow_1mm.uexp" 1039
"../../../Engine/Plugins/Animation/ControlRig/Content/Controls/ControlRig_Arrow4_solid.ubulk" 1040
"../../../Engine/Plugins/Animation/ControlRig/Content/Controls/ControlRig_Arrow4_solid.uasset" 1041
"../../../Engine/Plugins/Animation/ControlRig/Content/Controls/ControlRig_Arrow4_solid.uexp" 1042
"../../../Engine/Plugins/Animation/ControlRig/Content/Controls/ControlRig_Arrow4_3mm.ubulk" 1043
"../../../Engine/Plugins/Animation/ControlRig/Content/Controls/ControlRig_Arrow4_3mm.uasset" 1044
"../../../Engine/Plugins/Animation/ControlRig/Content/Controls/ControlRig_Arrow4_3mm.uexp" 1045
"../../../Engine/Plugins/Animation/ControlRig/Content/Controls/ControlRig_Arrow4_1mm.ubulk" 1046
"../../../Engine/Plugins/Animation/ControlRig/Content/Controls/ControlRig_Arrow4_1mm.uasset" 1047
"../../../Engine/Plugins/Animation/ControlRig/Content/Controls/ControlRig_Arrow4_1mm.uexp" 1048
"../../../Engine/Plugins/Animation/ControlRig/Content/Controls/ControlRig_Arrow2_solid.ubulk" 1049
"../../../Engine/Plugins/Animation/ControlRig/Content/Controls/ControlRig_Arrow2_solid.uasset" 1050
"../../../Engine/Plugins/Animation/ControlRig/Content/Controls/ControlRig_Arrow2_solid.uexp" 1051
"../../../Engine/Plugins/Animation/ControlRig/Content/Controls/ControlRig_Arrow2_3mm.ubulk" 1052
"../../../Engine/Plugins/Animation/ControlRig/Content/Controls/ControlRig_Arrow2_3mm.uasset" 1053
"../../../Engine/Plugins/Animation/ControlRig/Content/Controls/ControlRig_Arrow2_3mm.uexp" 1054
"../../../Engine/Plugins/Animation/ControlRig/Content/Controls/ControlRig_Arrow2_1mm.ubulk" 1055
"../../../Engine/Plugins/Animation/ControlRig/Content/Controls/ControlRig_Arrow2_1mm.uasset" 1056
"../../../Engine/Plugins/Animation/ControlRig/Content/Controls/ControlRig_Arrow2_1mm.uexp" 1057
"../../../Engine/Content/EngineResources/WhiteSquareTexture.uasset" 1058
"../../../Engine/Content/EngineResources/WhiteSquareTexture.uexp" 1059
"../../../Engine/Content/EngineMaterials/Widget3DPassThrough.uasset" 1060
"../../../Engine/Content/EngineMaterials/Widget3DPassThrough.uexp" 1061
"../../../Engine/Content/EngineMaterials/Widget3DPassThrough_Translucent.uasset" 1062
"../../../Engine/Content/EngineMaterials/Widget3DPassThrough_Translucent.uexp" 1063
"../../../Engine/Content/EngineMaterials/Widget3DPassThrough_Translucent_OneSided.uasset" 1064
"../../../Engine/Content/EngineMaterials/Widget3DPassThrough_Translucent_OneSided.uexp" 1065
"../../../Engine/Content/EngineMaterials/Widget3DPassThrough_Opaque.uasset" 1066
"../../../Engine/Content/EngineMaterials/Widget3DPassThrough_Opaque.uexp" 1067
"../../../Engine/Content/EngineMaterials/Widget3DPassThrough_Opaque_OneSided.uasset" 1068
"../../../Engine/Content/EngineMaterials/Widget3DPassThrough_Opaque_OneSided.uexp" 1069
"../../../Engine/Content/EngineMaterials/Widget3DPassThrough_Masked_OneSided.uasset" 1070
"../../../Engine/Content/EngineMaterials/Widget3DPassThrough_Masked_OneSided.uexp" 1071
"../../../Engine/Content/EngineMaterials/Widget3DPassThrough_Masked.uasset" 1072
"../../../Engine/Content/EngineMaterials/Widget3DPassThrough_Masked.uexp" 1073
"../../../Engine/Content/EngineMaterials/WeightMapPlaceholderTexture.uasset" 1074
"../../../Engine/Content/EngineMaterials/WeightMapPlaceholderTexture.uexp" 1075
"../../../Engine/Content/EngineMaterials/WeightMapArrayPlaceholderTexture.uasset" 1076
"../../../Engine/Content/EngineMaterials/WeightMapArrayPlaceholderTexture.uexp" 1077
"../../../Engine/Content/EditorLandscapeResources/SplineEditorMeshMat.uasset" 1078
"../../../Engine/Content/EditorLandscapeResources/SplineEditorMeshMat.uexp" 1079
"../../../Engine/Content/EditorLandscapeResources/SplineEditorMesh.ubulk" 1080
"../../../Engine/Content/EditorLandscapeResources/SplineEditorMesh.uasset" 1081
"../../../Engine/Content/EditorLandscapeResources/SplineEditorMesh.uexp" 1082
"../../../Engine/Content/BasicShapes/Cone.ubulk" 1083
"../../../Engine/Content/BasicShapes/Cone.uasset" 1084
"../../../Engine/Content/BasicShapes/Cone.uexp" 1085
"C:/Users/david/Documents/GitHub/saint-grail/Content/Parkour_system/DT_Accionesparkour.uasset" 1086
"C:/Users/david/Documents/GitHub/saint-grail/Content/Parkour_system/DT_Accionesparkour.uexp" 1087
"C:/Users/david/Documents/GitHub/saint-grail/Content/StarterContent/Textures/T_Detail_Rocky_N.ubulk" 1088
"C:/Users/david/Documents/GitHub/saint-grail/Content/StarterContent/Textures/T_Detail_Rocky_N.uasset" 1089
"C:/Users/david/Documents/GitHub/saint-grail/Content/StarterContent/Textures/T_Detail_Rocky_N.uexp" 1090
"C:/Users/david/Documents/GitHub/saint-grail/Content/levels/LAVA.uasset" 1091
"C:/Users/david/Documents/GitHub/saint-grail/Content/levels/LAVA.uexp" 1092
"C:/Users/david/Documents/GitHub/saint-grail/Content/levels/LAVA_Inst.uasset" 1093
"C:/Users/david/Documents/GitHub/saint-grail/Content/levels/LAVA_Inst.uexp" 1094
"../../../Engine/Content/Functions/Engine_MaterialFunctions02/Texturing/CustomRotator.uasset" 1095
"../../../Engine/Content/Functions/Engine_MaterialFunctions02/Texturing/CustomRotator.uexp" 1096
"../../../Engine/Plugins/Runtime/AudioWidgets/Content/AudioMaterialSlate/Functions/MF_SingleLine_Smooth.uasset" 1097
"../../../Engine/Plugins/Runtime/AudioWidgets/Content/AudioMaterialSlate/Functions/MF_SingleLine_Smooth.uexp" 1098
"../../../Engine/Plugins/Runtime/AudioWidgets/Content/AudioMaterialSlate/Functions/MF_AngleGradient.uasset" 1099
"../../../Engine/Plugins/Runtime/AudioWidgets/Content/AudioMaterialSlate/Functions/MF_AngleGradient.uexp" 1100
"../../../Engine/Plugins/Runtime/AudioWidgets/Content/AudioMaterialSlate/Functions/MF_SingleLine.uasset" 1101
"../../../Engine/Plugins/Runtime/AudioWidgets/Content/AudioMaterialSlate/Functions/MF_SingleLine.uexp" 1102
"../../../Engine/Content/Functions/Engine_MaterialFunctions01/Gradient/SphereGradient-2D.uasset" 1103
"../../../Engine/Content/Functions/Engine_MaterialFunctions01/Gradient/SphereGradient-2D.uexp" 1104
"../../../Engine/Plugins/Runtime/AudioWidgets/Content/AudioMaterialSlate/M_AudioMaterialToggleButton.uasset" 1105
"../../../Engine/Plugins/Runtime/AudioWidgets/Content/AudioMaterialSlate/M_AudioMaterialToggleButton.uexp" 1106
"../../../Engine/Plugins/Runtime/AudioWidgets/Content/AudioMaterialSlate/MI_AudioMaterialToggleButton.uasset" 1107
"../../../Engine/Plugins/Runtime/AudioWidgets/Content/AudioMaterialSlate/MI_AudioMaterialToggleButton.uexp" 1108
"../../../Engine/Content/Functions/Engine_MaterialFunctions01/Gradient/GeneratedRoundRect.uasset" 1109
"../../../Engine/Content/Functions/Engine_MaterialFunctions01/Gradient/GeneratedRoundRect.uexp" 1110
"../../../Engine/Plugins/Runtime/AudioWidgets/Content/AudioMaterialSlate/M_AudioMaterialRoundedSlider.uasset" 1111
"../../../Engine/Plugins/Runtime/AudioWidgets/Content/AudioMaterialSlate/M_AudioMaterialRoundedSlider.uexp" 1112
"../../../Engine/Plugins/Runtime/AudioWidgets/Content/AudioMaterialSlate/MI_AudioMaterialRoundedSlider.uasset" 1113
"../../../Engine/Plugins/Runtime/AudioWidgets/Content/AudioMaterialSlate/MI_AudioMaterialRoundedSlider.uexp" 1114
"../../../Engine/Plugins/Runtime/AudioWidgets/Content/AudioMaterialSlate/Functions/MF_Lines.uasset" 1115
"../../../Engine/Plugins/Runtime/AudioWidgets/Content/AudioMaterialSlate/Functions/MF_Lines.uexp" 1116
"../../../Engine/Content/Functions/Engine_MaterialFunctions02/Lerp_3Color.uasset" 1117
"../../../Engine/Content/Functions/Engine_MaterialFunctions02/Lerp_3Color.uexp" 1118
"../../../Engine/Plugins/Runtime/AudioWidgets/Content/AudioMaterialSlate/M_AudioMaterialMeter.uasset" 1119
"../../../Engine/Plugins/Runtime/AudioWidgets/Content/AudioMaterialSlate/M_AudioMaterialMeter.uexp" 1120
"../../../Engine/Plugins/Runtime/AudioWidgets/Content/AudioMaterialSlate/MI_AudioMaterialMeter.uasset" 1121
"../../../Engine/Plugins/Runtime/AudioWidgets/Content/AudioMaterialSlate/MI_AudioMaterialMeter.uexp" 1122
"../../../Engine/Plugins/Runtime/AudioWidgets/Content/AudioMaterialSlate/M_AudioMaterialKnob.uasset" 1123
"../../../Engine/Plugins/Runtime/AudioWidgets/Content/AudioMaterialSlate/M_AudioMaterialKnob.uexp" 1124
"../../../Engine/Plugins/Runtime/AudioWidgets/Content/AudioMaterialSlate/MI_AudioMaterialKnob.uasset" 1125
"../../../Engine/Plugins/Runtime/AudioWidgets/Content/AudioMaterialSlate/MI_AudioMaterialKnob.uexp" 1126
"../../../Engine/Plugins/Runtime/AudioWidgets/Content/AudioMaterialSlate/Functions/MF_DotOutlined.uasset" 1127
"../../../Engine/Plugins/Runtime/AudioWidgets/Content/AudioMaterialSlate/Functions/MF_DotOutlined.uexp" 1128
"../../../Engine/Plugins/Runtime/AudioWidgets/Content/AudioMaterialSlate/M_AudioMaterialEnvelope_ADSR.uasset" 1129
"../../../Engine/Plugins/Runtime/AudioWidgets/Content/AudioMaterialSlate/M_AudioMaterialEnvelope_ADSR.uexp" 1130
"../../../Engine/Plugins/Runtime/AudioWidgets/Content/AudioMaterialSlate/MI_AudioMaterialEnvelope_ADSR.uasset" 1131
"../../../Engine/Plugins/Runtime/AudioWidgets/Content/AudioMaterialSlate/MI_AudioMaterialEnvelope_ADSR.uexp" 1132
"../../../Engine/Plugins/Interchange/Assets/Content/gltf/MaterialBodies/MF_Unlit_Body.uasset" 1133
"../../../Engine/Plugins/Interchange/Assets/Content/gltf/MaterialBodies/MF_Unlit_Body.uexp" 1134
"../../../Engine/Plugins/Interchange/Assets/Content/gltf/M_Unlit.uasset" 1135
"../../../Engine/Plugins/Interchange/Assets/Content/gltf/M_Unlit.uexp" 1136
"../../../Engine/Plugins/Interchange/Assets/Content/gltf/MaterialInstances/MI_Unlit_Opaque.uasset" 1137
"../../../Engine/Plugins/Interchange/Assets/Content/gltf/MaterialInstances/MI_Unlit_Opaque.uexp" 1138
"../../../Engine/Plugins/Interchange/Assets/Content/gltf/MaterialInstances/MI_Unlit_Mask_DS.uasset" 1139
"../../../Engine/Plugins/Interchange/Assets/Content/gltf/MaterialInstances/MI_Unlit_Mask_DS.uexp" 1140
"../../../Engine/Plugins/Interchange/Assets/Content/gltf/MaterialInstances/MI_Unlit_Mask.uasset" 1141
"../../../Engine/Plugins/Interchange/Assets/Content/gltf/MaterialInstances/MI_Unlit_Mask.uexp" 1142
"../../../Engine/Plugins/Interchange/Assets/Content/gltf/MaterialInstances/MI_Unlit_Blend_DS.uasset" 1143
"../../../Engine/Plugins/Interchange/Assets/Content/gltf/MaterialInstances/MI_Unlit_Blend_DS.uexp" 1144
"../../../Engine/Plugins/Interchange/Assets/Content/gltf/MaterialInstances/MI_Unlit_Blend.uasset" 1145
"../../../Engine/Plugins/Interchange/Assets/Content/gltf/MaterialInstances/MI_Unlit_Blend.uexp" 1146
"../../../Engine/Content/EngineMaterials/Good64x64TilingNoiseHighFreq.uasset" 1147
"../../../Engine/Content/EngineMaterials/Good64x64TilingNoiseHighFreq.uexp" 1148
"../../../Engine/Content/Functions/Engine_MaterialFunctions02/Texturing/ScreenAlignedPixelToPixelUVs.uasset" 1149
"../../../Engine/Content/Functions/Engine_MaterialFunctions02/Texturing/ScreenAlignedPixelToPixelUVs.uexp" 1150
"../../../Engine/Plugins/Interchange/Assets/Content/gltf/MaterialFunctions/MF_Temporal_Blur.uasset" 1151
"../../../Engine/Plugins/Interchange/Assets/Content/gltf/MaterialFunctions/MF_Temporal_Blur.uexp" 1152
"../../../Engine/Plugins/Interchange/Assets/Content/gltf/MaterialFunctions/MF_Fresnel_DS.uasset" 1153
"../../../Engine/Plugins/Interchange/Assets/Content/gltf/MaterialFunctions/MF_Fresnel_DS.uexp" 1154
"../../../Engine/Plugins/Interchange/Assets/Content/gltf/MaterialFunctions/MF_Transmission.uasset" 1155
"../../../Engine/Plugins/Interchange/Assets/Content/gltf/MaterialFunctions/MF_Transmission.uexp" 1156
"../../../Engine/Plugins/Interchange/Assets/Content/gltf/MaterialBodies/MF_Transmission_Body.uasset" 1157
"../../../Engine/Plugins/Interchange/Assets/Content/gltf/MaterialBodies/MF_Transmission_Body.uexp" 1158
"../../../Engine/Plugins/Interchange/Assets/Content/gltf/M_Transmission.uasset" 1159
"../../../Engine/Plugins/Interchange/Assets/Content/gltf/M_Transmission.uexp" 1160
"../../../Engine/Plugins/Interchange/Assets/Content/gltf/MaterialInstances/MI_Transmission_DS.uasset" 1161
"../../../Engine/Plugins/Interchange/Assets/Content/gltf/MaterialInstances/MI_Transmission_DS.uexp" 1162
"../../../Engine/Plugins/Interchange/Assets/Content/gltf/MaterialInstances/MI_Transmission.uasset" 1163
"../../../Engine/Plugins/Interchange/Assets/Content/gltf/MaterialInstances/MI_Transmission.uexp" 1164
"../../../Engine/Content/Functions/Engine_MaterialFunctions02/Math/AddComponents.uasset" 1165
"../../../Engine/Content/Functions/Engine_MaterialFunctions02/Math/AddComponents.uexp" 1166
"../../../Engine/Plugins/Interchange/Assets/Content/gltf/MaterialFunctions/MF_DiffuseSpecGloss.uasset" 1167
"../../../Engine/Plugins/Interchange/Assets/Content/gltf/MaterialFunctions/MF_DiffuseSpecGloss.uexp" 1168
"../../../Engine/Plugins/Interchange/Assets/Content/gltf/MaterialFunctions/MF_PerceivedBrightness.uasset" 1169
"../../../Engine/Plugins/Interchange/Assets/Content/gltf/MaterialFunctions/MF_PerceivedBrightness.uexp" 1170
"../../../Engine/Plugins/Interchange/Assets/Content/gltf/MaterialFunctions/MF_SpecGlossToMetalRoughness.uasset" 1171
"../../../Engine/Plugins/Interchange/Assets/Content/gltf/MaterialFunctions/MF_SpecGlossToMetalRoughness.uexp" 1172
"../../../Engine/Plugins/Interchange/Assets/Content/gltf/MaterialFunctions/MF_MaxComponentValue.uasset" 1173
"../../../Engine/Plugins/Interchange/Assets/Content/gltf/MaterialFunctions/MF_MaxComponentValue.uexp" 1174
"../../../Engine/Plugins/Interchange/Assets/Content/gltf/MaterialBodies/MF_SpecularGlossiness_Body.uasset" 1175
"../../../Engine/Plugins/Interchange/Assets/Content/gltf/MaterialBodies/MF_SpecularGlossiness_Body.uexp" 1176
"../../../Engine/Plugins/Interchange/Assets/Content/gltf/M_SpecularGlossiness.uasset" 1177
"../../../Engine/Plugins/Interchange/Assets/Content/gltf/M_SpecularGlossiness.uexp" 1178
"../../../Engine/Plugins/Interchange/Assets/Content/gltf/MaterialInstances/MI_SpecularGlossiness_Opaque_DS.uasset" 1179
"../../../Engine/Plugins/Interchange/Assets/Content/gltf/MaterialInstances/MI_SpecularGlossiness_Opaque_DS.uexp" 1180
"../../../Engine/Plugins/Interchange/Assets/Content/gltf/MaterialInstances/MI_SpecularGlossiness_Opaque.uasset" 1181
"../../../Engine/Plugins/Interchange/Assets/Content/gltf/MaterialInstances/MI_SpecularGlossiness_Opaque.uexp" 1182
"../../../Engine/Plugins/Interchange/Assets/Content/gltf/MaterialInstances/MI_SpecularGlossiness_Mask_DS.uasset" 1183
"../../../Engine/Plugins/Interchange/Assets/Content/gltf/MaterialInstances/MI_SpecularGlossiness_Mask_DS.uexp" 1184
"../../../Engine/Plugins/Interchange/Assets/Content/gltf/MaterialInstances/MI_SpecularGlossiness_Mask.uasset" 1185
"../../../Engine/Plugins/Interchange/Assets/Content/gltf/MaterialInstances/MI_SpecularGlossiness_Mask.uexp" 1186
"../../../Engine/Plugins/Interchange/Assets/Content/gltf/MaterialInstances/MI_SpecularGlossiness_Blend_DS.uasset" 1187
"../../../Engine/Plugins/Interchange/Assets/Content/gltf/MaterialInstances/MI_SpecularGlossiness_Blend_DS.uexp" 1188
"../../../Engine/Plugins/Interchange/Assets/Content/gltf/MaterialInstances/MI_SpecularGlossiness_Blend.uasset" 1189
"../../../Engine/Plugins/Interchange/Assets/Content/gltf/MaterialInstances/MI_SpecularGlossiness_Blend.uexp" 1190
"../../../Engine/Plugins/Interchange/Assets/Content/gltf/MaterialFunctions/MF_Sheen.uasset" 1191
"../../../Engine/Plugins/Interchange/Assets/Content/gltf/MaterialFunctions/MF_Sheen.uexp" 1192
"../../../Engine/Plugins/Interchange/Assets/Content/gltf/MaterialBodies/MF_Sheen_Body.uasset" 1193
"../../../Engine/Plugins/Interchange/Assets/Content/gltf/MaterialBodies/MF_Sheen_Body.uexp" 1194
"../../../Engine/Plugins/Interchange/Assets/Content/gltf/M_Sheen.uasset" 1195
"../../../Engine/Plugins/Interchange/Assets/Content/gltf/M_Sheen.uexp" 1196
"../../../Engine/Plugins/Interchange/Assets/Content/gltf/MaterialInstances/MI_Sheen_Opaque_DS.uasset" 1197
"../../../Engine/Plugins/Interchange/Assets/Content/gltf/MaterialInstances/MI_Sheen_Opaque_DS.uexp" 1198
"../../../Engine/Plugins/Interchange/Assets/Content/gltf/MaterialInstances/MI_Sheen_Opaque.uasset" 1199
"../../../Engine/Plugins/Interchange/Assets/Content/gltf/MaterialInstances/MI_Sheen_Opaque.uexp" 1200
"../../../Engine/Plugins/Interchange/Assets/Content/gltf/MaterialInstances/MI_Sheen_Mask_DS.uasset" 1201
"../../../Engine/Plugins/Interchange/Assets/Content/gltf/MaterialInstances/MI_Sheen_Mask_DS.uexp" 1202
"../../../Engine/Plugins/Interchange/Assets/Content/gltf/MaterialInstances/MI_Sheen_Mask.uasset" 1203
"../../../Engine/Plugins/Interchange/Assets/Content/gltf/MaterialInstances/MI_Sheen_Mask.uexp" 1204
"../../../Engine/Plugins/Interchange/Assets/Content/gltf/MaterialInstances/MI_Sheen_Blend_DS.uasset" 1205
"../../../Engine/Plugins/Interchange/Assets/Content/gltf/MaterialInstances/MI_Sheen_Blend_DS.uexp" 1206
"../../../Engine/Plugins/Interchange/Assets/Content/gltf/MaterialInstances/MI_Sheen_Blend.uasset" 1207
"../../../Engine/Plugins/Interchange/Assets/Content/gltf/MaterialInstances/MI_Sheen_Blend.uexp" 1208
"../../../Engine/Plugins/Interchange/Assets/Content/gltf/MaterialInstances/MI_Default_Opaque.uasset" 1209
"../../../Engine/Plugins/Interchange/Assets/Content/gltf/MaterialInstances/MI_Default_Opaque.uexp" 1210
"../../../Engine/Plugins/Interchange/Assets/Content/gltf/MaterialInstances/MI_Default_Mask_DS.uasset" 1211
"../../../Engine/Plugins/Interchange/Assets/Content/gltf/MaterialInstances/MI_Default_Mask_DS.uexp" 1212
"../../../Engine/Plugins/Interchange/Assets/Content/gltf/MaterialInstances/MI_Default_Mask.uasset" 1213
"../../../Engine/Plugins/Interchange/Assets/Content/gltf/MaterialInstances/MI_Default_Mask.uexp" 1214
"../../../Engine/Plugins/Interchange/Assets/Content/gltf/MaterialInstances/MI_Default_Blend_DS.uasset" 1215
"../../../Engine/Plugins/Interchange/Assets/Content/gltf/MaterialInstances/MI_Default_Blend_DS.uexp" 1216
"../../../Engine/Plugins/Interchange/Assets/Content/gltf/MaterialInstances/MI_Default_Blend.uasset" 1217
"../../../Engine/Plugins/Interchange/Assets/Content/gltf/MaterialInstances/MI_Default_Blend.uexp" 1218
"../../../Engine/Content/Functions/Engine_MaterialFunctions01/Texturing/FlattenNormal.uasset" 1219
"../../../Engine/Content/Functions/Engine_MaterialFunctions01/Texturing/FlattenNormal.uexp" 1220
"../../../Engine/Plugins/Interchange/Assets/Content/gltf/MaterialFunctions/MF_Clearcoat.uasset" 1221
"../../../Engine/Plugins/Interchange/Assets/Content/gltf/MaterialFunctions/MF_Clearcoat.uexp" 1222
"../../../Engine/Plugins/Interchange/Assets/Content/gltf/MaterialBodies/MF_ClearCoat_Body.uasset" 1223
"../../../Engine/Plugins/Interchange/Assets/Content/gltf/MaterialBodies/MF_ClearCoat_Body.uexp" 1224
"../../../Engine/Plugins/Interchange/Assets/Content/gltf/M_ClearCoat.uasset" 1225
"../../../Engine/Plugins/Interchange/Assets/Content/gltf/M_ClearCoat.uexp" 1226
"../../../Engine/Plugins/Interchange/Assets/Content/gltf/MaterialInstances/MI_ClearCoat_Opaque_DS.uasset" 1227
"../../../Engine/Plugins/Interchange/Assets/Content/gltf/MaterialInstances/MI_ClearCoat_Opaque_DS.uexp" 1228
"../../../Engine/Plugins/Interchange/Assets/Content/gltf/MaterialInstances/MI_ClearCoat_Opaque.uasset" 1229
"../../../Engine/Plugins/Interchange/Assets/Content/gltf/MaterialInstances/MI_ClearCoat_Opaque.uexp" 1230
"../../../Engine/Plugins/Interchange/Assets/Content/gltf/MaterialInstances/MI_ClearCoat_Mask_DS.uasset" 1231
"../../../Engine/Plugins/Interchange/Assets/Content/gltf/MaterialInstances/MI_ClearCoat_Mask_DS.uexp" 1232
"../../../Engine/Plugins/Interchange/Assets/Content/gltf/MaterialInstances/MI_ClearCoat_Mask.uasset" 1233
"../../../Engine/Plugins/Interchange/Assets/Content/gltf/MaterialInstances/MI_ClearCoat_Mask.uexp" 1234
"../../../Engine/Plugins/Interchange/Assets/Content/gltf/MaterialInstances/MI_ClearCoat_Blend_DS.uasset" 1235
"../../../Engine/Plugins/Interchange/Assets/Content/gltf/MaterialInstances/MI_ClearCoat_Blend_DS.uexp" 1236
"../../../Engine/Plugins/Interchange/Assets/Content/gltf/MaterialInstances/MI_ClearCoat_Blend.uasset" 1237
"../../../Engine/Plugins/Interchange/Assets/Content/gltf/MaterialInstances/MI_ClearCoat_Blend.uexp" 1238
"../../../Engine/Content/VREditor/LaserPointer/VR_LaserPower_01.ubulk" 1239
"../../../Engine/Content/VREditor/LaserPointer/VR_LaserPower_01.uasset" 1240
"../../../Engine/Content/VREditor/LaserPointer/VR_LaserPower_01.uexp" 1241
"../../../Engine/Content/VREditor/TransformGizmo/TransformGizmoMaterial.uasset" 1242
"../../../Engine/Content/VREditor/TransformGizmo/TransformGizmoMaterial.uexp" 1243
"../../../Engine/Content/VREditor/TransformGizmo/TranslucentTransformGizmoMaterial.uasset" 1244
"../../../Engine/Content/VREditor/TransformGizmo/TranslucentTransformGizmoMaterial.uexp" 1245
"../../../Engine/Content/VREditor/TransformGizmo/BoundingBoxEdge.ubulk" 1246
"../../../Engine/Content/VREditor/TransformGizmo/BoundingBoxEdge.uasset" 1247
"../../../Engine/Content/VREditor/TransformGizmo/BoundingBoxEdge.uexp" 1248
"../../../Engine/Content/VREditor/TransformGizmo/BoundingBoxCorner.ubulk" 1249
"../../../Engine/Content/VREditor/TransformGizmo/BoundingBoxCorner.uasset" 1250
"../../../Engine/Content/VREditor/TransformGizmo/BoundingBoxCorner.uexp" 1251
"../../../Engine/Content/EngineSky/VolumetricClouds/T_CloudMask.ubulk" 1252
"../../../Engine/Content/EngineSky/VolumetricClouds/T_CloudMask.uasset" 1253
"../../../Engine/Content/EngineSky/VolumetricClouds/T_CloudMask.uexp" 1254
"../../../Engine/Content/EngineSky/VolumetricClouds/VT_Lightning.uasset" 1255
"../../../Engine/Content/EngineSky/VolumetricClouds/VT_Lightning.uexp" 1256
"../../../Engine/Content/EngineSky/VolumetricClouds/T_Profile_08.ubulk" 1257
"../../../Engine/Content/EngineSky/VolumetricClouds/T_Profile_08.uasset" 1258
"../../../Engine/Content/EngineSky/VolumetricClouds/T_Profile_08.uexp" 1259
"../../../Engine/Content/Functions/Engine_MaterialFunctions02/Utility/MakeFloat4.uasset" 1260
"../../../Engine/Content/Functions/Engine_MaterialFunctions02/Utility/MakeFloat4.uexp" 1261
"../../../Engine/Content/Functions/Engine_MaterialFunctions01/Units/Km-to-Cm.uasset" 1262
"../../../Engine/Content/Functions/Engine_MaterialFunctions01/Units/Km-to-Cm.uexp" 1263
"../../../Engine/Content/Functions/Engine_MaterialFunctions02/Utility/BreakOutFloat4Components.uasset" 1264
"../../../Engine/Content/Functions/Engine_MaterialFunctions02/Utility/BreakOutFloat4Components.uexp" 1265
"../../../Engine/Content/EngineSky/VolumetricClouds/T_CloudPattern.ubulk" 1266
"../../../Engine/Content/EngineSky/VolumetricClouds/T_CloudPattern.uasset" 1267
"../../../Engine/Content/EngineSky/VolumetricClouds/T_CloudPattern.uexp" 1268
"../../../Engine/Content/EngineSky/VolumetricClouds/VT_PerlinWorley_Balanced.uasset" 1269
"../../../Engine/Content/EngineSky/VolumetricClouds/VT_PerlinWorley_Balanced.uexp" 1270
"../../../Engine/Content/EngineSky/VolumetricClouds/m_SimpleVolumetricCloud.uasset" 1271
"../../../Engine/Content/EngineSky/VolumetricClouds/m_SimpleVolumetricCloud.uexp" 1272
"../../../Engine/Content/EngineSky/VolumetricClouds/m_SimpleVolumetricCloud_Inst.uasset" 1273
"../../../Engine/Content/EngineSky/VolumetricClouds/m_SimpleVolumetricCloud_Inst.uexp" 1274
"../../../Engine/Content/EditorMaterials/Camera/CineMat.uasset" 1275
"../../../Engine/Content/EditorMaterials/Camera/CineMat.uexp" 1276
"../../../Engine/Content/EditorMaterials/Camera/MI_CineMat_Rig.uasset" 1277
"../../../Engine/Content/EditorMaterials/Camera/MI_CineMat_Rig.uexp" 1278
"../../../Engine/Content/EditorMeshes/Camera/SM_RailRig_Track.ubulk" 1279
"../../../Engine/Content/EditorMeshes/Camera/SM_RailRig_Track.uasset" 1280
"../../../Engine/Content/EditorMeshes/Camera/SM_RailRig_Track.uexp" 1281
"../../../Engine/Content/EditorMeshes/Camera/SM_RailRig_Mount.ubulk" 1282
"../../../Engine/Content/EditorMeshes/Camera/SM_RailRig_Mount.uasset" 1283
"../../../Engine/Content/EditorMeshes/Camera/SM_RailRig_Mount.uexp" 1284
"../../../Engine/Content/EditorMeshes/Camera/SM_CraneRig_Mount.ubulk" 1285
"../../../Engine/Content/EditorMeshes/Camera/SM_CraneRig_Mount.uasset" 1286
"../../../Engine/Content/EditorMeshes/Camera/SM_CraneRig_Mount.uexp" 1287
"../../../Engine/Content/EditorMeshes/Camera/SM_CraneRig_Body.ubulk" 1288
"../../../Engine/Content/EditorMeshes/Camera/SM_CraneRig_Body.uasset" 1289
"../../../Engine/Content/EditorMeshes/Camera/SM_CraneRig_Body.uexp" 1290
"../../../Engine/Content/EditorMeshes/Camera/SM_CraneRig_Base.ubulk" 1291
"../../../Engine/Content/EditorMeshes/Camera/SM_CraneRig_Base.uasset" 1292
"../../../Engine/Content/EditorMeshes/Camera/SM_CraneRig_Base.uexp" 1293
"../../../Engine/Content/EditorMeshes/Camera/SM_CraneRig_Arm.ubulk" 1294
"../../../Engine/Content/EditorMeshes/Camera/SM_CraneRig_Arm.uasset" 1295
"../../../Engine/Content/EditorMeshes/Camera/SM_CraneRig_Arm.uexp" 1296
"C:/Users/david/Documents/GitHub/saint-grail/Content/Stylized_Rocks/Rock_01/Rock_01_DefaultMaterial_Normal.ubulk" 1297
"C:/Users/david/Documents/GitHub/saint-grail/Content/Stylized_Rocks/Rock_01/Rock_01_DefaultMaterial_Normal.uasset" 1298
"C:/Users/david/Documents/GitHub/saint-grail/Content/Stylized_Rocks/Rock_01/Rock_01_DefaultMaterial_Normal.uexp" 1299
"C:/Users/david/Documents/GitHub/saint-grail/Content/Stylized_Rocks/Rock_01/Rock_01_DefaultMaterial_BaseColor.ubulk" 1300
"C:/Users/david/Documents/GitHub/saint-grail/Content/Stylized_Rocks/Rock_01/Rock_01_DefaultMaterial_BaseColor.uasset" 1301
"C:/Users/david/Documents/GitHub/saint-grail/Content/Stylized_Rocks/Rock_01/Rock_01_DefaultMaterial_BaseColor.uexp" 1302
"C:/Users/david/Documents/GitHub/saint-grail/Content/Stylized_Rocks/Rock_01/Rock_01_DefaultMaterial_OcclusionRoughnessMetallic.ubulk" 1303
"C:/Users/david/Documents/GitHub/saint-grail/Content/Stylized_Rocks/Rock_01/Rock_01_DefaultMaterial_OcclusionRoughnessMetallic.uasset" 1304
"C:/Users/david/Documents/GitHub/saint-grail/Content/Stylized_Rocks/Rock_01/Rock_01_DefaultMaterial_OcclusionRoughnessMetallic.uexp" 1305
"C:/Users/david/Documents/GitHub/saint-grail/Content/Stylized_Rocks/Materials/MM_Stylized_Rocks.uasset" 1306
"C:/Users/david/Documents/GitHub/saint-grail/Content/Stylized_Rocks/Materials/MM_Stylized_Rocks.uexp" 1307
"C:/Users/david/Documents/GitHub/saint-grail/Content/Stylized_Rocks/Rock_01/MM_Stylized_Rock_01_Inst.uasset" 1308
"C:/Users/david/Documents/GitHub/saint-grail/Content/Stylized_Rocks/Rock_01/MM_Stylized_Rock_01_Inst.uexp" 1309
"C:/Users/david/Documents/GitHub/saint-grail/Content/StarterContent/Materials/M_Basic_Wall.uasset" 1310
"C:/Users/david/Documents/GitHub/saint-grail/Content/StarterContent/Materials/M_Basic_Wall.uexp" 1311
"C:/Users/david/Documents/GitHub/saint-grail/Content/StarterContent/Shapes/Shape_WideCapsule.ubulk" 1312
"C:/Users/david/Documents/GitHub/saint-grail/Content/StarterContent/Shapes/Shape_WideCapsule.uasset" 1313
"C:/Users/david/Documents/GitHub/saint-grail/Content/StarterContent/Shapes/Shape_WideCapsule.uexp" 1314
"C:/Users/david/Documents/GitHub/saint-grail/Content/StarterContent/Shapes/Shape_Wedge_B.ubulk" 1315
"C:/Users/david/Documents/GitHub/saint-grail/Content/StarterContent/Shapes/Shape_Wedge_B.uasset" 1316
"C:/Users/david/Documents/GitHub/saint-grail/Content/StarterContent/Shapes/Shape_Wedge_B.uexp" 1317
"C:/Users/david/Documents/GitHub/saint-grail/Content/StarterContent/Shapes/Shape_Wedge_A.ubulk" 1318
"C:/Users/david/Documents/GitHub/saint-grail/Content/StarterContent/Shapes/Shape_Wedge_A.uasset" 1319
"C:/Users/david/Documents/GitHub/saint-grail/Content/StarterContent/Shapes/Shape_Wedge_A.uexp" 1320
"C:/Users/david/Documents/GitHub/saint-grail/Content/StarterContent/Shapes/Shape_Tube.ubulk" 1321
"C:/Users/david/Documents/GitHub/saint-grail/Content/StarterContent/Shapes/Shape_Tube.uasset" 1322
"C:/Users/david/Documents/GitHub/saint-grail/Content/StarterContent/Shapes/Shape_Tube.uexp" 1323
"C:/Users/david/Documents/GitHub/saint-grail/Content/StarterContent/Shapes/Shape_TriPyramid.ubulk" 1324
"C:/Users/david/Documents/GitHub/saint-grail/Content/StarterContent/Shapes/Shape_TriPyramid.uasset" 1325
"C:/Users/david/Documents/GitHub/saint-grail/Content/StarterContent/Shapes/Shape_TriPyramid.uexp" 1326
"C:/Users/david/Documents/GitHub/saint-grail/Content/StarterContent/Shapes/Shape_Trim_90_Out.ubulk" 1327
"C:/Users/david/Documents/GitHub/saint-grail/Content/StarterContent/Shapes/Shape_Trim_90_Out.uasset" 1328
"C:/Users/david/Documents/GitHub/saint-grail/Content/StarterContent/Shapes/Shape_Trim_90_Out.uexp" 1329
"C:/Users/david/Documents/GitHub/saint-grail/Content/StarterContent/Shapes/Shape_Trim_90_In.ubulk" 1330
"C:/Users/david/Documents/GitHub/saint-grail/Content/StarterContent/Shapes/Shape_Trim_90_In.uasset" 1331
"C:/Users/david/Documents/GitHub/saint-grail/Content/StarterContent/Shapes/Shape_Trim_90_In.uexp" 1332
"C:/Users/david/Documents/GitHub/saint-grail/Content/StarterContent/Shapes/Shape_Trim.ubulk" 1333
"C:/Users/david/Documents/GitHub/saint-grail/Content/StarterContent/Shapes/Shape_Trim.uasset" 1334
"C:/Users/david/Documents/GitHub/saint-grail/Content/StarterContent/Shapes/Shape_Trim.uexp" 1335
"C:/Users/david/Documents/GitHub/saint-grail/Content/StarterContent/Shapes/Shape_Torus.ubulk" 1336
"C:/Users/david/Documents/GitHub/saint-grail/Content/StarterContent/Shapes/Shape_Torus.uasset" 1337
"C:/Users/david/Documents/GitHub/saint-grail/Content/StarterContent/Shapes/Shape_Torus.uexp" 1338
"C:/Users/david/Documents/GitHub/saint-grail/Content/StarterContent/Shapes/Shape_Plane.ubulk" 1339
"C:/Users/david/Documents/GitHub/saint-grail/Content/StarterContent/Shapes/Shape_Plane.uasset" 1340
"C:/Users/david/Documents/GitHub/saint-grail/Content/StarterContent/Shapes/Shape_Plane.uexp" 1341
"C:/Users/david/Documents/GitHub/saint-grail/Content/StarterContent/Shapes/Shape_Pipe_90.ubulk" 1342
"C:/Users/david/Documents/GitHub/saint-grail/Content/StarterContent/Shapes/Shape_Pipe_90.uasset" 1343
"C:/Users/david/Documents/GitHub/saint-grail/Content/StarterContent/Shapes/Shape_Pipe_90.uexp" 1344
"C:/Users/david/Documents/GitHub/saint-grail/Content/StarterContent/Shapes/Shape_Pipe_180.ubulk" 1345
"C:/Users/david/Documents/GitHub/saint-grail/Content/StarterContent/Shapes/Shape_Pipe_180.uasset" 1346
"C:/Users/david/Documents/GitHub/saint-grail/Content/StarterContent/Shapes/Shape_Pipe_180.uexp" 1347
"C:/Users/david/Documents/GitHub/saint-grail/Content/StarterContent/Shapes/Shape_Pipe.ubulk" 1348
"C:/Users/david/Documents/GitHub/saint-grail/Content/StarterContent/Shapes/Shape_Pipe.uasset" 1349
"C:/Users/david/Documents/GitHub/saint-grail/Content/StarterContent/Shapes/Shape_Pipe.uexp" 1350
"C:/Users/david/Documents/GitHub/saint-grail/Content/StarterContent/Shapes/Shape_NarrowCapsule.ubulk" 1351
"C:/Users/david/Documents/GitHub/saint-grail/Content/StarterContent/Shapes/Shape_NarrowCapsule.uasset" 1352
"C:/Users/david/Documents/GitHub/saint-grail/Content/StarterContent/Shapes/Shape_NarrowCapsule.uexp" 1353
"C:/Users/david/Documents/GitHub/saint-grail/Content/StarterContent/Shapes/Shape_Cylinder.ubulk" 1354
"C:/Users/david/Documents/GitHub/saint-grail/Content/StarterContent/Shapes/Shape_Cylinder.uasset" 1355
"C:/Users/david/Documents/GitHub/saint-grail/Content/StarterContent/Shapes/Shape_Cylinder.uexp" 1356
"C:/Users/david/Documents/GitHub/saint-grail/Content/StarterContent/Shapes/Shape_Cone.ubulk" 1357
"C:/Users/david/Documents/GitHub/saint-grail/Content/StarterContent/Shapes/Shape_Cone.uasset" 1358
"C:/Users/david/Documents/GitHub/saint-grail/Content/StarterContent/Shapes/Shape_Cone.uexp" 1359
"C:/Users/david/Documents/GitHub/saint-grail/Content/StarterContent/Materials/M_Basic_Floor.uasset" 1360
"C:/Users/david/Documents/GitHub/saint-grail/Content/StarterContent/Materials/M_Basic_Floor.uexp" 1361
"C:/Users/david/Documents/GitHub/saint-grail/Content/StarterContent/Props/SM_Stairs.ubulk" 1362
"C:/Users/david/Documents/GitHub/saint-grail/Content/StarterContent/Props/SM_Stairs.uasset" 1363
"C:/Users/david/Documents/GitHub/saint-grail/Content/StarterContent/Props/SM_Stairs.uexp" 1364
"C:/Users/david/Documents/GitHub/saint-grail/Content/StarterContent/Textures/T_Shelf_N.ubulk" 1365
"C:/Users/david/Documents/GitHub/saint-grail/Content/StarterContent/Textures/T_Shelf_N.uasset" 1366
"C:/Users/david/Documents/GitHub/saint-grail/Content/StarterContent/Textures/T_Shelf_N.uexp" 1367
"C:/Users/david/Documents/GitHub/saint-grail/Content/StarterContent/Textures/T_Shelf_M.ubulk" 1368
"C:/Users/david/Documents/GitHub/saint-grail/Content/StarterContent/Textures/T_Shelf_M.uasset" 1369
"C:/Users/david/Documents/GitHub/saint-grail/Content/StarterContent/Textures/T_Shelf_M.uexp" 1370
"C:/Users/david/Documents/GitHub/saint-grail/Content/StarterContent/Props/Materials/M_Shelf.uasset" 1371
"C:/Users/david/Documents/GitHub/saint-grail/Content/StarterContent/Props/Materials/M_Shelf.uexp" 1372
"C:/Users/david/Documents/GitHub/saint-grail/Content/StarterContent/Props/SM_Shelf.ubulk" 1373
"C:/Users/david/Documents/GitHub/saint-grail/Content/StarterContent/Props/SM_Shelf.uasset" 1374
"C:/Users/david/Documents/GitHub/saint-grail/Content/StarterContent/Props/SM_Shelf.uexp" 1375
"../../../Engine/Content/Functions/Engine_MaterialFunctions02/Utility/BlendAngleCorrectedNormals.uasset" 1376
"../../../Engine/Content/Functions/Engine_MaterialFunctions02/Utility/BlendAngleCorrectedNormals.uexp" 1377
"C:/Users/david/Documents/GitHub/saint-grail/Content/StarterContent/Textures/T_Rock_Basalt_D.ubulk" 1378
"C:/Users/david/Documents/GitHub/saint-grail/Content/StarterContent/Textures/T_Rock_Basalt_D.uasset" 1379
"C:/Users/david/Documents/GitHub/saint-grail/Content/StarterContent/Textures/T_Rock_Basalt_D.uexp" 1380
"C:/Users/david/Documents/GitHub/saint-grail/Content/StarterContent/Textures/T_RockMesh_N.ubulk" 1381
"C:/Users/david/Documents/GitHub/saint-grail/Content/StarterContent/Textures/T_RockMesh_N.uasset" 1382
"C:/Users/david/Documents/GitHub/saint-grail/Content/StarterContent/Textures/T_RockMesh_N.uexp" 1383
"C:/Users/david/Documents/GitHub/saint-grail/Content/StarterContent/Textures/T_RockMesh_M.ubulk" 1384
"C:/Users/david/Documents/GitHub/saint-grail/Content/StarterContent/Textures/T_RockMesh_M.uasset" 1385
"C:/Users/david/Documents/GitHub/saint-grail/Content/StarterContent/Textures/T_RockMesh_M.uexp" 1386
"C:/Users/david/Documents/GitHub/saint-grail/Content/StarterContent/Props/Materials/M_Rock.uasset" 1387
"C:/Users/david/Documents/GitHub/saint-grail/Content/StarterContent/Props/Materials/M_Rock.uexp" 1388
"C:/Users/david/Documents/GitHub/saint-grail/Content/StarterContent/Props/SM_Rock.ubulk" 1389
"C:/Users/david/Documents/GitHub/saint-grail/Content/StarterContent/Props/SM_Rock.uasset" 1390
"C:/Users/david/Documents/GitHub/saint-grail/Content/StarterContent/Props/SM_Rock.uexp" 1391
"C:/Users/david/Documents/GitHub/saint-grail/Content/StarterContent/Materials/M_Glass.uasset" 1392
"C:/Users/david/Documents/GitHub/saint-grail/Content/StarterContent/Materials/M_Glass.uexp" 1393
"C:/Users/david/Documents/GitHub/saint-grail/Content/StarterContent/Textures/T_Door_N.ubulk" 1394
"C:/Users/david/Documents/GitHub/saint-grail/Content/StarterContent/Textures/T_Door_N.uasset" 1395
"C:/Users/david/Documents/GitHub/saint-grail/Content/StarterContent/Textures/T_Door_N.uexp" 1396
"C:/Users/david/Documents/GitHub/saint-grail/Content/StarterContent/Textures/T_Door_M.ubulk" 1397
"C:/Users/david/Documents/GitHub/saint-grail/Content/StarterContent/Textures/T_Door_M.uasset" 1398
"C:/Users/david/Documents/GitHub/saint-grail/Content/StarterContent/Textures/T_Door_M.uexp" 1399
"C:/Users/david/Documents/GitHub/saint-grail/Content/StarterContent/Props/Materials/M_Door.uasset" 1400
"C:/Users/david/Documents/GitHub/saint-grail/Content/StarterContent/Props/Materials/M_Door.uexp" 1401
"C:/Users/david/Documents/GitHub/saint-grail/Content/StarterContent/Props/SM_Door.ubulk" 1402
"C:/Users/david/Documents/GitHub/saint-grail/Content/StarterContent/Props/SM_Door.uasset" 1403
"C:/Users/david/Documents/GitHub/saint-grail/Content/StarterContent/Props/SM_Door.uexp" 1404
"C:/Users/david/Documents/GitHub/saint-grail/Content/StarterContent/Textures/T_Chair_N.ubulk" 1405
"C:/Users/david/Documents/GitHub/saint-grail/Content/StarterContent/Textures/T_Chair_N.uasset" 1406
"C:/Users/david/Documents/GitHub/saint-grail/Content/StarterContent/Textures/T_Chair_N.uexp" 1407
"C:/Users/david/Documents/GitHub/saint-grail/Content/StarterContent/Textures/T_Chair_M.ubulk" 1408
"C:/Users/david/Documents/GitHub/saint-grail/Content/StarterContent/Textures/T_Chair_M.uasset" 1409
"C:/Users/david/Documents/GitHub/saint-grail/Content/StarterContent/Textures/T_Chair_M.uexp" 1410
"C:/Users/david/Documents/GitHub/saint-grail/Content/StarterContent/Props/Materials/M_Chair.uasset" 1411
"C:/Users/david/Documents/GitHub/saint-grail/Content/StarterContent/Props/Materials/M_Chair.uexp" 1412
"C:/Users/david/Documents/GitHub/saint-grail/Content/StarterContent/Props/SM_Couch.ubulk" 1413
"C:/Users/david/Documents/GitHub/saint-grail/Content/StarterContent/Props/SM_Couch.uasset" 1414
"C:/Users/david/Documents/GitHub/saint-grail/Content/StarterContent/Props/SM_Couch.uexp" 1415
"C:/Users/david/Documents/GitHub/saint-grail/Content/StarterContent/Textures/T_Bush_N.ubulk" 1416
"C:/Users/david/Documents/GitHub/saint-grail/Content/StarterContent/Textures/T_Bush_N.uasset" 1417
"C:/Users/david/Documents/GitHub/saint-grail/Content/StarterContent/Textures/T_Bush_N.uexp" 1418
"C:/Users/david/Documents/GitHub/saint-grail/Content/StarterContent/Textures/T_Bush_D.ubulk" 1419
"C:/Users/david/Documents/GitHub/saint-grail/Content/StarterContent/Textures/T_Bush_D.uasset" 1420
"C:/Users/david/Documents/GitHub/saint-grail/Content/StarterContent/Textures/T_Bush_D.uexp" 1421
"C:/Users/david/Documents/GitHub/saint-grail/Content/StarterContent/Props/Materials/M_Bush.uasset" 1422
"C:/Users/david/Documents/GitHub/saint-grail/Content/StarterContent/Props/Materials/M_Bush.uexp" 1423
"C:/Users/david/Documents/GitHub/saint-grail/Content/StarterContent/Props/SM_Bush.ubulk" 1424
"C:/Users/david/Documents/GitHub/saint-grail/Content/StarterContent/Props/SM_Bush.uasset" 1425
"C:/Users/david/Documents/GitHub/saint-grail/Content/StarterContent/Props/SM_Bush.uexp" 1426
"C:/Users/david/Documents/GitHub/saint-grail/Content/StarterContent/Materials/M_Brick_Clay_Old_Inst.uasset" 1427
"C:/Users/david/Documents/GitHub/saint-grail/Content/StarterContent/Materials/M_Brick_Clay_Old_Inst.uexp" 1428
"C:/Users/david/Documents/GitHub/saint-grail/Content/StarterContent/Audio/Light02_Cue.uasset" 1429
"C:/Users/david/Documents/GitHub/saint-grail/Content/StarterContent/Audio/Light02_Cue.uexp" 1430
"C:/Users/david/Documents/GitHub/saint-grail/Content/StarterContent/Audio/Light01_Cue.uasset" 1431
"C:/Users/david/Documents/GitHub/saint-grail/Content/StarterContent/Audio/Light01_Cue.uexp" 1432
"C:/Users/david/Documents/GitHub/saint-grail/Content/StarterContent/Architecture/Wall_Window_400x400.ubulk" 1433
"C:/Users/david/Documents/GitHub/saint-grail/Content/StarterContent/Architecture/Wall_Window_400x400.uasset" 1434
"C:/Users/david/Documents/GitHub/saint-grail/Content/StarterContent/Architecture/Wall_Window_400x400.uexp" 1435
"C:/Users/david/Documents/GitHub/saint-grail/Content/StarterContent/Architecture/Wall_Door_400x400.ubulk" 1436
"C:/Users/david/Documents/GitHub/saint-grail/Content/StarterContent/Architecture/Wall_Door_400x400.uasset" 1437
"C:/Users/david/Documents/GitHub/saint-grail/Content/StarterContent/Architecture/Wall_Door_400x400.uexp" 1438
"C:/Users/david/Documents/GitHub/saint-grail/Content/StarterContent/Architecture/Wall_500x500.ubulk" 1439
"C:/Users/david/Documents/GitHub/saint-grail/Content/StarterContent/Architecture/Wall_500x500.uasset" 1440
"C:/Users/david/Documents/GitHub/saint-grail/Content/StarterContent/Architecture/Wall_500x500.uexp" 1441
"C:/Users/david/Documents/GitHub/saint-grail/Content/StarterContent/Architecture/Wall_400x400.ubulk" 1442
"C:/Users/david/Documents/GitHub/saint-grail/Content/StarterContent/Architecture/Wall_400x400.uasset" 1443
"C:/Users/david/Documents/GitHub/saint-grail/Content/StarterContent/Architecture/Wall_400x400.uexp" 1444
"C:/Users/david/Documents/GitHub/saint-grail/Content/StarterContent/Architecture/Wall_400x300.ubulk" 1445
"C:/Users/david/Documents/GitHub/saint-grail/Content/StarterContent/Architecture/Wall_400x300.uasset" 1446
"C:/Users/david/Documents/GitHub/saint-grail/Content/StarterContent/Architecture/Wall_400x300.uexp" 1447
"C:/Users/david/Documents/GitHub/saint-grail/Content/StarterContent/Architecture/Pillar_50x500.ubulk" 1448
"C:/Users/david/Documents/GitHub/saint-grail/Content/StarterContent/Architecture/Pillar_50x500.uasset" 1449
"C:/Users/david/Documents/GitHub/saint-grail/Content/StarterContent/Architecture/Pillar_50x500.uexp" 1450
"C:/Users/david/Documents/GitHub/saint-grail/Content/Parkour_system/Colagrse/Colgarse_Libre.uasset" 1451
"C:/Users/david/Documents/GitHub/saint-grail/Content/Parkour_system/Colagrse/Colgarse_Libre.uexp" 1452
"C:/Users/david/Documents/GitHub/saint-grail/Content/Parkour_system/Colagrse/Colgarse_Apoyado.uasset" 1453
"C:/Users/david/Documents/GitHub/saint-grail/Content/Parkour_system/Colagrse/Colgarse_Apoyado.uexp" 1454
"C:/Users/david/Documents/GitHub/saint-grail/Content/Parkour_system/Colagrse/Colgado_Libre.uasset" 1455
"C:/Users/david/Documents/GitHub/saint-grail/Content/Parkour_system/Colagrse/Colgado_Libre.uexp" 1456
"C:/Users/david/Documents/GitHub/saint-grail/Content/Parkour_system/Colagrse/Colgado_Apoyado.uasset" 1457
"C:/Users/david/Documents/GitHub/saint-grail/Content/Parkour_system/Colagrse/Colgado_Apoyado.uexp" 1458
"C:/Users/david/Documents/GitHub/saint-grail/Content/LevelPrototyping/Textures/T_GridChecker_A.ubulk" 1459
"C:/Users/david/Documents/GitHub/saint-grail/Content/LevelPrototyping/Textures/T_GridChecker_A.uasset" 1460
"C:/Users/david/Documents/GitHub/saint-grail/Content/LevelPrototyping/Textures/T_GridChecker_A.uexp" 1461
"../../../Engine/Content/Functions/Engine_MaterialFunctions01/Gradient/LinearGradient.uasset" 1462
"../../../Engine/Content/Functions/Engine_MaterialFunctions01/Gradient/LinearGradient.uexp" 1463
"../../../Engine/Content/Functions/Engine_MaterialFunctions01/ImageAdjustment/CheapContrast.uasset" 1464
"../../../Engine/Content/Functions/Engine_MaterialFunctions01/ImageAdjustment/CheapContrast.uexp" 1465
"C:/Users/david/Documents/GitHub/saint-grail/Content/LevelPrototyping/Materials/MF_ProcGrid.uasset" 1466
"C:/Users/david/Documents/GitHub/saint-grail/Content/LevelPrototyping/Materials/MF_ProcGrid.uexp" 1467
"C:/Users/david/Documents/GitHub/saint-grail/Content/LevelPrototyping/Materials/M_PrototypeGrid.uasset" 1468
"C:/Users/david/Documents/GitHub/saint-grail/Content/LevelPrototyping/Materials/M_PrototypeGrid.uexp" 1469
"C:/Users/david/Documents/GitHub/saint-grail/Content/LevelPrototyping/Materials/MI_PrototypeGrid_Gray.uasset" 1470
"C:/Users/david/Documents/GitHub/saint-grail/Content/LevelPrototyping/Materials/MI_PrototypeGrid_Gray.uexp" 1471
"C:/Users/david/Documents/GitHub/saint-grail/Content/LevelPrototyping/Meshes/SM_Ramp.ubulk" 1472
"C:/Users/david/Documents/GitHub/saint-grail/Content/LevelPrototyping/Meshes/SM_Ramp.uasset" 1473
"C:/Users/david/Documents/GitHub/saint-grail/Content/LevelPrototyping/Meshes/SM_Ramp.uexp" 1474
"C:/Users/david/Documents/GitHub/saint-grail/Content/LevelPrototyping/Meshes/SM_QuarterCylinder.ubulk" 1475
"C:/Users/david/Documents/GitHub/saint-grail/Content/LevelPrototyping/Meshes/SM_QuarterCylinder.uasset" 1476
"C:/Users/david/Documents/GitHub/saint-grail/Content/LevelPrototyping/Meshes/SM_QuarterCylinder.uexp" 1477
"C:/Users/david/Documents/GitHub/saint-grail/Content/LevelPrototyping/Meshes/SM_Cylinder.ubulk" 1478
"C:/Users/david/Documents/GitHub/saint-grail/Content/LevelPrototyping/Meshes/SM_Cylinder.uasset" 1479
"C:/Users/david/Documents/GitHub/saint-grail/Content/LevelPrototyping/Meshes/SM_Cylinder.uexp" 1480
"C:/Users/david/Documents/GitHub/saint-grail/Content/LevelPrototyping/Meshes/SM_Cube.ubulk" 1481
"C:/Users/david/Documents/GitHub/saint-grail/Content/LevelPrototyping/Meshes/SM_Cube.uasset" 1482
"C:/Users/david/Documents/GitHub/saint-grail/Content/LevelPrototyping/Meshes/SM_Cube.uexp" 1483
"C:/Users/david/Documents/GitHub/saint-grail/Content/LevelPrototyping/Materials/M_Solid.uasset" 1484
"C:/Users/david/Documents/GitHub/saint-grail/Content/LevelPrototyping/Materials/M_Solid.uexp" 1485
"C:/Users/david/Documents/GitHub/saint-grail/Content/LevelPrototyping/Materials/MI_Solid_Blue.uasset" 1486
"C:/Users/david/Documents/GitHub/saint-grail/Content/LevelPrototyping/Materials/MI_Solid_Blue.uexp" 1487
"C:/Users/david/Documents/GitHub/saint-grail/Content/LevelPrototyping/Meshes/SM_ChamferCube.ubulk" 1488
"C:/Users/david/Documents/GitHub/saint-grail/Content/LevelPrototyping/Meshes/SM_ChamferCube.uasset" 1489
"C:/Users/david/Documents/GitHub/saint-grail/Content/LevelPrototyping/Meshes/SM_ChamferCube.uexp" 1490
"C:/Users/david/Documents/GitHub/saint-grail/Content/LevelPrototyping/Materials/MI_PrototypeGrid_TopDark.uasset" 1491
"C:/Users/david/Documents/GitHub/saint-grail/Content/LevelPrototyping/Materials/MI_PrototypeGrid_TopDark.uexp" 1492
"C:/Users/david/Documents/GitHub/saint-grail/Content/LevelPrototyping/Materials/MI_PrototypeGrid_Gray_02.uasset" 1493
"C:/Users/david/Documents/GitHub/saint-grail/Content/LevelPrototyping/Materials/MI_PrototypeGrid_Gray_02.uexp" 1494
"C:/Users/david/Documents/GitHub/saint-grail/Content/Fab/Door/Medieval_Door_V2_Diffuse.ubulk" 1495
"C:/Users/david/Documents/GitHub/saint-grail/Content/Fab/Door/Medieval_Door_V2_Diffuse.uasset" 1496
"C:/Users/david/Documents/GitHub/saint-grail/Content/Fab/Door/Medieval_Door_V2_Diffuse.uexp" 1497
"C:/Users/david/Documents/GitHub/saint-grail/Content/Fab/Door/Medieval_Door_V2_Normal.ubulk" 1498
"C:/Users/david/Documents/GitHub/saint-grail/Content/Fab/Door/Medieval_Door_V2_Normal.uasset" 1499
"C:/Users/david/Documents/GitHub/saint-grail/Content/Fab/Door/Medieval_Door_V2_Normal.uexp" 1500
"C:/Users/david/Documents/GitHub/saint-grail/Content/Fab/Door/Wood_002.uasset" 1501
"C:/Users/david/Documents/GitHub/saint-grail/Content/Fab/Door/Wood_002.uexp" 1502
"C:/Users/david/Documents/GitHub/saint-grail/Content/Fab/Door/Handles.uasset" 1503
"C:/Users/david/Documents/GitHub/saint-grail/Content/Fab/Door/Handles.uexp" 1504
"C:/Users/david/Documents/GitHub/saint-grail/Content/Fab/Door/003_Gatehouse_-_Peephole.ubulk" 1505
"C:/Users/david/Documents/GitHub/saint-grail/Content/Fab/Door/003_Gatehouse_-_Peephole.uasset" 1506
"C:/Users/david/Documents/GitHub/saint-grail/Content/Fab/Door/003_Gatehouse_-_Peephole.uexp" 1507
"C:/Users/david/Documents/GitHub/saint-grail/Content/Characters/Khignt/Paladin_J_Nordstrom_Skeleton_AnimBlueprint.uasset" 1508
"C:/Users/david/Documents/GitHub/saint-grail/Content/Characters/Khignt/Paladin_J_Nordstrom_Skeleton_AnimBlueprint.uexp" 1509
"C:/Users/david/Documents/GitHub/saint-grail/Content/Characters/Khignt/Paladin_J_Nordstrom_Anim.uasset" 1510
"C:/Users/david/Documents/GitHub/saint-grail/Content/Characters/Khignt/Paladin_J_Nordstrom_Anim.uexp" 1511
"../../../Engine/Content/EngineMaterials/Substrate/GLints2/AGlintTex2dArray2.uasset" 1512
"../../../Engine/Content/EngineMaterials/Substrate/GLints2/AGlintTex2dArray2.uexp" 1513
"../../../Engine/Content/EngineMaterials/Substrate/GLints/AGlintTex2dArray.uasset" 1514
"../../../Engine/Content/EngineMaterials/Substrate/GLints/AGlintTex2dArray.uexp" 1515
"../../../Engine/Content/ArtTools/RenderToTexture/Meshes/S_1_Unit_Plane.ubulk" 1516
"../../../Engine/Content/ArtTools/RenderToTexture/Meshes/S_1_Unit_Plane.uasset" 1517
"../../../Engine/Content/ArtTools/RenderToTexture/Meshes/S_1_Unit_Plane.uexp" 1518
"C:/Users/david/Documents/GitHub/saint-grail/Content/levels/_GENERATED/andre/Path_ED18CF43.ubulk" 1519
"C:/Users/david/Documents/GitHub/saint-grail/Content/levels/_GENERATED/andre/Path_ED18CF43.uasset" 1520
"C:/Users/david/Documents/GitHub/saint-grail/Content/levels/_GENERATED/andre/Path_ED18CF43.uexp" 1521
"C:/Users/david/Documents/GitHub/saint-grail/Content/levels/_GENERATED/andre/Path_07B07654.ubulk" 1522
"C:/Users/david/Documents/GitHub/saint-grail/Content/levels/_GENERATED/andre/Path_07B07654.uasset" 1523
"C:/Users/david/Documents/GitHub/saint-grail/Content/levels/_GENERATED/andre/Path_07B07654.uexp" 1524
"C:/Users/david/Documents/GitHub/saint-grail/Content/levels/_GENERATED/andre/Extrude_AE888E94.ubulk" 1525
"C:/Users/david/Documents/GitHub/saint-grail/Content/levels/_GENERATED/andre/Extrude_AE888E94.uasset" 1526
"C:/Users/david/Documents/GitHub/saint-grail/Content/levels/_GENERATED/andre/Extrude_AE888E94.uexp" 1527
"C:/Users/david/Documents/GitHub/saint-grail/Content/levels/_GENERATED/andre/Extrude_3F6AE216.ubulk" 1528
"C:/Users/david/Documents/GitHub/saint-grail/Content/levels/_GENERATED/andre/Extrude_3F6AE216.uasset" 1529
"C:/Users/david/Documents/GitHub/saint-grail/Content/levels/_GENERATED/andre/Extrude_3F6AE216.uexp" 1530
"C:/Users/david/Documents/GitHub/saint-grail/Content/levels/_GENERATED/andre/Extrude_2EF7008B.ubulk" 1531
"C:/Users/david/Documents/GitHub/saint-grail/Content/levels/_GENERATED/andre/Extrude_2EF7008B.uasset" 1532
"C:/Users/david/Documents/GitHub/saint-grail/Content/levels/_GENERATED/andre/Extrude_2EF7008B.uexp" 1533
"C:/Users/david/Documents/GitHub/saint-grail/Content/levels/_GENERATED/andre/CubeGridToolOutput_EC740BBB.ubulk" 1534
"C:/Users/david/Documents/GitHub/saint-grail/Content/levels/_GENERATED/andre/CubeGridToolOutput_EC740BBB.uasset" 1535
"C:/Users/david/Documents/GitHub/saint-grail/Content/levels/_GENERATED/andre/CubeGridToolOutput_EC740BBB.uexp" 1536
"C:/Users/david/Documents/GitHub/saint-grail/Content/levels/_GENERATED/andre/CubeGridToolOutput_D18EFF6F.ubulk" 1537
"C:/Users/david/Documents/GitHub/saint-grail/Content/levels/_GENERATED/andre/CubeGridToolOutput_D18EFF6F.uasset" 1538
"C:/Users/david/Documents/GitHub/saint-grail/Content/levels/_GENERATED/andre/CubeGridToolOutput_D18EFF6F.uexp" 1539
"C:/Users/david/Documents/GitHub/saint-grail/Content/levels/_GENERATED/andre/Box_CA6E77FE.ubulk" 1540
"C:/Users/david/Documents/GitHub/saint-grail/Content/levels/_GENERATED/andre/Box_CA6E77FE.uasset" 1541
"C:/Users/david/Documents/GitHub/saint-grail/Content/levels/_GENERATED/andre/Box_CA6E77FE.uexp" 1542
"C:/Users/david/Documents/GitHub/saint-grail/Content/levels/_GENERATED/andre/Box_C258F85B.ubulk" 1543
"C:/Users/david/Documents/GitHub/saint-grail/Content/levels/_GENERATED/andre/Box_C258F85B.uasset" 1544
"C:/Users/david/Documents/GitHub/saint-grail/Content/levels/_GENERATED/andre/Box_C258F85B.uexp" 1545
"C:/Users/david/Documents/GitHub/saint-grail/Content/levels/_GENERATED/andre/Box_BAB2D3C4.ubulk" 1546
"C:/Users/david/Documents/GitHub/saint-grail/Content/levels/_GENERATED/andre/Box_BAB2D3C4.uasset" 1547
"C:/Users/david/Documents/GitHub/saint-grail/Content/levels/_GENERATED/andre/Box_BAB2D3C4.uexp" 1548
"C:/Users/david/Documents/GitHub/saint-grail/Content/levels/_GENERATED/andre/Box_0B2AE0F2.ubulk" 1549
"C:/Users/david/Documents/GitHub/saint-grail/Content/levels/_GENERATED/andre/Box_0B2AE0F2.uasset" 1550
"C:/Users/david/Documents/GitHub/saint-grail/Content/levels/_GENERATED/andre/Box_0B2AE0F2.uexp" 1551
"C:/Users/david/Documents/GitHub/saint-grail/Content/Characters/Mannequin_UE4/Textures/T_UELogo_N_TGA.ubulk" 1552
"C:/Users/david/Documents/GitHub/saint-grail/Content/Characters/Mannequin_UE4/Textures/T_UELogo_N_TGA.uasset" 1553
"C:/Users/david/Documents/GitHub/saint-grail/Content/Characters/Mannequin_UE4/Textures/T_UELogo_N_TGA.uexp" 1554
"C:/Users/david/Documents/GitHub/saint-grail/Content/Characters/Mannequin_UE4/Textures/T_UE4_Mannequin__normals.ubulk" 1555
"C:/Users/david/Documents/GitHub/saint-grail/Content/Characters/Mannequin_UE4/Textures/T_UE4_Mannequin__normals.uasset" 1556
"C:/Users/david/Documents/GitHub/saint-grail/Content/Characters/Mannequin_UE4/Textures/T_UE4_Mannequin__normals.uexp" 1557
"C:/Users/david/Documents/GitHub/saint-grail/Content/Characters/Mannequin_UE4/Materials/Layers/ML_ShinyPlastic_Beige.uasset" 1558
"C:/Users/david/Documents/GitHub/saint-grail/Content/Characters/Mannequin_UE4/Materials/Layers/ML_ShinyPlastic_Beige.uexp" 1559
"../../../Engine/Content/Functions/MaterialLayerFunctions/MatLayerBlend_NormalBlend.uasset" 1560
"../../../Engine/Content/Functions/MaterialLayerFunctions/MatLayerBlend_NormalBlend.uexp" 1561
"C:/Users/david/Documents/GitHub/saint-grail/Content/Characters/Mannequin_UE4/Textures/T_UELogo_Mask.ubulk" 1562
"C:/Users/david/Documents/GitHub/saint-grail/Content/Characters/Mannequin_UE4/Textures/T_UELogo_Mask.uasset" 1563
"C:/Users/david/Documents/GitHub/saint-grail/Content/Characters/Mannequin_UE4/Textures/T_UELogo_Mask.uexp" 1564
"C:/Users/david/Documents/GitHub/saint-grail/Content/Characters/Mannequin_UE4/Materials/Layers/ML_ShinyPlastic_Beige_Logo.uasset" 1565
"C:/Users/david/Documents/GitHub/saint-grail/Content/Characters/Mannequin_UE4/Materials/Layers/ML_ShinyPlastic_Beige_Logo.uexp" 1566
"C:/Users/david/Documents/GitHub/saint-grail/Content/Characters/Mannequin_UE4/Textures/T_UE4_Mannequin_MAT_MASKA.ubulk" 1567
"C:/Users/david/Documents/GitHub/saint-grail/Content/Characters/Mannequin_UE4/Textures/T_UE4_Mannequin_MAT_MASKA.uasset" 1568
"C:/Users/david/Documents/GitHub/saint-grail/Content/Characters/Mannequin_UE4/Textures/T_UE4_Mannequin_MAT_MASKA.uexp" 1569
"C:/Users/david/Documents/GitHub/saint-grail/Content/Characters/Mannequin_UE4/Textures/T_ML_Aluminum01_N.ubulk" 1570
"C:/Users/david/Documents/GitHub/saint-grail/Content/Characters/Mannequin_UE4/Textures/T_ML_Aluminum01_N.uasset" 1571
"C:/Users/david/Documents/GitHub/saint-grail/Content/Characters/Mannequin_UE4/Textures/T_ML_Aluminum01_N.uexp" 1572
"C:/Users/david/Documents/GitHub/saint-grail/Content/Characters/Mannequin_UE4/Textures/T_ML_Aluminum01.ubulk" 1573
"C:/Users/david/Documents/GitHub/saint-grail/Content/Characters/Mannequin_UE4/Textures/T_ML_Aluminum01.uasset" 1574
"C:/Users/david/Documents/GitHub/saint-grail/Content/Characters/Mannequin_UE4/Textures/T_ML_Aluminum01.uexp" 1575
"C:/Users/david/Documents/GitHub/saint-grail/Content/Characters/Mannequin_UE4/Materials/Layers/ML_SoftMetal.uasset" 1576
"C:/Users/david/Documents/GitHub/saint-grail/Content/Characters/Mannequin_UE4/Materials/Layers/ML_SoftMetal.uexp" 1577
"../../../Engine/Content/Functions/MaterialLayerFunctions/MatLayerBlend_Simple.uasset" 1578
"../../../Engine/Content/Functions/MaterialLayerFunctions/MatLayerBlend_Simple.uexp" 1579
"C:/Users/david/Documents/GitHub/saint-grail/Content/Characters/Mannequin_UE4/Textures/T_ML_Rubber_Blue_01_N.ubulk" 1580
"C:/Users/david/Documents/GitHub/saint-grail/Content/Characters/Mannequin_UE4/Textures/T_ML_Rubber_Blue_01_N.uasset" 1581
"C:/Users/david/Documents/GitHub/saint-grail/Content/Characters/Mannequin_UE4/Textures/T_ML_Rubber_Blue_01_N.uexp" 1582
"C:/Users/david/Documents/GitHub/saint-grail/Content/Characters/Mannequin_UE4/Textures/T_ML_Rubber_Blue_01_D.ubulk" 1583
"C:/Users/david/Documents/GitHub/saint-grail/Content/Characters/Mannequin_UE4/Textures/T_ML_Rubber_Blue_01_D.uasset" 1584
"C:/Users/david/Documents/GitHub/saint-grail/Content/Characters/Mannequin_UE4/Textures/T_ML_Rubber_Blue_01_D.uexp" 1585
"C:/Users/david/Documents/GitHub/saint-grail/Content/Characters/Mannequin_UE4/Materials/Layers/ML_Latex_Black.uasset" 1586
"C:/Users/david/Documents/GitHub/saint-grail/Content/Characters/Mannequin_UE4/Materials/Layers/ML_Latex_Black.uexp" 1587
"C:/Users/david/Documents/GitHub/saint-grail/Content/Characters/Mannequin_UE4/Materials/M_MannequinUE4_Body.uasset" 1588
"C:/Users/david/Documents/GitHub/saint-grail/Content/Characters/Mannequin_UE4/Materials/M_MannequinUE4_Body.uexp" 1589
"C:/Users/david/Documents/GitHub/saint-grail/Content/Characters/Mannequin_UE4/Materials/M_MannequinUE4_ChestLogo.uasset" 1590
"C:/Users/david/Documents/GitHub/saint-grail/Content/Characters/Mannequin_UE4/Materials/M_MannequinUE4_ChestLogo.uexp" 1591
"C:/Users/david/Documents/GitHub/saint-grail/Content/Characters/Mannequin_UE4/Meshes/SK_Mannequin_PhysicsAsset.uasset" 1592
"C:/Users/david/Documents/GitHub/saint-grail/Content/Characters/Mannequin_UE4/Meshes/SK_Mannequin_PhysicsAsset.uexp" 1593
"C:/Users/david/Documents/GitHub/saint-grail/Content/Characters/Mannequin_UE4/Meshes/SK_Mannequin_Skeleton.uasset" 1594
"C:/Users/david/Documents/GitHub/saint-grail/Content/Characters/Mannequin_UE4/Meshes/SK_Mannequin_Skeleton.uexp" 1595
"C:/Users/david/Documents/GitHub/saint-grail/Content/Characters/Mannequin_UE4/Meshes/SK_Mannequin.uasset" 1596
"C:/Users/david/Documents/GitHub/saint-grail/Content/Characters/Mannequin_UE4/Meshes/SK_Mannequin.uexp" 1597
"C:/Users/david/Documents/GitHub/saint-grail/Content/Characters/Mannequin_UE4/Animations/Jog_Fwd.uasset" 1598
"C:/Users/david/Documents/GitHub/saint-grail/Content/Characters/Mannequin_UE4/Animations/Jog_Fwd.uexp" 1599
"C:/Users/david/Documents/GitHub/saint-grail/Content/Characters/Mannequins/Textures/Quinn/T_Quinn_02ID_MSR_MSK.ubulk" 1600
"C:/Users/david/Documents/GitHub/saint-grail/Content/Characters/Mannequins/Textures/Quinn/T_Quinn_02ID_MSR_MSK.uasset" 1601
"C:/Users/david/Documents/GitHub/saint-grail/Content/Characters/Mannequins/Textures/Quinn/T_Quinn_02ID_MSR_MSK.uexp" 1602
"C:/Users/david/Documents/GitHub/saint-grail/Content/Characters/Mannequins/Textures/Quinn/T_Quinn_02ID_BN.ubulk" 1603
"C:/Users/david/Documents/GitHub/saint-grail/Content/Characters/Mannequins/Textures/Quinn/T_Quinn_02ID_BN.uasset" 1604
"C:/Users/david/Documents/GitHub/saint-grail/Content/Characters/Mannequins/Textures/Quinn/T_Quinn_02ID_BN.uexp" 1605
"C:/Users/david/Documents/GitHub/saint-grail/Content/Characters/Mannequins/Textures/Quinn/T_Quinn_02_ASAOMASK_MSK.ubulk" 1606
"C:/Users/david/Documents/GitHub/saint-grail/Content/Characters/Mannequins/Textures/Quinn/T_Quinn_02_ASAOMASK_MSK.uasset" 1607
"C:/Users/david/Documents/GitHub/saint-grail/Content/Characters/Mannequins/Textures/Quinn/T_Quinn_02_ASAOMASK_MSK.uexp" 1608
"C:/Users/david/Documents/GitHub/saint-grail/Content/Characters/Mannequins/Textures/Quinn/T_Quinn_02_CCRCCPlastic_MSK.ubulk" 1609
"C:/Users/david/Documents/GitHub/saint-grail/Content/Characters/Mannequins/Textures/Quinn/T_Quinn_02_CCRCCPlastic_MSK.uasset" 1610
"C:/Users/david/Documents/GitHub/saint-grail/Content/Characters/Mannequins/Textures/Quinn/T_Quinn_02_CCRCCPlastic_MSK.uexp" 1611
"C:/Users/david/Documents/GitHub/saint-grail/Content/Characters/Mannequins/Textures/Quinn/T_Quinn_02ID_Tan.ubulk" 1612
"C:/Users/david/Documents/GitHub/saint-grail/Content/Characters/Mannequins/Textures/Quinn/T_Quinn_02ID_Tan.uasset" 1613
"C:/Users/david/Documents/GitHub/saint-grail/Content/Characters/Mannequins/Textures/Quinn/T_Quinn_02ID_Tan.uexp" 1614
"C:/Users/david/Documents/GitHub/saint-grail/Content/Characters/Mannequins/Textures/Quinn/T_Quinn_02ID_D.ubulk" 1615
"C:/Users/david/Documents/GitHub/saint-grail/Content/Characters/Mannequins/Textures/Quinn/T_Quinn_02ID_D.uasset" 1616
"C:/Users/david/Documents/GitHub/saint-grail/Content/Characters/Mannequins/Textures/Quinn/T_Quinn_02ID_D.uexp" 1617
"C:/Users/david/Documents/GitHub/saint-grail/Content/Characters/Mannequins/Textures/Quinn/T_Quinn_01ID_MSR_MSK.ubulk" 1618
"C:/Users/david/Documents/GitHub/saint-grail/Content/Characters/Mannequins/Textures/Quinn/T_Quinn_01ID_MSR_MSK.uasset" 1619
"C:/Users/david/Documents/GitHub/saint-grail/Content/Characters/Mannequins/Textures/Quinn/T_Quinn_01ID_MSR_MSK.uexp" 1620
"C:/Users/david/Documents/GitHub/saint-grail/Content/Characters/Mannequins/Textures/Quinn/T_Quinn_01_ASAOMASK_MSK.ubulk" 1621
"C:/Users/david/Documents/GitHub/saint-grail/Content/Characters/Mannequins/Textures/Quinn/T_Quinn_01_ASAOMASK_MSK.uasset" 1622
"C:/Users/david/Documents/GitHub/saint-grail/Content/Characters/Mannequins/Textures/Quinn/T_Quinn_01_ASAOMASK_MSK.uexp" 1623
"C:/Users/david/Documents/GitHub/saint-grail/Content/Characters/Mannequins/Textures/Quinn/T_Quinn_01ID_N.ubulk" 1624
"C:/Users/david/Documents/GitHub/saint-grail/Content/Characters/Mannequins/Textures/Quinn/T_Quinn_01ID_N.uasset" 1625
"C:/Users/david/Documents/GitHub/saint-grail/Content/Characters/Mannequins/Textures/Quinn/T_Quinn_01ID_N.uexp" 1626
"C:/Users/david/Documents/GitHub/saint-grail/Content/Characters/Mannequins/Textures/Quinn/T_Quinn_01ID_BN.ubulk" 1627
"C:/Users/david/Documents/GitHub/saint-grail/Content/Characters/Mannequins/Textures/Quinn/T_Quinn_01ID_BN.uasset" 1628
"C:/Users/david/Documents/GitHub/saint-grail/Content/Characters/Mannequins/Textures/Quinn/T_Quinn_01ID_BN.uexp" 1629
"C:/Users/david/Documents/GitHub/saint-grail/Content/Characters/Mannequins/Textures/Quinn/T_Quinn_01ID_D.ubulk" 1630
"C:/Users/david/Documents/GitHub/saint-grail/Content/Characters/Mannequins/Textures/Quinn/T_Quinn_01ID_D.uasset" 1631
"C:/Users/david/Documents/GitHub/saint-grail/Content/Characters/Mannequins/Textures/Quinn/T_Quinn_01ID_D.uexp" 1632
"C:/Users/david/Documents/GitHub/saint-grail/Content/Characters/Mannequins/Textures/Quinn/T_Quinn_01ID_Tan.ubulk" 1633
"C:/Users/david/Documents/GitHub/saint-grail/Content/Characters/Mannequins/Textures/Quinn/T_Quinn_01ID_Tan.uasset" 1634
"C:/Users/david/Documents/GitHub/saint-grail/Content/Characters/Mannequins/Textures/Quinn/T_Quinn_01ID_Tan.uexp" 1635
"C:/Users/david/Documents/GitHub/saint-grail/Content/Characters/Mannequins/Textures/Quinn/T_Quinn_01_CCRCCPlastic_MSK.ubulk" 1636
"C:/Users/david/Documents/GitHub/saint-grail/Content/Characters/Mannequins/Textures/Quinn/T_Quinn_01_CCRCCPlastic_MSK.uasset" 1637
"C:/Users/david/Documents/GitHub/saint-grail/Content/Characters/Mannequins/Textures/Quinn/T_Quinn_01_CCRCCPlastic_MSK.uexp" 1638
"C:/Users/david/Documents/GitHub/saint-grail/Content/Characters/Mannequins/Materials/Instances/Quinn/MI_Quinn_01.uasset" 1639
"C:/Users/david/Documents/GitHub/saint-grail/Content/Characters/Mannequins/Materials/Instances/Quinn/MI_Quinn_01.uexp" 1640
"C:/Users/david/Documents/GitHub/saint-grail/Content/Characters/Mannequins/Textures/Quinn/T_Quinn_02ID_N.ubulk" 1641
"C:/Users/david/Documents/GitHub/saint-grail/Content/Characters/Mannequins/Textures/Quinn/T_Quinn_02ID_N.uasset" 1642
"C:/Users/david/Documents/GitHub/saint-grail/Content/Characters/Mannequins/Textures/Quinn/T_Quinn_02ID_N.uexp" 1643
"C:/Users/david/Documents/GitHub/saint-grail/Content/Characters/Mannequins/Materials/Instances/Quinn/MI_Quinn_02.uasset" 1644
"C:/Users/david/Documents/GitHub/saint-grail/Content/Characters/Mannequins/Materials/Instances/Quinn/MI_Quinn_02.uexp" 1645
"C:/Users/david/Documents/GitHub/saint-grail/Content/Characters/Mannequins/Meshes/SKM_Quinn_Simple.uasset" 1646
"C:/Users/david/Documents/GitHub/saint-grail/Content/Characters/Mannequins/Meshes/SKM_Quinn_Simple.uexp" 1647
"C:/Users/david/Documents/GitHub/saint-grail/Content/Characters/Mannequins/Rigs/Poses/Quinn/Quinn_foot_l_anim.uasset" 1648
"C:/Users/david/Documents/GitHub/saint-grail/Content/Characters/Mannequins/Rigs/Poses/Quinn/Quinn_foot_l_anim.uexp" 1649
"C:/Users/david/Documents/GitHub/saint-grail/Content/Characters/Mannequins/Rigs/Poses/Quinn/Quinn_foot_l_pose.uasset" 1650
"C:/Users/david/Documents/GitHub/saint-grail/Content/Characters/Mannequins/Rigs/Poses/Quinn/Quinn_foot_l_pose.uexp" 1651
"C:/Users/david/Documents/GitHub/saint-grail/Content/Characters/Mannequins/Rigs/Poses/Quinn/Quinn_clavicle_l_anim.uasset" 1652
"C:/Users/david/Documents/GitHub/saint-grail/Content/Characters/Mannequins/Rigs/Poses/Quinn/Quinn_clavicle_l_anim.uexp" 1653
"C:/Users/david/Documents/GitHub/saint-grail/Content/Characters/Mannequins/Rigs/Poses/Quinn/Quinn_clavicle_l_pose.uasset" 1654
"C:/Users/david/Documents/GitHub/saint-grail/Content/Characters/Mannequins/Rigs/Poses/Quinn/Quinn_clavicle_l_pose.uexp" 1655
"C:/Users/david/Documents/GitHub/saint-grail/Content/Characters/Mannequins/Rigs/Poses/Quinn/Quinn_clavicle_r_anim.uasset" 1656
"C:/Users/david/Documents/GitHub/saint-grail/Content/Characters/Mannequins/Rigs/Poses/Quinn/Quinn_clavicle_r_anim.uexp" 1657
"C:/Users/david/Documents/GitHub/saint-grail/Content/Characters/Mannequins/Rigs/Poses/Quinn/Quinn_clavicle_r_pose.uasset" 1658
"C:/Users/david/Documents/GitHub/saint-grail/Content/Characters/Mannequins/Rigs/Poses/Quinn/Quinn_clavicle_r_pose.uexp" 1659
"C:/Users/david/Documents/GitHub/saint-grail/Content/Characters/Mannequins/Rigs/Poses/Quinn/Quinn_upperarm_l_anim.uasset" 1660
"C:/Users/david/Documents/GitHub/saint-grail/Content/Characters/Mannequins/Rigs/Poses/Quinn/Quinn_upperarm_l_anim.uexp" 1661
"C:/Users/david/Documents/GitHub/saint-grail/Content/Characters/Mannequins/Rigs/Poses/Quinn/Quinn_upperarm_l_pose.uasset" 1662
"C:/Users/david/Documents/GitHub/saint-grail/Content/Characters/Mannequins/Rigs/Poses/Quinn/Quinn_upperarm_l_pose.uexp" 1663
"C:/Users/david/Documents/GitHub/saint-grail/Content/Characters/Mannequins/Rigs/Poses/Quinn/Quinn_lowerarm_l_anim.uasset" 1664
"C:/Users/david/Documents/GitHub/saint-grail/Content/Characters/Mannequins/Rigs/Poses/Quinn/Quinn_lowerarm_l_anim.uexp" 1665
"C:/Users/david/Documents/GitHub/saint-grail/Content/Characters/Mannequins/Rigs/Poses/Quinn/Quinn_lowerarm_l_pose.uasset" 1666
"C:/Users/david/Documents/GitHub/saint-grail/Content/Characters/Mannequins/Rigs/Poses/Quinn/Quinn_lowerarm_l_pose.uexp" 1667
"C:/Users/david/Documents/GitHub/saint-grail/Content/Characters/Mannequins/Rigs/Poses/Quinn/Quinn_calf_l_anim.uasset" 1668
"C:/Users/david/Documents/GitHub/saint-grail/Content/Characters/Mannequins/Rigs/Poses/Quinn/Quinn_calf_l_anim.uexp" 1669
"C:/Users/david/Documents/GitHub/saint-grail/Content/Characters/Mannequins/Rigs/Poses/Quinn/Quinn_calf_l_pose.uasset" 1670
"C:/Users/david/Documents/GitHub/saint-grail/Content/Characters/Mannequins/Rigs/Poses/Quinn/Quinn_calf_l_pose.uexp" 1671
"C:/Users/david/Documents/GitHub/saint-grail/Content/Characters/Mannequins/Rigs/CR_Mannequin_Procedural.uasset" 1672
"C:/Users/david/Documents/GitHub/saint-grail/Content/Characters/Mannequins/Rigs/CR_Mannequin_Procedural.uexp" 1673
"C:/Users/david/Documents/GitHub/saint-grail/Content/Characters/Mannequins/Rigs/Poses/Quinn/Quinn_upperarm_r_anim.uasset" 1674
"C:/Users/david/Documents/GitHub/saint-grail/Content/Characters/Mannequins/Rigs/Poses/Quinn/Quinn_upperarm_r_anim.uexp" 1675
"C:/Users/david/Documents/GitHub/saint-grail/Content/Characters/Mannequins/Rigs/Poses/Quinn/Quinn_upperarm_r_pose.uasset" 1676
"C:/Users/david/Documents/GitHub/saint-grail/Content/Characters/Mannequins/Rigs/Poses/Quinn/Quinn_upperarm_r_pose.uexp" 1677
"C:/Users/david/Documents/GitHub/saint-grail/Content/Characters/Mannequins/Rigs/Poses/Quinn/Quinn_calf_r_anim.uasset" 1678
"C:/Users/david/Documents/GitHub/saint-grail/Content/Characters/Mannequins/Rigs/Poses/Quinn/Quinn_calf_r_anim.uexp" 1679
"C:/Users/david/Documents/GitHub/saint-grail/Content/Characters/Mannequins/Rigs/Poses/Quinn/Quinn_calf_r_pose.uasset" 1680
"C:/Users/david/Documents/GitHub/saint-grail/Content/Characters/Mannequins/Rigs/Poses/Quinn/Quinn_calf_r_pose.uexp" 1681
"C:/Users/david/Documents/GitHub/saint-grail/Content/Characters/Mannequins/Rigs/Poses/Quinn/Quinn_foot_r_anim.uasset" 1682
"C:/Users/david/Documents/GitHub/saint-grail/Content/Characters/Mannequins/Rigs/Poses/Quinn/Quinn_foot_r_anim.uexp" 1683
"C:/Users/david/Documents/GitHub/saint-grail/Content/Characters/Mannequins/Rigs/Poses/Quinn/Quinn_foot_r_pose.uasset" 1684
"C:/Users/david/Documents/GitHub/saint-grail/Content/Characters/Mannequins/Rigs/Poses/Quinn/Quinn_foot_r_pose.uexp" 1685
"C:/Users/david/Documents/GitHub/saint-grail/Content/Characters/Mannequins/Rigs/Poses/Quinn/Quinn_lowerarm_r_anim.uasset" 1686
"C:/Users/david/Documents/GitHub/saint-grail/Content/Characters/Mannequins/Rigs/Poses/Quinn/Quinn_lowerarm_r_anim.uexp" 1687
"C:/Users/david/Documents/GitHub/saint-grail/Content/Characters/Mannequins/Rigs/Poses/Quinn/Quinn_lowerarm_r_pose.uasset" 1688
"C:/Users/david/Documents/GitHub/saint-grail/Content/Characters/Mannequins/Rigs/Poses/Quinn/Quinn_lowerarm_r_pose.uexp" 1689
"C:/Users/david/Documents/GitHub/saint-grail/Content/Characters/Mannequins/Rigs/Poses/Quinn/Quinn_thigh_l_anim.uasset" 1690
"C:/Users/david/Documents/GitHub/saint-grail/Content/Characters/Mannequins/Rigs/Poses/Quinn/Quinn_thigh_l_anim.uexp" 1691
"C:/Users/david/Documents/GitHub/saint-grail/Content/Characters/Mannequins/Rigs/Poses/Quinn/Quinn_thigh_l_pose.uasset" 1692
"C:/Users/david/Documents/GitHub/saint-grail/Content/Characters/Mannequins/Rigs/Poses/Quinn/Quinn_thigh_l_pose.uexp" 1693
"C:/Users/david/Documents/GitHub/saint-grail/Content/Characters/Mannequins/Rigs/Poses/Quinn/Quinn_thigh_r_anim.uasset" 1694
"C:/Users/david/Documents/GitHub/saint-grail/Content/Characters/Mannequins/Rigs/Poses/Quinn/Quinn_thigh_r_anim.uexp" 1695
"C:/Users/david/Documents/GitHub/saint-grail/Content/Characters/Mannequins/Rigs/Poses/Quinn/Quinn_thigh_r_pose.uasset" 1696
"C:/Users/david/Documents/GitHub/saint-grail/Content/Characters/Mannequins/Rigs/Poses/Quinn/Quinn_thigh_r_pose.uexp" 1697
"C:/Users/david/Documents/GitHub/saint-grail/Content/Characters/Mannequins/Rigs/Poses/Quinn/Quinn_hand_l_anim.uasset" 1698
"C:/Users/david/Documents/GitHub/saint-grail/Content/Characters/Mannequins/Rigs/Poses/Quinn/Quinn_hand_l_anim.uexp" 1699
"C:/Users/david/Documents/GitHub/saint-grail/Content/Characters/Mannequins/Rigs/Poses/Quinn/Quinn_hand_l_pose.uasset" 1700
"C:/Users/david/Documents/GitHub/saint-grail/Content/Characters/Mannequins/Rigs/Poses/Quinn/Quinn_hand_l_pose.uexp" 1701
"C:/Users/david/Documents/GitHub/saint-grail/Content/Characters/Mannequins/Rigs/Poses/Quinn/Quinn_hand_r_anim.uasset" 1702
"C:/Users/david/Documents/GitHub/saint-grail/Content/Characters/Mannequins/Rigs/Poses/Quinn/Quinn_hand_r_anim.uexp" 1703
"C:/Users/david/Documents/GitHub/saint-grail/Content/Characters/Mannequins/Rigs/Poses/Quinn/Quinn_hand_r_pose.uasset" 1704
"C:/Users/david/Documents/GitHub/saint-grail/Content/Characters/Mannequins/Rigs/Poses/Quinn/Quinn_hand_r_pose.uexp" 1705
"C:/Users/david/Documents/GitHub/saint-grail/Content/Characters/Mannequins/Rigs/ABP_Quinn_PostProcess.uasset" 1706
"C:/Users/david/Documents/GitHub/saint-grail/Content/Characters/Mannequins/Rigs/ABP_Quinn_PostProcess.uexp" 1707
"C:/Users/david/Documents/GitHub/saint-grail/Content/Characters/Mannequins/Meshes/SKM_Quinn.uasset" 1708
"C:/Users/david/Documents/GitHub/saint-grail/Content/Characters/Mannequins/Meshes/SKM_Quinn.uexp" 1709
"C:/Users/david/Documents/GitHub/saint-grail/Content/Characters/Mannequins/Rigs/Poses/Manny/Manny_foot_l_anim.uasset" 1710
"C:/Users/david/Documents/GitHub/saint-grail/Content/Characters/Mannequins/Rigs/Poses/Manny/Manny_foot_l_anim.uexp" 1711
"C:/Users/david/Documents/GitHub/saint-grail/Content/Characters/Mannequins/Rigs/Poses/Manny/Manny_foot_l_pose.uasset" 1712
"C:/Users/david/Documents/GitHub/saint-grail/Content/Characters/Mannequins/Rigs/Poses/Manny/Manny_foot_l_pose.uexp" 1713
"C:/Users/david/Documents/GitHub/saint-grail/Content/Characters/Mannequins/Rigs/Poses/Manny/Manny_thigh_r_anim.uasset" 1714
"C:/Users/david/Documents/GitHub/saint-grail/Content/Characters/Mannequins/Rigs/Poses/Manny/Manny_thigh_r_anim.uexp" 1715
"C:/Users/david/Documents/GitHub/saint-grail/Content/Characters/Mannequins/Rigs/Poses/Manny/Manny_thigh_r_pose.uasset" 1716
"C:/Users/david/Documents/GitHub/saint-grail/Content/Characters/Mannequins/Rigs/Poses/Manny/Manny_thigh_r_pose.uexp" 1717
"C:/Users/david/Documents/GitHub/saint-grail/Content/Characters/Mannequins/Rigs/Poses/Manny/Manny_hand_r_anim.uasset" 1718
"C:/Users/david/Documents/GitHub/saint-grail/Content/Characters/Mannequins/Rigs/Poses/Manny/Manny_hand_r_anim.uexp" 1719
"C:/Users/david/Documents/GitHub/saint-grail/Content/Characters/Mannequins/Rigs/Poses/Manny/Manny_hand_r_pose.uasset" 1720
"C:/Users/david/Documents/GitHub/saint-grail/Content/Characters/Mannequins/Rigs/Poses/Manny/Manny_hand_r_pose.uexp" 1721
"C:/Users/david/Documents/GitHub/saint-grail/Content/Characters/Mannequins/Rigs/Poses/Manny/Manny_clavicle_l_anim.uasset" 1722
"C:/Users/david/Documents/GitHub/saint-grail/Content/Characters/Mannequins/Rigs/Poses/Manny/Manny_clavicle_l_anim.uexp" 1723
"C:/Users/david/Documents/GitHub/saint-grail/Content/Characters/Mannequins/Rigs/Poses/Manny/Manny_clavicle_l_pose.uasset" 1724
"C:/Users/david/Documents/GitHub/saint-grail/Content/Characters/Mannequins/Rigs/Poses/Manny/Manny_clavicle_l_pose.uexp" 1725
"C:/Users/david/Documents/GitHub/saint-grail/Content/Characters/Mannequins/Rigs/Poses/Manny/Manny_calf_l_anim.uasset" 1726
"C:/Users/david/Documents/GitHub/saint-grail/Content/Characters/Mannequins/Rigs/Poses/Manny/Manny_calf_l_anim.uexp" 1727
"C:/Users/david/Documents/GitHub/saint-grail/Content/Characters/Mannequins/Rigs/Poses/Manny/Manny_calf_l_pose.uasset" 1728
"C:/Users/david/Documents/GitHub/saint-grail/Content/Characters/Mannequins/Rigs/Poses/Manny/Manny_calf_l_pose.uexp" 1729
"C:/Users/david/Documents/GitHub/saint-grail/Content/Characters/Mannequins/Rigs/Poses/Manny/Manny_hand_l_anim.uasset" 1730
"C:/Users/david/Documents/GitHub/saint-grail/Content/Characters/Mannequins/Rigs/Poses/Manny/Manny_hand_l_anim.uexp" 1731
"C:/Users/david/Documents/GitHub/saint-grail/Content/Characters/Mannequins/Rigs/Poses/Manny/Manny_hand_l_pose.uasset" 1732
"C:/Users/david/Documents/GitHub/saint-grail/Content/Characters/Mannequins/Rigs/Poses/Manny/Manny_hand_l_pose.uexp" 1733
"C:/Users/david/Documents/GitHub/saint-grail/Content/Characters/Mannequins/Rigs/Poses/Manny/Manny_upperarm_r_anim.uasset" 1734
"C:/Users/david/Documents/GitHub/saint-grail/Content/Characters/Mannequins/Rigs/Poses/Manny/Manny_upperarm_r_anim.uexp" 1735
"C:/Users/david/Documents/GitHub/saint-grail/Content/Characters/Mannequins/Rigs/Poses/Manny/Manny_upperarm_r_pose.uasset" 1736
"C:/Users/david/Documents/GitHub/saint-grail/Content/Characters/Mannequins/Rigs/Poses/Manny/Manny_upperarm_r_pose.uexp" 1737
"C:/Users/david/Documents/GitHub/saint-grail/Content/Characters/Mannequins/Rigs/Poses/Manny/Manny_lowerarm_r_anim.uasset" 1738
"C:/Users/david/Documents/GitHub/saint-grail/Content/Characters/Mannequins/Rigs/Poses/Manny/Manny_lowerarm_r_anim.uexp" 1739
"C:/Users/david/Documents/GitHub/saint-grail/Content/Characters/Mannequins/Rigs/Poses/Manny/Manny_lowerarm_r_pose.uasset" 1740
"C:/Users/david/Documents/GitHub/saint-grail/Content/Characters/Mannequins/Rigs/Poses/Manny/Manny_lowerarm_r_pose.uexp" 1741
"C:/Users/david/Documents/GitHub/saint-grail/Content/Characters/Mannequins/Rigs/Poses/Manny/Manny_calf_r_anim.uasset" 1742
"C:/Users/david/Documents/GitHub/saint-grail/Content/Characters/Mannequins/Rigs/Poses/Manny/Manny_calf_r_anim.uexp" 1743
"C:/Users/david/Documents/GitHub/saint-grail/Content/Characters/Mannequins/Rigs/Poses/Manny/Manny_calf_r_pose.uasset" 1744
"C:/Users/david/Documents/GitHub/saint-grail/Content/Characters/Mannequins/Rigs/Poses/Manny/Manny_calf_r_pose.uexp" 1745
"C:/Users/david/Documents/GitHub/saint-grail/Content/Characters/Mannequins/Rigs/Poses/Manny/Manny_foot_r_anim.uasset" 1746
"C:/Users/david/Documents/GitHub/saint-grail/Content/Characters/Mannequins/Rigs/Poses/Manny/Manny_foot_r_anim.uexp" 1747
"C:/Users/david/Documents/GitHub/saint-grail/Content/Characters/Mannequins/Rigs/Poses/Manny/Manny_foot_r_pose.uasset" 1748
"C:/Users/david/Documents/GitHub/saint-grail/Content/Characters/Mannequins/Rigs/Poses/Manny/Manny_foot_r_pose.uexp" 1749
"C:/Users/david/Documents/GitHub/saint-grail/Content/Characters/Mannequins/Rigs/Poses/Manny/Manny_lowerarm_l_anim.uasset" 1750
"C:/Users/david/Documents/GitHub/saint-grail/Content/Characters/Mannequins/Rigs/Poses/Manny/Manny_lowerarm_l_anim.uexp" 1751
"C:/Users/david/Documents/GitHub/saint-grail/Content/Characters/Mannequins/Rigs/Poses/Manny/Manny_lowerarm_l_pose.uasset" 1752
"C:/Users/david/Documents/GitHub/saint-grail/Content/Characters/Mannequins/Rigs/Poses/Manny/Manny_lowerarm_l_pose.uexp" 1753
"C:/Users/david/Documents/GitHub/saint-grail/Content/Characters/Mannequins/Rigs/Poses/Manny/Manny_clavicle_r_anim.uasset" 1754
"C:/Users/david/Documents/GitHub/saint-grail/Content/Characters/Mannequins/Rigs/Poses/Manny/Manny_clavicle_r_anim.uexp" 1755
"C:/Users/david/Documents/GitHub/saint-grail/Content/Characters/Mannequins/Rigs/Poses/Manny/Manny_clavicle_r_pose.uasset" 1756
"C:/Users/david/Documents/GitHub/saint-grail/Content/Characters/Mannequins/Rigs/Poses/Manny/Manny_clavicle_r_pose.uexp" 1757
"C:/Users/david/Documents/GitHub/saint-grail/Content/Characters/Mannequins/Rigs/Poses/Manny/Manny_thigh_l_anim.uasset" 1758
"C:/Users/david/Documents/GitHub/saint-grail/Content/Characters/Mannequins/Rigs/Poses/Manny/Manny_thigh_l_anim.uexp" 1759
"C:/Users/david/Documents/GitHub/saint-grail/Content/Characters/Mannequins/Rigs/Poses/Manny/Manny_thigh_l_pose.uasset" 1760
"C:/Users/david/Documents/GitHub/saint-grail/Content/Characters/Mannequins/Rigs/Poses/Manny/Manny_thigh_l_pose.uexp" 1761
"C:/Users/david/Documents/GitHub/saint-grail/Content/Characters/Mannequins/Rigs/Poses/Manny/Manny_upperarm_l_anim.uasset" 1762
"C:/Users/david/Documents/GitHub/saint-grail/Content/Characters/Mannequins/Rigs/Poses/Manny/Manny_upperarm_l_anim.uexp" 1763
"C:/Users/david/Documents/GitHub/saint-grail/Content/Characters/Mannequins/Rigs/Poses/Manny/Manny_upperarm_l_pose.uasset" 1764
"C:/Users/david/Documents/GitHub/saint-grail/Content/Characters/Mannequins/Rigs/Poses/Manny/Manny_upperarm_l_pose.uexp" 1765
"C:/Users/david/Documents/GitHub/saint-grail/Content/Characters/Mannequins/Rigs/ABP_Manny_PostProcess.uasset" 1766
"C:/Users/david/Documents/GitHub/saint-grail/Content/Characters/Mannequins/Rigs/ABP_Manny_PostProcess.uexp" 1767
"C:/Users/david/Documents/GitHub/saint-grail/Content/Characters/Mannequins/Meshes/SKM_Manny.uasset" 1768
"C:/Users/david/Documents/GitHub/saint-grail/Content/Characters/Mannequins/Meshes/SKM_Manny.uexp" 1769
"C:/Users/david/Documents/GitHub/saint-grail/Content/Characters/Mannequins/Meshes/Mannequin_LODSettings.uasset" 1770
"C:/Users/david/Documents/GitHub/saint-grail/Content/Characters/Mannequins/Meshes/Mannequin_LODSettings.uexp" 1771
"C:/Users/david/Documents/GitHub/saint-grail/Content/Characters/Mannequins/Animations/Manny/MM_T_Pose.uasset" 1772
"C:/Users/david/Documents/GitHub/saint-grail/Content/Characters/Mannequins/Animations/Manny/MM_T_Pose.uexp" 1773
"C:/Users/david/Documents/GitHub/saint-grail/Content/Characters/Khignt/Animations1/Wall_Run.uasset" 1774
"C:/Users/david/Documents/GitHub/saint-grail/Content/Characters/Khignt/Animations1/Wall_Run.uexp" 1775
"C:/Users/david/Documents/GitHub/saint-grail/Content/Characters/Khignt/Animations1/Sprinting_Forward_Roll.uasset" 1776
"C:/Users/david/Documents/GitHub/saint-grail/Content/Characters/Khignt/Animations1/Sprinting_Forward_Roll.uexp" 1777
"C:/Users/david/Documents/GitHub/saint-grail/Content/Characters/Khignt/Animations1/Male_Sitting_Pose.uasset" 1778
"C:/Users/david/Documents/GitHub/saint-grail/Content/Characters/Khignt/Animations1/Male_Sitting_Pose.uexp" 1779
"C:/Users/david/Documents/GitHub/saint-grail/Content/Characters/Khignt/Animations1/Male_Dynamic_Pose.uasset" 1780
"C:/Users/david/Documents/GitHub/saint-grail/Content/Characters/Khignt/Animations1/Male_Dynamic_Pose.uexp" 1781
"C:/Users/david/Documents/GitHub/saint-grail/Content/Characters/Khignt/Animations1/Male_Dynamic_Pose_Montage.uasset" 1782
"C:/Users/david/Documents/GitHub/saint-grail/Content/Characters/Khignt/Animations1/Male_Dynamic_Pose_Montage.uexp" 1783
"C:/Users/david/Documents/GitHub/saint-grail/Content/Characters/Khignt/Animations1/Male_Action_Pose.uasset" 1784
"C:/Users/david/Documents/GitHub/saint-grail/Content/Characters/Khignt/Animations1/Male_Action_Pose.uexp" 1785
"C:/Users/david/Documents/GitHub/saint-grail/Content/Characters/Khignt/Animations1/Jump_Montage.uasset" 1786
"C:/Users/david/Documents/GitHub/saint-grail/Content/Characters/Khignt/Animations1/Jump_Montage.uexp" 1787
"C:/Users/david/Documents/GitHub/saint-grail/Content/Characters/Khignt/Animations1/Hard_Landing.uasset" 1788
"C:/Users/david/Documents/GitHub/saint-grail/Content/Characters/Khignt/Animations1/Hard_Landing.uexp" 1789
"C:/Users/david/Documents/GitHub/saint-grail/Content/Characters/Khignt/Animations1/Braced_Hang_To_Crouch.uasset" 1790
"C:/Users/david/Documents/GitHub/saint-grail/Content/Characters/Khignt/Animations1/Braced_Hang_To_Crouch.uexp" 1791
"C:/Users/david/Documents/GitHub/saint-grail/Content/Fab/Megascans/3D/Quarry_Cliff_uchofe0fa/Medium/T_uchofe0fa_2K_B.ubulk" 1792
"C:/Users/david/Documents/GitHub/saint-grail/Content/Fab/Megascans/3D/Quarry_Cliff_uchofe0fa/Medium/T_uchofe0fa_2K_B.uasset" 1793
"C:/Users/david/Documents/GitHub/saint-grail/Content/Fab/Megascans/3D/Quarry_Cliff_uchofe0fa/Medium/T_uchofe0fa_2K_B.uexp" 1794
"../../../Engine/Plugins/Fab/Content/Textures/Standard/T_DefaultDisplacement.uasset" 1795
"../../../Engine/Plugins/Fab/Content/Textures/Standard/T_DefaultDisplacement.uexp" 1796
"../../../Engine/Plugins/Fab/Content/MaterialFunctions/QMF_BaseColorAdjustments.uasset" 1797
"../../../Engine/Plugins/Fab/Content/MaterialFunctions/QMF_BaseColorAdjustments.uexp" 1798
"../../../Engine/Plugins/Fab/Content/Textures/Standard/T_DefaultNormal.uasset" 1799
"../../../Engine/Plugins/Fab/Content/Textures/Standard/T_DefaultNormal.uexp" 1800
"../../../Engine/Plugins/Fab/Content/Textures/Standard/T_DefaultMasks.uasset" 1801
"../../../Engine/Plugins/Fab/Content/Textures/Standard/T_DefaultMasks.uexp" 1802
"../../../Engine/Plugins/Fab/Content/MaterialFunctions/QMF_RoughnessAdjustments.uasset" 1803
"../../../Engine/Plugins/Fab/Content/MaterialFunctions/QMF_RoughnessAdjustments.uexp" 1804
"../../../Engine/Plugins/Fab/Content/MaterialFunctions/QMF_NormalAdjustments.uasset" 1805
"../../../Engine/Plugins/Fab/Content/MaterialFunctions/QMF_NormalAdjustments.uexp" 1806
"../../../Engine/Plugins/Fab/Content/MaterialFunctions/QMF_AOAdjustments.uasset" 1807
"../../../Engine/Plugins/Fab/Content/MaterialFunctions/QMF_AOAdjustments.uexp" 1808
"../../../Engine/Plugins/Fab/Content/Textures/Standard/T_DefaultColor.uasset" 1809
"../../../Engine/Plugins/Fab/Content/Textures/Standard/T_DefaultColor.uexp" 1810
"../../../Engine/Plugins/Fab/Content/Materials/Standard/M_MS_Base.uasset" 1811
"../../../Engine/Plugins/Fab/Content/Materials/Standard/M_MS_Base.uexp" 1812
"C:/Users/david/Documents/GitHub/saint-grail/Content/Fab/Megascans/3D/Quarry_Cliff_uchofe0fa/Medium/T_uchofe0fa_2K_N.ubulk" 1813
"C:/Users/david/Documents/GitHub/saint-grail/Content/Fab/Megascans/3D/Quarry_Cliff_uchofe0fa/Medium/T_uchofe0fa_2K_N.uasset" 1814
"C:/Users/david/Documents/GitHub/saint-grail/Content/Fab/Megascans/3D/Quarry_Cliff_uchofe0fa/Medium/T_uchofe0fa_2K_N.uexp" 1815
"C:/Users/david/Documents/GitHub/saint-grail/Content/Fab/Megascans/3D/Quarry_Cliff_uchofe0fa/Medium/T_uchofe0fa_2K_ORM.ubulk" 1816
"C:/Users/david/Documents/GitHub/saint-grail/Content/Fab/Megascans/3D/Quarry_Cliff_uchofe0fa/Medium/T_uchofe0fa_2K_ORM.uasset" 1817
"C:/Users/david/Documents/GitHub/saint-grail/Content/Fab/Megascans/3D/Quarry_Cliff_uchofe0fa/Medium/T_uchofe0fa_2K_ORM.uexp" 1818
"C:/Users/david/Documents/GitHub/saint-grail/Content/Fab/Megascans/3D/Quarry_Cliff_uchofe0fa/Medium/MI_uchofe0fa.uasset" 1819
"C:/Users/david/Documents/GitHub/saint-grail/Content/Fab/Megascans/3D/Quarry_Cliff_uchofe0fa/Medium/MI_uchofe0fa.uexp" 1820
"C:/Users/david/Documents/GitHub/saint-grail/Content/Fab/Megascans/3D/Quarry_Cliff_uchofe0fa/Medium/uchofe0fa_tier_2.ubulk" 1821
"C:/Users/david/Documents/GitHub/saint-grail/Content/Fab/Megascans/3D/Quarry_Cliff_uchofe0fa/Medium/uchofe0fa_tier_2.uasset" 1822
"C:/Users/david/Documents/GitHub/saint-grail/Content/Fab/Megascans/3D/Quarry_Cliff_uchofe0fa/Medium/uchofe0fa_tier_2.uexp" 1823
"C:/Users/david/Documents/GitHub/saint-grail/Content/Fab/Megascans/3D/Nordic_Beach_Rocks_ulznddxva/Medium/T_ulznddxva_2K_N.ubulk" 1824
"C:/Users/david/Documents/GitHub/saint-grail/Content/Fab/Megascans/3D/Nordic_Beach_Rocks_ulznddxva/Medium/T_ulznddxva_2K_N.uasset" 1825
"C:/Users/david/Documents/GitHub/saint-grail/Content/Fab/Megascans/3D/Nordic_Beach_Rocks_ulznddxva/Medium/T_ulznddxva_2K_N.uexp" 1826
"C:/Users/david/Documents/GitHub/saint-grail/Content/Fab/Megascans/3D/Nordic_Beach_Rocks_ulznddxva/Medium/T_ulznddxva_2K_ORM.ubulk" 1827
"C:/Users/david/Documents/GitHub/saint-grail/Content/Fab/Megascans/3D/Nordic_Beach_Rocks_ulznddxva/Medium/T_ulznddxva_2K_ORM.uasset" 1828
"C:/Users/david/Documents/GitHub/saint-grail/Content/Fab/Megascans/3D/Nordic_Beach_Rocks_ulznddxva/Medium/T_ulznddxva_2K_ORM.uexp" 1829
"C:/Users/david/Documents/GitHub/saint-grail/Content/Fab/Megascans/3D/Nordic_Beach_Rocks_ulznddxva/Medium/T_ulznddxva_2K_B.ubulk" 1830
"C:/Users/david/Documents/GitHub/saint-grail/Content/Fab/Megascans/3D/Nordic_Beach_Rocks_ulznddxva/Medium/T_ulznddxva_2K_B.uasset" 1831
"C:/Users/david/Documents/GitHub/saint-grail/Content/Fab/Megascans/3D/Nordic_Beach_Rocks_ulznddxva/Medium/T_ulznddxva_2K_B.uexp" 1832
"../../../Engine/Content/Functions/Engine_MaterialFunctions01/Shading/FuzzyShading.uasset" 1833
"../../../Engine/Content/Functions/Engine_MaterialFunctions01/Shading/FuzzyShading.uexp" 1834
"../../../Engine/Plugins/Fab/Content/Textures/Standard/T_DefaultOther.uasset" 1835
"../../../Engine/Plugins/Fab/Content/Textures/Standard/T_DefaultOther.uexp" 1836
"../../../Engine/Plugins/Fab/Content/MaterialFunctions/QMF_Fuzz.uasset" 1837
"../../../Engine/Plugins/Fab/Content/MaterialFunctions/QMF_Fuzz.uexp" 1838
"../../../Engine/Plugins/Fab/Content/Materials/Standard/M_MS_Base_Fuzz.uasset" 1839
"../../../Engine/Plugins/Fab/Content/Materials/Standard/M_MS_Base_Fuzz.uexp" 1840
"C:/Users/david/Documents/GitHub/saint-grail/Content/Fab/Megascans/3D/Nordic_Beach_Rocks_ulznddxva/Medium/MI_ulznddxva.uasset" 1841
"C:/Users/david/Documents/GitHub/saint-grail/Content/Fab/Megascans/3D/Nordic_Beach_Rocks_ulznddxva/Medium/MI_ulznddxva.uexp" 1842
"C:/Users/david/Documents/GitHub/saint-grail/Content/Fab/Megascans/3D/Nordic_Beach_Rocks_ulznddxva/Medium/ulznddxva_tier_2.ubulk" 1843
"C:/Users/david/Documents/GitHub/saint-grail/Content/Fab/Megascans/3D/Nordic_Beach_Rocks_ulznddxva/Medium/ulznddxva_tier_2.uasset" 1844
"C:/Users/david/Documents/GitHub/saint-grail/Content/Fab/Megascans/3D/Nordic_Beach_Rocks_ulznddxva/Medium/ulznddxva_tier_2.uexp" 1845
"C:/Users/david/Documents/GitHub/saint-grail/Content/Fab/Megascans/3D/Limestone_Slab_ubvtce1da/Medium/T_ubvtce1da_2K_B.ubulk" 1846
"C:/Users/david/Documents/GitHub/saint-grail/Content/Fab/Megascans/3D/Limestone_Slab_ubvtce1da/Medium/T_ubvtce1da_2K_B.uasset" 1847
"C:/Users/david/Documents/GitHub/saint-grail/Content/Fab/Megascans/3D/Limestone_Slab_ubvtce1da/Medium/T_ubvtce1da_2K_B.uexp" 1848
"C:/Users/david/Documents/GitHub/saint-grail/Content/Fab/Megascans/3D/Limestone_Slab_ubvtce1da/Medium/T_ubvtce1da_2K_ORM.ubulk" 1849
"C:/Users/david/Documents/GitHub/saint-grail/Content/Fab/Megascans/3D/Limestone_Slab_ubvtce1da/Medium/T_ubvtce1da_2K_ORM.uasset" 1850
"C:/Users/david/Documents/GitHub/saint-grail/Content/Fab/Megascans/3D/Limestone_Slab_ubvtce1da/Medium/T_ubvtce1da_2K_ORM.uexp" 1851
"C:/Users/david/Documents/GitHub/saint-grail/Content/Fab/Megascans/3D/Limestone_Slab_ubvtce1da/Medium/T_ubvtce1da_2K_N.ubulk" 1852
"C:/Users/david/Documents/GitHub/saint-grail/Content/Fab/Megascans/3D/Limestone_Slab_ubvtce1da/Medium/T_ubvtce1da_2K_N.uasset" 1853
"C:/Users/david/Documents/GitHub/saint-grail/Content/Fab/Megascans/3D/Limestone_Slab_ubvtce1da/Medium/T_ubvtce1da_2K_N.uexp" 1854
"C:/Users/david/Documents/GitHub/saint-grail/Content/Fab/Megascans/3D/Limestone_Slab_ubvtce1da/Medium/MI_ubvtce1da.uasset" 1855
"C:/Users/david/Documents/GitHub/saint-grail/Content/Fab/Megascans/3D/Limestone_Slab_ubvtce1da/Medium/MI_ubvtce1da.uexp" 1856
"C:/Users/david/Documents/GitHub/saint-grail/Content/Fab/Megascans/3D/Limestone_Slab_ubvtce1da/Medium/ubvtce1da_tier_2.ubulk" 1857
"C:/Users/david/Documents/GitHub/saint-grail/Content/Fab/Megascans/3D/Limestone_Slab_ubvtce1da/Medium/ubvtce1da_tier_2.uasset" 1858
"C:/Users/david/Documents/GitHub/saint-grail/Content/Fab/Megascans/3D/Limestone_Slab_ubvtce1da/Medium/ubvtce1da_tier_2.uexp" 1859
"C:/Users/david/Documents/GitHub/saint-grail/Content/Fab/Megascans/3D/Limestone_Rubble_ubxbejwda/Medium/T_ubxbejwda_2K_B.ubulk" 1860
"C:/Users/david/Documents/GitHub/saint-grail/Content/Fab/Megascans/3D/Limestone_Rubble_ubxbejwda/Medium/T_ubxbejwda_2K_B.uasset" 1861
"C:/Users/david/Documents/GitHub/saint-grail/Content/Fab/Megascans/3D/Limestone_Rubble_ubxbejwda/Medium/T_ubxbejwda_2K_B.uexp" 1862
"C:/Users/david/Documents/GitHub/saint-grail/Content/Fab/Megascans/3D/Limestone_Rubble_ubxbejwda/Medium/T_ubxbejwda_2K_ORM.ubulk" 1863
"C:/Users/david/Documents/GitHub/saint-grail/Content/Fab/Megascans/3D/Limestone_Rubble_ubxbejwda/Medium/T_ubxbejwda_2K_ORM.uasset" 1864
"C:/Users/david/Documents/GitHub/saint-grail/Content/Fab/Megascans/3D/Limestone_Rubble_ubxbejwda/Medium/T_ubxbejwda_2K_ORM.uexp" 1865
"C:/Users/david/Documents/GitHub/saint-grail/Content/Fab/Megascans/3D/Limestone_Rubble_ubxbejwda/Medium/T_ubxbejwda_2K_N.ubulk" 1866
"C:/Users/david/Documents/GitHub/saint-grail/Content/Fab/Megascans/3D/Limestone_Rubble_ubxbejwda/Medium/T_ubxbejwda_2K_N.uasset" 1867
"C:/Users/david/Documents/GitHub/saint-grail/Content/Fab/Megascans/3D/Limestone_Rubble_ubxbejwda/Medium/T_ubxbejwda_2K_N.uexp" 1868
"C:/Users/david/Documents/GitHub/saint-grail/Content/Fab/Megascans/3D/Limestone_Rubble_ubxbejwda/Medium/MI_ubxbejwda.uasset" 1869
"C:/Users/david/Documents/GitHub/saint-grail/Content/Fab/Megascans/3D/Limestone_Rubble_ubxbejwda/Medium/MI_ubxbejwda.uexp" 1870
"C:/Users/david/Documents/GitHub/saint-grail/Content/Fab/Megascans/3D/Limestone_Rubble_ubxbejwda/Medium/ubxbejwda_tier_2.ubulk" 1871
"C:/Users/david/Documents/GitHub/saint-grail/Content/Fab/Megascans/3D/Limestone_Rubble_ubxbejwda/Medium/ubxbejwda_tier_2.uasset" 1872
"C:/Users/david/Documents/GitHub/saint-grail/Content/Fab/Megascans/3D/Limestone_Rubble_ubxbejwda/Medium/ubxbejwda_tier_2.uexp" 1873
"../../../Engine/Plugins/Animation/ControlRig/Content/Controls/DefaultGizmoLibraryNormalized.uasset" 1874
"../../../Engine/Plugins/Animation/ControlRig/Content/Controls/DefaultGizmoLibraryNormalized.uexp" 1875
"C:/Users/david/Documents/GitHub/saint-grail/Content/Characters/Mannequins/Rigs/CR_Mannequin_Body.uasset" 1876
"C:/Users/david/Documents/GitHub/saint-grail/Content/Characters/Mannequins/Rigs/CR_Mannequin_Body.uexp" 1877
"C:/Users/david/Documents/GitHub/saint-grail/Content/Characters/Mannequins/Rigs/IK_Mannequin.uasset" 1878
"C:/Users/david/Documents/GitHub/saint-grail/Content/Characters/Mannequins/Rigs/IK_Mannequin.uexp" 1879
"C:/Users/david/Documents/GitHub/saint-grail/Content/Characters/Mannequin_UE4/Rigs/IK_UE4_Mannequin.uasset" 1880
"C:/Users/david/Documents/GitHub/saint-grail/Content/Characters/Mannequin_UE4/Rigs/IK_UE4_Mannequin.uexp" 1881
"../../../Engine/Content/EngineResources/LandscapeVisibilityLayerInfo.uasset" 1882
"../../../Engine/Content/EngineResources/LandscapeVisibilityLayerInfo.uexp" 1883
"../../../Engine/Content/VREditor/TransformGizmo/StartRotationHandleIndicator.ubulk" 1884
"../../../Engine/Content/VREditor/TransformGizmo/StartRotationHandleIndicator.uasset" 1885
"../../../Engine/Content/VREditor/TransformGizmo/StartRotationHandleIndicator.uexp" 1886
"../../../Engine/Content/VREditor/Sounds/UI/Drop_Item_From_ContentBrowser.ubulk" 1887
"../../../Engine/Content/VREditor/Sounds/UI/Drop_Item_From_ContentBrowser.uasset" 1888
"../../../Engine/Content/VREditor/Sounds/UI/Drop_Item_From_ContentBrowser.uexp" 1889
"../../../Engine/Content/VREditor/TransformGizmo/PlaneTranslationHandle.ubulk" 1890
"../../../Engine/Content/VREditor/TransformGizmo/PlaneTranslationHandle.uasset" 1891
"../../../Engine/Content/VREditor/TransformGizmo/PlaneTranslationHandle.uexp" 1892
"../../../Engine/Content/VREditor/Sounds/UI/Object_Snaps_To_Grid.ubulk" 1893
"../../../Engine/Content/VREditor/Sounds/UI/Object_Snaps_To_Grid.uasset" 1894
"../../../Engine/Content/VREditor/Sounds/UI/Object_Snaps_To_Grid.uexp" 1895
"../../../Engine/Content/VREditor/Sounds/UI/Selection_Changes.ubulk" 1896
"../../../Engine/Content/VREditor/Sounds/UI/Selection_Changes.uasset" 1897
"../../../Engine/Content/VREditor/Sounds/UI/Selection_Changes.uexp" 1898
"../../../Engine/Content/VREditor/Sounds/UI/Object_Snaps_To_Another_Actor.ubulk" 1899
"../../../Engine/Content/VREditor/Sounds/UI/Object_Snaps_To_Another_Actor.uasset" 1900
"../../../Engine/Content/VREditor/Sounds/UI/Object_Snaps_To_Another_Actor.uexp" 1901
"../../../Engine/Content/VREditor/TransformGizmo/TranslucentTransformGizmoMaterial_Inst.uasset" 1902
"../../../Engine/Content/VREditor/TransformGizmo/TranslucentTransformGizmoMaterial_Inst.uexp" 1903
"../../../Engine/Content/VREditor/TransformGizmo/TransformGizmoFreeRotation.ubulk" 1904
"../../../Engine/Content/VREditor/TransformGizmo/TransformGizmoFreeRotation.uasset" 1905
"../../../Engine/Content/VREditor/TransformGizmo/TransformGizmoFreeRotation.uexp" 1906
"../../../Engine/Content/VREditor/Sounds/UI/Scaling_Down.ubulk" 1907
"../../../Engine/Content/VREditor/Sounds/UI/Scaling_Down.uasset" 1908
"../../../Engine/Content/VREditor/Sounds/UI/Scaling_Down.uexp" 1909
"../../../Engine/Content/Functions/Engine_MaterialFunctions02/SplitComponents.uasset" 1910
"../../../Engine/Content/Functions/Engine_MaterialFunctions02/SplitComponents.uexp" 1911
"../../../Engine/Content/VREditor/SnapGrid/SnapGridMaterial.uasset" 1912
"../../../Engine/Content/VREditor/SnapGrid/SnapGridMaterial.uexp" 1913
"../../../Engine/Content/VREditor/SnapGrid/SnapGridPlaneMesh.ubulk" 1914
"../../../Engine/Content/VREditor/SnapGrid/SnapGridPlaneMesh.uasset" 1915
"../../../Engine/Content/VREditor/SnapGrid/SnapGridPlaneMesh.uexp" 1916
"../../../Engine/Content/VREditor/Sounds/UI/Scaling_Up.ubulk" 1917
"../../../Engine/Content/VREditor/Sounds/UI/Scaling_Up.uasset" 1918
"../../../Engine/Content/VREditor/Sounds/UI/Scaling_Up.uexp" 1919
"../../../Engine/Content/VREditor/TransformGizmo/TransformGizmoMaterial_Inst.uasset" 1920
"../../../Engine/Content/VREditor/TransformGizmo/TransformGizmoMaterial_Inst.uexp" 1921
"../../../Engine/Content/VREditor/Sounds/UI/Gizmo_Handle_Clicked.ubulk" 1922
"../../../Engine/Content/VREditor/Sounds/UI/Gizmo_Handle_Clicked.uasset" 1923
"../../../Engine/Content/VREditor/Sounds/UI/Gizmo_Handle_Clicked.uexp" 1924
"../../../Engine/Content/VREditor/TransformGizmo/RotationHandleQuarter.ubulk" 1925
"../../../Engine/Content/VREditor/TransformGizmo/RotationHandleQuarter.uasset" 1926
"../../../Engine/Content/VREditor/TransformGizmo/RotationHandleQuarter.uexp" 1927
"../../../Engine/Content/VREditor/TransformGizmo/TranslateArrowHandle.ubulk" 1928
"../../../Engine/Content/VREditor/TransformGizmo/TranslateArrowHandle.uasset" 1929
"../../../Engine/Content/VREditor/TransformGizmo/TranslateArrowHandle.uexp" 1930
"../../../Engine/Content/VREditor/TransformGizmo/RotationHandleIndicator.ubulk" 1931
"../../../Engine/Content/VREditor/TransformGizmo/RotationHandleIndicator.uasset" 1932
"../../../Engine/Content/VREditor/TransformGizmo/RotationHandleIndicator.uexp" 1933
"../../../Engine/Content/VREditor/TransformGizmo/UniformScaleHandle.ubulk" 1934
"../../../Engine/Content/VREditor/TransformGizmo/UniformScaleHandle.uasset" 1935
"../../../Engine/Content/VREditor/TransformGizmo/UniformScaleHandle.uexp" 1936
"../../../Engine/Content/VREditor/TransformGizmo/RotationHandleFull.ubulk" 1937
"../../../Engine/Content/VREditor/TransformGizmo/RotationHandleFull.uasset" 1938
"../../../Engine/Content/VREditor/TransformGizmo/RotationHandleFull.uexp" 1939
"../../../Engine/Content/VREditor/Sounds/UI/Object_PickUp.ubulk" 1940
"../../../Engine/Content/VREditor/Sounds/UI/Object_PickUp.uasset" 1941
"../../../Engine/Content/VREditor/Sounds/UI/Object_PickUp.uexp" 1942
"../../../Engine/Plugins/Animation/DeformerGraph/Content/DeformerFunctions/DG_Function_ComputeNormalsTangents.uasset" 1943
"../../../Engine/Plugins/Animation/DeformerGraph/Content/DeformerFunctions/DG_Function_ComputeNormalsTangents.uexp" 1944
"../../../Engine/Plugins/Animation/DeformerGraph/Content/DeformerFunctions/DG_Function_LinearBlendSkin_Morph_Cloth.uasset" 1945
"../../../Engine/Plugins/Animation/DeformerGraph/Content/DeformerFunctions/DG_Function_LinearBlendSkin_Morph_Cloth.uexp" 1946
"../../../Engine/Plugins/Animation/DeformerGraph/Content/DeformerFunctions/DG_Function_LinearBlendSkin_Morph_Cloth_PositionOnly.uasset" 1947
"../../../Engine/Plugins/Animation/DeformerGraph/Content/DeformerFunctions/DG_Function_LinearBlendSkin_Morph_Cloth_PositionOnly.uexp" 1948
"../../../Engine/Plugins/Animation/DeformerGraph/Content/Deformers/DG_LinearBlendSkin_Morph_Cloth.uasset" 1949
"../../../Engine/Plugins/Animation/DeformerGraph/Content/Deformers/DG_LinearBlendSkin_Morph_Cloth.uexp" 1950
"../../../Engine/Plugins/Animation/DeformerGraph/Content/Deformers/DG_LinearBlendSkin_Morph_Cloth_RecomputeNormals.uasset" 1951
"../../../Engine/Plugins/Animation/DeformerGraph/Content/Deformers/DG_LinearBlendSkin_Morph_Cloth_RecomputeNormals.uexp" 1952
"../../../Engine/Plugins/NNE/NNEDenoiser/Content/NNEDT_Oidn2-3_Balanced.uasset" 1953
"../../../Engine/Plugins/NNE/NNEDenoiser/Content/NNEDT_Oidn2-3_Balanced.uexp" 1954
"../../../Engine/Plugins/NNE/NNEDenoiser/Content/NNEDT_Oidn2-3_Balanced_Alpha.uasset" 1955
"../../../Engine/Plugins/NNE/NNEDenoiser/Content/NNEDT_Oidn2-3_Balanced_Alpha.uexp" 1956
"../../../Engine/Plugins/NNE/NNEDenoiser/Content/NNED_Oidn2-3_Balanced.uasset" 1957
"../../../Engine/Plugins/NNE/NNEDenoiser/Content/NNED_Oidn2-3_Balanced.uexp" 1958
"../../../Engine/Plugins/NNE/NNEDenoiser/Content/NNED_Oidn2-3_Balanced_Alpha.uasset" 1959
"../../../Engine/Plugins/NNE/NNEDenoiser/Content/NNED_Oidn2-3_Balanced_Alpha.uexp" 1960
"../../../Engine/Plugins/NNE/NNEDenoiser/Content/NNED_Oidn2-3_Fast.uasset" 1961
"../../../Engine/Plugins/NNE/NNEDenoiser/Content/NNED_Oidn2-3_Fast.uexp" 1962
"../../../Engine/Plugins/NNE/NNEDenoiser/Content/NNED_Oidn2-3_Fast_Alpha.uasset" 1963
"../../../Engine/Plugins/NNE/NNEDenoiser/Content/NNED_Oidn2-3_Fast_Alpha.uexp" 1964
"../../../Engine/Plugins/NNE/NNEDenoiser/Content/NNED_Oidn2-3_HighQuality.uasset" 1965
"../../../Engine/Plugins/NNE/NNEDenoiser/Content/NNED_Oidn2-3_HighQuality.uexp" 1966
"../../../Engine/Plugins/NNE/NNEDenoiser/Content/NNED_Oidn2-3_HighQuality_Alpha.uasset" 1967
"../../../Engine/Plugins/NNE/NNEDenoiser/Content/NNED_Oidn2-3_HighQuality_Alpha.uexp" 1968
"../../../Engine/Plugins/NNE/NNEDenoiser/Content/NNE_oidn2-3-0_rt_hdr_alb_nrm_small__dyn__fp16_opset11_DenoiseAlpha.uasset" 1969
"../../../Engine/Plugins/NNE/NNEDenoiser/Content/NNE_oidn2-3-0_rt_hdr_alb_nrm_small__dyn__fp16_opset11_DenoiseAlpha.uexp" 1970
"../../../Engine/Plugins/NNE/NNEDenoiser/Content/NNE_oidn2-3-0_rt_hdr_alb_nrm_small__dyn__fp16_opset11_ForwardAlpha.uasset" 1971
"../../../Engine/Plugins/NNE/NNEDenoiser/Content/NNE_oidn2-3-0_rt_hdr_alb_nrm_small__dyn__fp16_opset11_ForwardAlpha.uexp" 1972
"../../../Engine/Plugins/NNE/NNEDenoiser/Content/NNE_oidn2-3-0_rt_hdr_alb_nrm__dyn__fp16_opset11_DenoiseAlpha.uasset" 1973
"../../../Engine/Plugins/NNE/NNEDenoiser/Content/NNE_oidn2-3-0_rt_hdr_alb_nrm__dyn__fp16_opset11_DenoiseAlpha.uexp" 1974
"../../../Engine/Plugins/NNE/NNEDenoiser/Content/NNE_oidn2-3-0_rt_hdr_alb_nrm__dyn__fp16_opset11_ForwardAlpha.uasset" 1975
"../../../Engine/Plugins/NNE/NNEDenoiser/Content/NNE_oidn2-3-0_rt_hdr_alb_nrm__dyn__fp16_opset11_ForwardAlpha.uexp" 1976
"../../../Engine/Plugins/NNE/NNEDenoiser/Content/NNE_oidn2-3-0_rt_hdr_calb_cnrm_large__dyn__fp16_opset11_DenoiseAlpha.uasset" 1977
"../../../Engine/Plugins/NNE/NNEDenoiser/Content/NNE_oidn2-3-0_rt_hdr_calb_cnrm_large__dyn__fp16_opset11_DenoiseAlpha.uexp" 1978
"../../../Engine/Plugins/NNE/NNEDenoiser/Content/NNE_oidn2-3-0_rt_hdr_calb_cnrm_large__dyn__fp16_opset11_ForwardAlpha.uasset" 1979
"../../../Engine/Plugins/NNE/NNEDenoiser/Content/NNE_oidn2-3-0_rt_hdr_calb_cnrm_large__dyn__fp16_opset11_ForwardAlpha.uexp" 1980
"../../../Engine/Content/Maps/Entry_BuiltData.uasset" 1981
"../../../Engine/Content/Maps/Entry_BuiltData.uexp" 1982
"../../../Engine/Content/Maps/Entry.uexp" 1983
"../../../Engine/Content/Maps/Entry.umap" 1984
"C:/Users/david/Documents/GitHub/saint-grail/Content/levels/_GENERATED/andre/lava-loop-1-67307.ubulk" 1985
"C:/Users/david/Documents/GitHub/saint-grail/Content/levels/_GENERATED/andre/lava-loop-1-67307.uasset" 1986
"C:/Users/david/Documents/GitHub/saint-grail/Content/levels/_GENERATED/andre/lava-loop-1-67307.uexp" 1987
"C:/Users/david/Documents/GitHub/saint-grail/Content/StarterContent/Particles/P_Smoke.uasset" 1988
"C:/Users/david/Documents/GitHub/saint-grail/Content/StarterContent/Particles/P_Smoke.uexp" 1989
"C:/Users/david/Documents/GitHub/saint-grail/Content/levels/_GENERATED/andre/BP_LAVA.uasset" 1990
"C:/Users/david/Documents/GitHub/saint-grail/Content/levels/_GENERATED/andre/BP_LAVA.uexp" 1991
"C:/Users/david/Documents/GitHub/saint-grail/Content/levels/cambio_2.uasset" 1992
"C:/Users/david/Documents/GitHub/saint-grail/Content/levels/cambio_2.uexp" 1993
"C:/Users/david/Documents/GitHub/saint-grail/Content/Characters/Khignt/Core/BP_MyGameMode.uasset" 1994
"C:/Users/david/Documents/GitHub/saint-grail/Content/Characters/Khignt/Core/BP_MyGameMode.uexp" 1995
"C:/Users/david/Documents/GitHub/saint-grail/Content/Fab/Megascans/3D/Limestone_Slab_ubxbadpda/Medium/T_ubxbadpda_2K_ORM.ubulk" 1996
"C:/Users/david/Documents/GitHub/saint-grail/Content/Fab/Megascans/3D/Limestone_Slab_ubxbadpda/Medium/T_ubxbadpda_2K_ORM.uasset" 1997
"C:/Users/david/Documents/GitHub/saint-grail/Content/Fab/Megascans/3D/Limestone_Slab_ubxbadpda/Medium/T_ubxbadpda_2K_ORM.uexp" 1998
"C:/Users/david/Documents/GitHub/saint-grail/Content/Fab/Megascans/3D/Limestone_Slab_ubxbadpda/Medium/T_ubxbadpda_2K_N.ubulk" 1999
"C:/Users/david/Documents/GitHub/saint-grail/Content/Fab/Megascans/3D/Limestone_Slab_ubxbadpda/Medium/T_ubxbadpda_2K_N.uasset" 2000
"C:/Users/david/Documents/GitHub/saint-grail/Content/Fab/Megascans/3D/Limestone_Slab_ubxbadpda/Medium/T_ubxbadpda_2K_N.uexp" 2001
"C:/Users/david/Documents/GitHub/saint-grail/Content/Fab/Megascans/3D/Limestone_Slab_ubxbadpda/Medium/T_ubxbadpda_2K_B.ubulk" 2002
"C:/Users/david/Documents/GitHub/saint-grail/Content/Fab/Megascans/3D/Limestone_Slab_ubxbadpda/Medium/T_ubxbadpda_2K_B.uasset" 2003
"C:/Users/david/Documents/GitHub/saint-grail/Content/Fab/Megascans/3D/Limestone_Slab_ubxbadpda/Medium/T_ubxbadpda_2K_B.uexp" 2004
"C:/Users/david/Documents/GitHub/saint-grail/Content/Fab/Megascans/3D/Limestone_Slab_ubxbadpda/Medium/MI_ubxbadpda.uasset" 2005
"C:/Users/david/Documents/GitHub/saint-grail/Content/Fab/Megascans/3D/Limestone_Slab_ubxbadpda/Medium/MI_ubxbadpda.uexp" 2006
"C:/Users/david/Documents/GitHub/saint-grail/Content/Fab/Megascans/3D/Limestone_Slab_ubxbadpda/Medium/ubxbadpda_tier_2.ubulk" 2007
"C:/Users/david/Documents/GitHub/saint-grail/Content/Fab/Megascans/3D/Limestone_Slab_ubxbadpda/Medium/ubxbadpda_tier_2.uasset" 2008
"C:/Users/david/Documents/GitHub/saint-grail/Content/Fab/Megascans/3D/Limestone_Slab_ubxbadpda/Medium/ubxbadpda_tier_2.uexp" 2009
"C:/Users/david/Documents/GitHub/saint-grail/Content/BP/IBP_Plataforma.uasset" 2010
"C:/Users/david/Documents/GitHub/saint-grail/Content/BP/IBP_Plataforma.uexp" 2011
"../../../Engine/Content/EngineSky/C_Sky_Horizon_Color.uasset" 2012
"../../../Engine/Content/EngineSky/C_Sky_Horizon_Color.uexp" 2013
"../../../Engine/Content/EngineSky/T_Sky_Stars.ubulk" 2014
"../../../Engine/Content/EngineSky/T_Sky_Stars.uasset" 2015
"../../../Engine/Content/EngineSky/T_Sky_Stars.uexp" 2016
"../../../Engine/Content/EngineSky/T_Sky_Clouds_M.ubulk" 2017
"../../../Engine/Content/EngineSky/T_Sky_Clouds_M.uasset" 2018
"../../../Engine/Content/EngineSky/T_Sky_Clouds_M.uexp" 2019
"../../../Engine/Content/EngineSky/T_Sky_Blue.ubulk" 2020
"../../../Engine/Content/EngineSky/T_Sky_Blue.uasset" 2021
"../../../Engine/Content/EngineSky/T_Sky_Blue.uexp" 2022
"../../../Engine/Content/EngineSky/M_Sky_Panning_Clouds2.uasset" 2023
"../../../Engine/Content/EngineSky/M_Sky_Panning_Clouds2.uexp" 2024
"../../../Engine/Content/EngineSky/SM_SkySphere.ubulk" 2025
"../../../Engine/Content/EngineSky/SM_SkySphere.uasset" 2026
"../../../Engine/Content/EngineSky/SM_SkySphere.uexp" 2027
"../../../Engine/Content/EngineSky/C_Sky_Cloud_Color.uasset" 2028
"../../../Engine/Content/EngineSky/C_Sky_Cloud_Color.uexp" 2029
"../../../Engine/Content/EngineSky/C_Sky_Zenith_Color.uasset" 2030
"../../../Engine/Content/EngineSky/C_Sky_Zenith_Color.uexp" 2031
"../../../Engine/Content/EngineSky/BP_Sky_Sphere.uasset" 2032
"../../../Engine/Content/EngineSky/BP_Sky_Sphere.uexp" 2033
"C:/Users/david/Documents/GitHub/saint-grail/Content/Fab/Megascans/3D/Limestone_Rubble_ubxbejwda/High/T_ubxbejwda_4K_H.ubulk" 2034
"C:/Users/david/Documents/GitHub/saint-grail/Content/Fab/Megascans/3D/Limestone_Rubble_ubxbejwda/High/T_ubxbejwda_4K_H.uasset" 2035
"C:/Users/david/Documents/GitHub/saint-grail/Content/Fab/Megascans/3D/Limestone_Rubble_ubxbejwda/High/T_ubxbejwda_4K_H.uexp" 2036
"C:/Users/david/Documents/GitHub/saint-grail/Content/Fab/Megascans/3D/Limestone_Rubble_ubxbejwda/High/T_ubxbejwda_4K_B.ubulk" 2037
"C:/Users/david/Documents/GitHub/saint-grail/Content/Fab/Megascans/3D/Limestone_Rubble_ubxbejwda/High/T_ubxbejwda_4K_B.uasset" 2038
"C:/Users/david/Documents/GitHub/saint-grail/Content/Fab/Megascans/3D/Limestone_Rubble_ubxbejwda/High/T_ubxbejwda_4K_B.uexp" 2039
"C:/Users/david/Documents/GitHub/saint-grail/Content/Fab/Megascans/3D/Limestone_Rubble_ubxbejwda/High/T_ubxbejwda_4K_N.ubulk" 2040
"C:/Users/david/Documents/GitHub/saint-grail/Content/Fab/Megascans/3D/Limestone_Rubble_ubxbejwda/High/T_ubxbejwda_4K_N.uasset" 2041
"C:/Users/david/Documents/GitHub/saint-grail/Content/Fab/Megascans/3D/Limestone_Rubble_ubxbejwda/High/T_ubxbejwda_4K_N.uexp" 2042
"C:/Users/david/Documents/GitHub/saint-grail/Content/Fab/Megascans/3D/Limestone_Rubble_ubxbejwda/High/T_ubxbejwda_4K_ORM.ubulk" 2043
"C:/Users/david/Documents/GitHub/saint-grail/Content/Fab/Megascans/3D/Limestone_Rubble_ubxbejwda/High/T_ubxbejwda_4K_ORM.uasset" 2044
"C:/Users/david/Documents/GitHub/saint-grail/Content/Fab/Megascans/3D/Limestone_Rubble_ubxbejwda/High/T_ubxbejwda_4K_ORM.uexp" 2045
"C:/Users/david/Documents/GitHub/saint-grail/Content/Fab/Megascans/3D/Limestone_Rubble_ubxbejwda/High/MI_ubxbejwda.uasset" 2046
"C:/Users/david/Documents/GitHub/saint-grail/Content/Fab/Megascans/3D/Limestone_Rubble_ubxbejwda/High/MI_ubxbejwda.uexp" 2047
"C:/Users/david/Documents/GitHub/saint-grail/Content/Fab/Megascans/3D/Limestone_Rubble_ubxbejwda/High/ubxbejwda_tier_1.ubulk" 2048
"C:/Users/david/Documents/GitHub/saint-grail/Content/Fab/Megascans/3D/Limestone_Rubble_ubxbejwda/High/ubxbejwda_tier_1.uasset" 2049
"C:/Users/david/Documents/GitHub/saint-grail/Content/Fab/Megascans/3D/Limestone_Rubble_ubxbejwda/High/ubxbejwda_tier_1.uexp" 2050
"C:/Users/david/Documents/GitHub/saint-grail/Content/BP/IBP_Arriba.uasset" 2051
"C:/Users/david/Documents/GitHub/saint-grail/Content/BP/IBP_Arriba.uexp" 2052
"C:/Users/david/Documents/GitHub/saint-grail/Content/Fab/Megascans/3D/Limestone_Slab_ub3rcjzda/Medium/T_ub3rcjzda_2K_B.ubulk" 2053
"C:/Users/david/Documents/GitHub/saint-grail/Content/Fab/Megascans/3D/Limestone_Slab_ub3rcjzda/Medium/T_ub3rcjzda_2K_B.uasset" 2054
"C:/Users/david/Documents/GitHub/saint-grail/Content/Fab/Megascans/3D/Limestone_Slab_ub3rcjzda/Medium/T_ub3rcjzda_2K_B.uexp" 2055
"C:/Users/david/Documents/GitHub/saint-grail/Content/Fab/Megascans/3D/Limestone_Slab_ub3rcjzda/Medium/T_ub3rcjzda_2K_N.ubulk" 2056
"C:/Users/david/Documents/GitHub/saint-grail/Content/Fab/Megascans/3D/Limestone_Slab_ub3rcjzda/Medium/T_ub3rcjzda_2K_N.uasset" 2057
"C:/Users/david/Documents/GitHub/saint-grail/Content/Fab/Megascans/3D/Limestone_Slab_ub3rcjzda/Medium/T_ub3rcjzda_2K_N.uexp" 2058
"C:/Users/david/Documents/GitHub/saint-grail/Content/Fab/Megascans/3D/Limestone_Slab_ub3rcjzda/Medium/T_ub3rcjzda_2K_ORM.ubulk" 2059
"C:/Users/david/Documents/GitHub/saint-grail/Content/Fab/Megascans/3D/Limestone_Slab_ub3rcjzda/Medium/T_ub3rcjzda_2K_ORM.uasset" 2060
"C:/Users/david/Documents/GitHub/saint-grail/Content/Fab/Megascans/3D/Limestone_Slab_ub3rcjzda/Medium/T_ub3rcjzda_2K_ORM.uexp" 2061
"C:/Users/david/Documents/GitHub/saint-grail/Content/Fab/Megascans/3D/Limestone_Slab_ub3rcjzda/Medium/MI_ub3rcjzda.uasset" 2062
"C:/Users/david/Documents/GitHub/saint-grail/Content/Fab/Megascans/3D/Limestone_Slab_ub3rcjzda/Medium/MI_ub3rcjzda.uexp" 2063
"C:/Users/david/Documents/GitHub/saint-grail/Content/Fab/Megascans/3D/Limestone_Slab_ub3rcjzda/Medium/ub3rcjzda_tier_2.ubulk" 2064
"C:/Users/david/Documents/GitHub/saint-grail/Content/Fab/Megascans/3D/Limestone_Slab_ub3rcjzda/Medium/ub3rcjzda_tier_2.uasset" 2065
"C:/Users/david/Documents/GitHub/saint-grail/Content/Fab/Megascans/3D/Limestone_Slab_ub3rcjzda/Medium/ub3rcjzda_tier_2.uexp" 2066
"C:/Users/david/Documents/GitHub/saint-grail/Content/Fab/Megascans/3D/Quarry_Cliff_uchwaffda/Medium/T_uchwaffda_2K_N.ubulk" 2067
"C:/Users/david/Documents/GitHub/saint-grail/Content/Fab/Megascans/3D/Quarry_Cliff_uchwaffda/Medium/T_uchwaffda_2K_N.uasset" 2068
"C:/Users/david/Documents/GitHub/saint-grail/Content/Fab/Megascans/3D/Quarry_Cliff_uchwaffda/Medium/T_uchwaffda_2K_N.uexp" 2069
"C:/Users/david/Documents/GitHub/saint-grail/Content/Fab/Megascans/3D/Quarry_Cliff_uchwaffda/Medium/T_uchwaffda_2K_B.ubulk" 2070
"C:/Users/david/Documents/GitHub/saint-grail/Content/Fab/Megascans/3D/Quarry_Cliff_uchwaffda/Medium/T_uchwaffda_2K_B.uasset" 2071
"C:/Users/david/Documents/GitHub/saint-grail/Content/Fab/Megascans/3D/Quarry_Cliff_uchwaffda/Medium/T_uchwaffda_2K_B.uexp" 2072
"C:/Users/david/Documents/GitHub/saint-grail/Content/Fab/Megascans/3D/Quarry_Cliff_uchwaffda/Medium/T_uchwaffda_2K_ORM.ubulk" 2073
"C:/Users/david/Documents/GitHub/saint-grail/Content/Fab/Megascans/3D/Quarry_Cliff_uchwaffda/Medium/T_uchwaffda_2K_ORM.uasset" 2074
"C:/Users/david/Documents/GitHub/saint-grail/Content/Fab/Megascans/3D/Quarry_Cliff_uchwaffda/Medium/T_uchwaffda_2K_ORM.uexp" 2075
"C:/Users/david/Documents/GitHub/saint-grail/Content/Fab/Megascans/3D/Quarry_Cliff_uchwaffda/Medium/MI_uchwaffda.uasset" 2076
"C:/Users/david/Documents/GitHub/saint-grail/Content/Fab/Megascans/3D/Quarry_Cliff_uchwaffda/Medium/MI_uchwaffda.uexp" 2077
"C:/Users/david/Documents/GitHub/saint-grail/Content/Fab/Megascans/3D/Quarry_Cliff_uchwaffda/Medium/uchwaffda_tier_2.ubulk" 2078
"C:/Users/david/Documents/GitHub/saint-grail/Content/Fab/Megascans/3D/Quarry_Cliff_uchwaffda/Medium/uchwaffda_tier_2.uasset" 2079
"C:/Users/david/Documents/GitHub/saint-grail/Content/Fab/Megascans/3D/Quarry_Cliff_uchwaffda/Medium/uchwaffda_tier_2.uexp" 2080
"../../../Engine/Content/BasicShapes/BasicShapeMaterial.uasset" 2081
"../../../Engine/Content/BasicShapes/BasicShapeMaterial.uexp" 2082
"C:/Users/david/Documents/GitHub/saint-grail/Content/levels/_GENERATED/andre/Salpicadura_Lava.uasset" 2083
"C:/Users/david/Documents/GitHub/saint-grail/Content/levels/_GENERATED/andre/Salpicadura_Lava.uexp" 2084
"C:/Users/david/Documents/GitHub/saint-grail/Content/Fab/Megascans/3D/Quarry_Cliff_ubhubhyda/Medium/T_ubhubhyda_2K_ORM.ubulk" 2085
"C:/Users/david/Documents/GitHub/saint-grail/Content/Fab/Megascans/3D/Quarry_Cliff_ubhubhyda/Medium/T_ubhubhyda_2K_ORM.uasset" 2086
"C:/Users/david/Documents/GitHub/saint-grail/Content/Fab/Megascans/3D/Quarry_Cliff_ubhubhyda/Medium/T_ubhubhyda_2K_ORM.uexp" 2087
"C:/Users/david/Documents/GitHub/saint-grail/Content/Fab/Megascans/3D/Quarry_Cliff_ubhubhyda/Medium/T_ubhubhyda_2K_N.ubulk" 2088
"C:/Users/david/Documents/GitHub/saint-grail/Content/Fab/Megascans/3D/Quarry_Cliff_ubhubhyda/Medium/T_ubhubhyda_2K_N.uasset" 2089
"C:/Users/david/Documents/GitHub/saint-grail/Content/Fab/Megascans/3D/Quarry_Cliff_ubhubhyda/Medium/T_ubhubhyda_2K_N.uexp" 2090
"C:/Users/david/Documents/GitHub/saint-grail/Content/Fab/Megascans/3D/Quarry_Cliff_ubhubhyda/Medium/T_ubhubhyda_2K_B.ubulk" 2091
"C:/Users/david/Documents/GitHub/saint-grail/Content/Fab/Megascans/3D/Quarry_Cliff_ubhubhyda/Medium/T_ubhubhyda_2K_B.uasset" 2092
"C:/Users/david/Documents/GitHub/saint-grail/Content/Fab/Megascans/3D/Quarry_Cliff_ubhubhyda/Medium/T_ubhubhyda_2K_B.uexp" 2093
"C:/Users/david/Documents/GitHub/saint-grail/Content/Fab/Megascans/3D/Quarry_Cliff_ubhubhyda/Medium/MI_ubhubhyda.uasset" 2094
"C:/Users/david/Documents/GitHub/saint-grail/Content/Fab/Megascans/3D/Quarry_Cliff_ubhubhyda/Medium/MI_ubhubhyda.uexp" 2095
"C:/Users/david/Documents/GitHub/saint-grail/Content/Fab/Megascans/3D/Quarry_Cliff_ubhubhyda/Medium/ubhubhyda_tier_2.ubulk" 2096
"C:/Users/david/Documents/GitHub/saint-grail/Content/Fab/Megascans/3D/Quarry_Cliff_ubhubhyda/Medium/ubhubhyda_tier_2.uasset" 2097
"C:/Users/david/Documents/GitHub/saint-grail/Content/Fab/Megascans/3D/Quarry_Cliff_ubhubhyda/Medium/ubhubhyda_tier_2.uexp" 2098
"C:/Users/david/Documents/GitHub/saint-grail/Content/Fab/Megascans/3D/Quarry_Cliff_ub5tefsda/Low/T_ub5tefsda_1K_ORM.ubulk" 2099
"C:/Users/david/Documents/GitHub/saint-grail/Content/Fab/Megascans/3D/Quarry_Cliff_ub5tefsda/Low/T_ub5tefsda_1K_ORM.uasset" 2100
"C:/Users/david/Documents/GitHub/saint-grail/Content/Fab/Megascans/3D/Quarry_Cliff_ub5tefsda/Low/T_ub5tefsda_1K_ORM.uexp" 2101
"C:/Users/david/Documents/GitHub/saint-grail/Content/Fab/Megascans/3D/Quarry_Cliff_ub5tefsda/Low/T_ub5tefsda_1K_N.ubulk" 2102
"C:/Users/david/Documents/GitHub/saint-grail/Content/Fab/Megascans/3D/Quarry_Cliff_ub5tefsda/Low/T_ub5tefsda_1K_N.uasset" 2103
"C:/Users/david/Documents/GitHub/saint-grail/Content/Fab/Megascans/3D/Quarry_Cliff_ub5tefsda/Low/T_ub5tefsda_1K_N.uexp" 2104
"C:/Users/david/Documents/GitHub/saint-grail/Content/Fab/Megascans/3D/Quarry_Cliff_ub5tefsda/Low/T_ub5tefsda_1K_B.ubulk" 2105
"C:/Users/david/Documents/GitHub/saint-grail/Content/Fab/Megascans/3D/Quarry_Cliff_ub5tefsda/Low/T_ub5tefsda_1K_B.uasset" 2106
"C:/Users/david/Documents/GitHub/saint-grail/Content/Fab/Megascans/3D/Quarry_Cliff_ub5tefsda/Low/T_ub5tefsda_1K_B.uexp" 2107
"C:/Users/david/Documents/GitHub/saint-grail/Content/Fab/Megascans/3D/Quarry_Cliff_ub5tefsda/Low/MI_ub5tefsda.uasset" 2108
"C:/Users/david/Documents/GitHub/saint-grail/Content/Fab/Megascans/3D/Quarry_Cliff_ub5tefsda/Low/MI_ub5tefsda.uexp" 2109
"C:/Users/david/Documents/GitHub/saint-grail/Content/Fab/Megascans/3D/Quarry_Cliff_ub5tefsda/Low/ub5tefsda_tier_3.ubulk" 2110
"C:/Users/david/Documents/GitHub/saint-grail/Content/Fab/Megascans/3D/Quarry_Cliff_ub5tefsda/Low/ub5tefsda_tier_3.uasset" 2111
"C:/Users/david/Documents/GitHub/saint-grail/Content/Fab/Megascans/3D/Quarry_Cliff_ub5tefsda/Low/ub5tefsda_tier_3.uexp" 2112
"C:/Users/david/Documents/GitHub/saint-grail/Content/Fab/Grotto_Cavern_Cave/grotto_cavern_cave_texture_0.ubulk" 2113
"C:/Users/david/Documents/GitHub/saint-grail/Content/Fab/Grotto_Cavern_Cave/grotto_cavern_cave_texture_0.uasset" 2114
"C:/Users/david/Documents/GitHub/saint-grail/Content/Fab/Grotto_Cavern_Cave/grotto_cavern_cave_texture_0.uexp" 2115
"C:/Users/david/Documents/GitHub/saint-grail/Content/Fab/Grotto_Cavern_Cave/grotto_cavern_cave_texture_1.ubulk" 2116
"C:/Users/david/Documents/GitHub/saint-grail/Content/Fab/Grotto_Cavern_Cave/grotto_cavern_cave_texture_1.uasset" 2117
"C:/Users/david/Documents/GitHub/saint-grail/Content/Fab/Grotto_Cavern_Cave/grotto_cavern_cave_texture_1.uexp" 2118
"C:/Users/david/Documents/GitHub/saint-grail/Content/Fab/Grotto_Cavern_Cave/grotto_cavern_cave_texture_2.ubulk" 2119
"C:/Users/david/Documents/GitHub/saint-grail/Content/Fab/Grotto_Cavern_Cave/grotto_cavern_cave_texture_2.uasset" 2120
"C:/Users/david/Documents/GitHub/saint-grail/Content/Fab/Grotto_Cavern_Cave/grotto_cavern_cave_texture_2.uexp" 2121
"C:/Users/david/Documents/GitHub/saint-grail/Content/Fab/Grotto_Cavern_Cave/defaultMat.uasset" 2122
"C:/Users/david/Documents/GitHub/saint-grail/Content/Fab/Grotto_Cavern_Cave/defaultMat.uexp" 2123
"C:/Users/david/Documents/GitHub/saint-grail/Content/Fab/Megascans/3D/Limestone_Rocks_ubvsaf3da/High/T_ubvsaf3da_4K_H.ubulk" 2124
"C:/Users/david/Documents/GitHub/saint-grail/Content/Fab/Megascans/3D/Limestone_Rocks_ubvsaf3da/High/T_ubvsaf3da_4K_H.uasset" 2125
"C:/Users/david/Documents/GitHub/saint-grail/Content/Fab/Megascans/3D/Limestone_Rocks_ubvsaf3da/High/T_ubvsaf3da_4K_H.uexp" 2126
"C:/Users/david/Documents/GitHub/saint-grail/Content/Fab/Megascans/3D/Limestone_Rocks_ubvsaf3da/High/T_ubvsaf3da_4K_N.ubulk" 2127
"C:/Users/david/Documents/GitHub/saint-grail/Content/Fab/Megascans/3D/Limestone_Rocks_ubvsaf3da/High/T_ubvsaf3da_4K_N.uasset" 2128
"C:/Users/david/Documents/GitHub/saint-grail/Content/Fab/Megascans/3D/Limestone_Rocks_ubvsaf3da/High/T_ubvsaf3da_4K_N.uexp" 2129
"C:/Users/david/Documents/GitHub/saint-grail/Content/Fab/Megascans/3D/Limestone_Rocks_ubvsaf3da/High/T_ubvsaf3da_4K_ORM.ubulk" 2130
"C:/Users/david/Documents/GitHub/saint-grail/Content/Fab/Megascans/3D/Limestone_Rocks_ubvsaf3da/High/T_ubvsaf3da_4K_ORM.uasset" 2131
"C:/Users/david/Documents/GitHub/saint-grail/Content/Fab/Megascans/3D/Limestone_Rocks_ubvsaf3da/High/T_ubvsaf3da_4K_ORM.uexp" 2132
"C:/Users/david/Documents/GitHub/saint-grail/Content/Fab/Megascans/3D/Limestone_Rocks_ubvsaf3da/High/T_ubvsaf3da_4K_B.ubulk" 2133
"C:/Users/david/Documents/GitHub/saint-grail/Content/Fab/Megascans/3D/Limestone_Rocks_ubvsaf3da/High/T_ubvsaf3da_4K_B.uasset" 2134
"C:/Users/david/Documents/GitHub/saint-grail/Content/Fab/Megascans/3D/Limestone_Rocks_ubvsaf3da/High/T_ubvsaf3da_4K_B.uexp" 2135
"C:/Users/david/Documents/GitHub/saint-grail/Content/Fab/Megascans/3D/Limestone_Rocks_ubvsaf3da/High/MI_ubvsaf3da.uasset" 2136
"C:/Users/david/Documents/GitHub/saint-grail/Content/Fab/Megascans/3D/Limestone_Rocks_ubvsaf3da/High/MI_ubvsaf3da.uexp" 2137
"C:/Users/david/Documents/GitHub/saint-grail/Content/Fab/Megascans/3D/Limestone_Rocks_ubvsaf3da/High/ubvsaf3da_tier_1.ubulk" 2138
"C:/Users/david/Documents/GitHub/saint-grail/Content/Fab/Megascans/3D/Limestone_Rocks_ubvsaf3da/High/ubvsaf3da_tier_1.uasset" 2139
"C:/Users/david/Documents/GitHub/saint-grail/Content/Fab/Megascans/3D/Limestone_Rocks_ubvsaf3da/High/ubvsaf3da_tier_1.uexp" 2140
"C:/Users/david/Documents/GitHub/saint-grail/Content/Fab/Cave_Bear_Skull/cave_bear_skull_texture_0.ubulk" 2141
"C:/Users/david/Documents/GitHub/saint-grail/Content/Fab/Cave_Bear_Skull/cave_bear_skull_texture_0.uasset" 2142
"C:/Users/david/Documents/GitHub/saint-grail/Content/Fab/Cave_Bear_Skull/cave_bear_skull_texture_0.uexp" 2143
"../../../Engine/Plugins/Interchange/Assets/Content/gltf/MaterialInstances/MI_Unlit_Opaque_DS.uasset" 2144
"../../../Engine/Plugins/Interchange/Assets/Content/gltf/MaterialInstances/MI_Unlit_Opaque_DS.uexp" 2145
"C:/Users/david/Documents/GitHub/saint-grail/Content/Fab/Cave_Bear_Skull/MOLCaveBearSkull01_MOLCaveBearSkull01_u1_v1.uasset" 2146
"C:/Users/david/Documents/GitHub/saint-grail/Content/Fab/Cave_Bear_Skull/MOLCaveBearSkull01_MOLCaveBearSkull01_u1_v1.uexp" 2147
"C:/Users/david/Documents/GitHub/saint-grail/Content/Fab/Cave_Bear_Skull/cave_bear_skull.ubulk" 2148
"C:/Users/david/Documents/GitHub/saint-grail/Content/Fab/Cave_Bear_Skull/cave_bear_skull.uasset" 2149
"C:/Users/david/Documents/GitHub/saint-grail/Content/Fab/Cave_Bear_Skull/cave_bear_skull.uexp" 2150
"C:/Users/david/Documents/GitHub/saint-grail/Content/levels/Level_dos.uexp" 2151
"C:/Users/david/Documents/GitHub/saint-grail/Content/levels/Level_dos.umap" 2152
"C:/Users/david/Documents/GitHub/saint-grail/Content/levels/_GENERATED/andre/BP_Vacio.uasset" 2153
"C:/Users/david/Documents/GitHub/saint-grail/Content/levels/_GENERATED/andre/BP_Vacio.uexp" 2154
"C:/Users/david/Documents/GitHub/saint-grail/Content/StarterContent/Textures/T_Metal_Gold_N.ubulk" 2155
"C:/Users/david/Documents/GitHub/saint-grail/Content/StarterContent/Textures/T_Metal_Gold_N.uasset" 2156
"C:/Users/david/Documents/GitHub/saint-grail/Content/StarterContent/Textures/T_Metal_Gold_N.uexp" 2157
"C:/Users/david/Documents/GitHub/saint-grail/Content/StarterContent/Textures/T_Metal_Aluminum_D.ubulk" 2158
"C:/Users/david/Documents/GitHub/saint-grail/Content/StarterContent/Textures/T_Metal_Aluminum_D.uasset" 2159
"C:/Users/david/Documents/GitHub/saint-grail/Content/StarterContent/Textures/T_Metal_Aluminum_D.uexp" 2160
"C:/Users/david/Documents/GitHub/saint-grail/Content/StarterContent/Materials/M_Metal_Burnished_Steel.uasset" 2161
"C:/Users/david/Documents/GitHub/saint-grail/Content/StarterContent/Materials/M_Metal_Burnished_Steel.uexp" 2162
"C:/Users/david/Documents/GitHub/saint-grail/Content/BP/BP_Cuchillas.uasset" 2163
"C:/Users/david/Documents/GitHub/saint-grail/Content/BP/BP_Cuchillas.uexp" 2164
"C:/Users/david/Documents/GitHub/saint-grail/Content/levels/cambio_4.uasset" 2165
"C:/Users/david/Documents/GitHub/saint-grail/Content/levels/cambio_4.uexp" 2166
"C:/Users/david/Documents/GitHub/saint-grail/Content/BP/BP_Plataforma_Horizontal_Child.uasset" 2167
"C:/Users/david/Documents/GitHub/saint-grail/Content/BP/BP_Plataforma_Horizontal_Child.uexp" 2168
"C:/Users/david/Documents/GitHub/saint-grail/Content/Fab/Door/003_Door_Frame_-_Gatehouse.ubulk" 2169
"C:/Users/david/Documents/GitHub/saint-grail/Content/Fab/Door/003_Door_Frame_-_Gatehouse.uasset" 2170
"C:/Users/david/Documents/GitHub/saint-grail/Content/Fab/Door/003_Door_Frame_-_Gatehouse.uexp" 2171
"C:/Users/david/Documents/GitHub/saint-grail/Content/Fab/Door/003_Gatehouse_-_Door.ubulk" 2172
"C:/Users/david/Documents/GitHub/saint-grail/Content/Fab/Door/003_Gatehouse_-_Door.uasset" 2173
"C:/Users/david/Documents/GitHub/saint-grail/Content/Fab/Door/003_Gatehouse_-_Door.uexp" 2174
"../../../Engine/Content/EngineSky/M_SimpleSkyDome.uasset" 2175
"../../../Engine/Content/EngineSky/M_SimpleSkyDome.uexp" 2176
"C:/Users/david/Documents/GitHub/saint-grail/Content/levels/Level_3.uexp" 2177
"C:/Users/david/Documents/GitHub/saint-grail/Content/levels/Level_3.umap" 2178
"C:/Users/david/Documents/GitHub/saint-grail/Content/StarterContent/Materials/M_Cubo_Translucido.uasset" 2179
"C:/Users/david/Documents/GitHub/saint-grail/Content/StarterContent/Materials/M_Cubo_Translucido.uexp" 2180
"C:/Users/david/Documents/GitHub/saint-grail/Content/levels/cambio_3a.uasset" 2181
"C:/Users/david/Documents/GitHub/saint-grail/Content/levels/cambio_3a.uexp" 2182
"C:/Users/david/Documents/GitHub/saint-grail/Content/levels/_GENERATED/andre/BP_Vacio_Child.uasset" 2183
"C:/Users/david/Documents/GitHub/saint-grail/Content/levels/_GENERATED/andre/BP_Vacio_Child.uexp" 2184
"C:/Users/david/Documents/GitHub/saint-grail/Content/BP/BP_Plataforma_Vertical.uasset" 2185
"C:/Users/david/Documents/GitHub/saint-grail/Content/BP/BP_Plataforma_Vertical.uexp" 2186
"C:/Users/david/Documents/GitHub/saint-grail/Content/BP/BP_Plataforma_Diagonal.uasset" 2187
"C:/Users/david/Documents/GitHub/saint-grail/Content/BP/BP_Plataforma_Diagonal.uexp" 2188
"C:/Users/david/Documents/GitHub/saint-grail/Content/levels/Level_1.uexp" 2189
"C:/Users/david/Documents/GitHub/saint-grail/Content/levels/Level_1.umap" 2190
"../../../Engine/Content/BasicShapes/Sphere.ubulk" 2191
"../../../Engine/Content/BasicShapes/Sphere.uasset" 2192
"../../../Engine/Content/BasicShapes/Sphere.uexp" 2193
"../../../Engine/Content/MapTemplates/SM_Template_Map_Floor.ubulk" 2194
"../../../Engine/Content/MapTemplates/SM_Template_Map_Floor.uasset" 2195
"../../../Engine/Content/MapTemplates/SM_Template_Map_Floor.uexp" 2196
"C:/Users/david/Documents/GitHub/saint-grail/Content/levels/Brillante.uasset" 2197
"C:/Users/david/Documents/GitHub/saint-grail/Content/levels/Brillante.uexp" 2198
"C:/Users/david/Documents/GitHub/saint-grail/Content/levels/Final.uexp" 2199
"C:/Users/david/Documents/GitHub/saint-grail/Content/levels/Final.umap" 2200
"C:/Users/david/Documents/GitHub/saint-grail/Content/BP/IBP_Antorcha.uasset" 2201
"C:/Users/david/Documents/GitHub/saint-grail/Content/BP/IBP_Antorcha.uexp" 2202
"C:/Users/david/Documents/GitHub/saint-grail/Content/Fab/Grotto_Cavern_Cave/grotto_cavern_cave.ubulk" 2203
"C:/Users/david/Documents/GitHub/saint-grail/Content/Fab/Grotto_Cavern_Cave/grotto_cavern_cave.uasset" 2204
"C:/Users/david/Documents/GitHub/saint-grail/Content/Fab/Grotto_Cavern_Cave/grotto_cavern_cave.uexp" 2205
"C:/Users/david/Documents/GitHub/saint-grail/Content/levels/level_0.uexp" 2206
"C:/Users/david/Documents/GitHub/saint-grail/Content/levels/level_0.umap" 2207
"C:/Users/david/Documents/GitHub/saint-grail/Content/Stylized_Rocks/Rock_17/Rock_17_DefaultMaterial_Normal.ubulk" 2208
"C:/Users/david/Documents/GitHub/saint-grail/Content/Stylized_Rocks/Rock_17/Rock_17_DefaultMaterial_Normal.uasset" 2209
"C:/Users/david/Documents/GitHub/saint-grail/Content/Stylized_Rocks/Rock_17/Rock_17_DefaultMaterial_Normal.uexp" 2210
"C:/Users/david/Documents/GitHub/saint-grail/Content/Stylized_Rocks/Rock_17/Rock_17_DefaultMaterial_BaseColor.ubulk" 2211
"C:/Users/david/Documents/GitHub/saint-grail/Content/Stylized_Rocks/Rock_17/Rock_17_DefaultMaterial_BaseColor.uasset" 2212
"C:/Users/david/Documents/GitHub/saint-grail/Content/Stylized_Rocks/Rock_17/Rock_17_DefaultMaterial_BaseColor.uexp" 2213
"C:/Users/david/Documents/GitHub/saint-grail/Content/Stylized_Rocks/Rock_17/Rock_17_DefaultMaterial_OcclusionRoughnessMetallic.ubulk" 2214
"C:/Users/david/Documents/GitHub/saint-grail/Content/Stylized_Rocks/Rock_17/Rock_17_DefaultMaterial_OcclusionRoughnessMetallic.uasset" 2215
"C:/Users/david/Documents/GitHub/saint-grail/Content/Stylized_Rocks/Rock_17/Rock_17_DefaultMaterial_OcclusionRoughnessMetallic.uexp" 2216
"C:/Users/david/Documents/GitHub/saint-grail/Content/Stylized_Rocks/Rock_17/MM_Stylized_Rock_17_Inst.uasset" 2217
"C:/Users/david/Documents/GitHub/saint-grail/Content/Stylized_Rocks/Rock_17/MM_Stylized_Rock_17_Inst.uexp" 2218
"C:/Users/david/Documents/GitHub/saint-grail/Content/Stylized_Rocks/Rock_17/SM_Rock_17.ubulk" 2219
"C:/Users/david/Documents/GitHub/saint-grail/Content/Stylized_Rocks/Rock_17/SM_Rock_17.uasset" 2220
"C:/Users/david/Documents/GitHub/saint-grail/Content/Stylized_Rocks/Rock_17/SM_Rock_17.uexp" 2221
"C:/Users/david/Documents/GitHub/saint-grail/Content/Stylized_Rocks/Rock_18/Rock_18_DefaultMaterial_OcclusionRoughnessMetallic.ubulk" 2222
"C:/Users/david/Documents/GitHub/saint-grail/Content/Stylized_Rocks/Rock_18/Rock_18_DefaultMaterial_OcclusionRoughnessMetallic.uasset" 2223
"C:/Users/david/Documents/GitHub/saint-grail/Content/Stylized_Rocks/Rock_18/Rock_18_DefaultMaterial_OcclusionRoughnessMetallic.uexp" 2224
"C:/Users/david/Documents/GitHub/saint-grail/Content/Stylized_Rocks/Rock_18/Rock_18_DefaultMaterial_BaseColor.ubulk" 2225
"C:/Users/david/Documents/GitHub/saint-grail/Content/Stylized_Rocks/Rock_18/Rock_18_DefaultMaterial_BaseColor.uasset" 2226
"C:/Users/david/Documents/GitHub/saint-grail/Content/Stylized_Rocks/Rock_18/Rock_18_DefaultMaterial_BaseColor.uexp" 2227
"C:/Users/david/Documents/GitHub/saint-grail/Content/Stylized_Rocks/Rock_18/Rock_18_DefaultMaterial_Normal.ubulk" 2228
"C:/Users/david/Documents/GitHub/saint-grail/Content/Stylized_Rocks/Rock_18/Rock_18_DefaultMaterial_Normal.uasset" 2229
"C:/Users/david/Documents/GitHub/saint-grail/Content/Stylized_Rocks/Rock_18/Rock_18_DefaultMaterial_Normal.uexp" 2230
"C:/Users/david/Documents/GitHub/saint-grail/Content/Stylized_Rocks/Rock_18/MM_Stylized_Rock_18_Inst.uasset" 2231
"C:/Users/david/Documents/GitHub/saint-grail/Content/Stylized_Rocks/Rock_18/MM_Stylized_Rock_18_Inst.uexp" 2232
"C:/Users/david/Documents/GitHub/saint-grail/Content/Stylized_Rocks/Rock_18/SM_Rock_18.ubulk" 2233
"C:/Users/david/Documents/GitHub/saint-grail/Content/Stylized_Rocks/Rock_18/SM_Rock_18.uasset" 2234
"C:/Users/david/Documents/GitHub/saint-grail/Content/Stylized_Rocks/Rock_18/SM_Rock_18.uexp" 2235
"C:/Users/david/Documents/GitHub/saint-grail/Content/Stylized_Rocks/Rock_09/Rock_09_DefaultMaterial_BaseColor.ubulk" 2236
"C:/Users/david/Documents/GitHub/saint-grail/Content/Stylized_Rocks/Rock_09/Rock_09_DefaultMaterial_BaseColor.uasset" 2237
"C:/Users/david/Documents/GitHub/saint-grail/Content/Stylized_Rocks/Rock_09/Rock_09_DefaultMaterial_BaseColor.uexp" 2238
"C:/Users/david/Documents/GitHub/saint-grail/Content/Stylized_Rocks/Rock_09/Rock_09_DefaultMaterial_Normal.ubulk" 2239
"C:/Users/david/Documents/GitHub/saint-grail/Content/Stylized_Rocks/Rock_09/Rock_09_DefaultMaterial_Normal.uasset" 2240
"C:/Users/david/Documents/GitHub/saint-grail/Content/Stylized_Rocks/Rock_09/Rock_09_DefaultMaterial_Normal.uexp" 2241
"C:/Users/david/Documents/GitHub/saint-grail/Content/Stylized_Rocks/Rock_09/Rock_09_DefaultMaterial_OcclusionRoughnessMetallic.ubulk" 2242
"C:/Users/david/Documents/GitHub/saint-grail/Content/Stylized_Rocks/Rock_09/Rock_09_DefaultMaterial_OcclusionRoughnessMetallic.uasset" 2243
"C:/Users/david/Documents/GitHub/saint-grail/Content/Stylized_Rocks/Rock_09/Rock_09_DefaultMaterial_OcclusionRoughnessMetallic.uexp" 2244
"C:/Users/david/Documents/GitHub/saint-grail/Content/Stylized_Rocks/Rock_09/MM_Stylized_Rock_09_Inst.uasset" 2245
"C:/Users/david/Documents/GitHub/saint-grail/Content/Stylized_Rocks/Rock_09/MM_Stylized_Rock_09_Inst.uexp" 2246
"C:/Users/david/Documents/GitHub/saint-grail/Content/Stylized_Rocks/Rock_09/SM_Rock_09.ubulk" 2247
"C:/Users/david/Documents/GitHub/saint-grail/Content/Stylized_Rocks/Rock_09/SM_Rock_09.uasset" 2248
"C:/Users/david/Documents/GitHub/saint-grail/Content/Stylized_Rocks/Rock_09/SM_Rock_09.uexp" 2249
"C:/Users/david/Documents/GitHub/saint-grail/Content/Stylized_Rocks/Rock_26/Rock_26_DefaultMaterial_BaseColor.ubulk" 2250
"C:/Users/david/Documents/GitHub/saint-grail/Content/Stylized_Rocks/Rock_26/Rock_26_DefaultMaterial_BaseColor.uasset" 2251
"C:/Users/david/Documents/GitHub/saint-grail/Content/Stylized_Rocks/Rock_26/Rock_26_DefaultMaterial_BaseColor.uexp" 2252
"C:/Users/david/Documents/GitHub/saint-grail/Content/Stylized_Rocks/Rock_26/Rock_26_DefaultMaterial_Normal.ubulk" 2253
"C:/Users/david/Documents/GitHub/saint-grail/Content/Stylized_Rocks/Rock_26/Rock_26_DefaultMaterial_Normal.uasset" 2254
"C:/Users/david/Documents/GitHub/saint-grail/Content/Stylized_Rocks/Rock_26/Rock_26_DefaultMaterial_Normal.uexp" 2255
"C:/Users/david/Documents/GitHub/saint-grail/Content/Stylized_Rocks/Rock_26/Rock_26_DefaultMaterial_OcclusionRoughnessMetallic.ubulk" 2256
"C:/Users/david/Documents/GitHub/saint-grail/Content/Stylized_Rocks/Rock_26/Rock_26_DefaultMaterial_OcclusionRoughnessMetallic.uasset" 2257
"C:/Users/david/Documents/GitHub/saint-grail/Content/Stylized_Rocks/Rock_26/Rock_26_DefaultMaterial_OcclusionRoughnessMetallic.uexp" 2258
"C:/Users/david/Documents/GitHub/saint-grail/Content/Stylized_Rocks/Rock_26/MM_Stylized_Rock_26_Inst.uasset" 2259
"C:/Users/david/Documents/GitHub/saint-grail/Content/Stylized_Rocks/Rock_26/MM_Stylized_Rock_26_Inst.uexp" 2260
"C:/Users/david/Documents/GitHub/saint-grail/Content/Stylized_Rocks/Rock_26/SM_Rock_26.ubulk" 2261
"C:/Users/david/Documents/GitHub/saint-grail/Content/Stylized_Rocks/Rock_26/SM_Rock_26.uasset" 2262
"C:/Users/david/Documents/GitHub/saint-grail/Content/Stylized_Rocks/Rock_26/SM_Rock_26.uexp" 2263
"C:/Users/david/Documents/GitHub/saint-grail/Content/Stylized_Rocks/Rock_20/Rock_20_DefaultMaterial_BaseColor.ubulk" 2264
"C:/Users/david/Documents/GitHub/saint-grail/Content/Stylized_Rocks/Rock_20/Rock_20_DefaultMaterial_BaseColor.uasset" 2265
"C:/Users/david/Documents/GitHub/saint-grail/Content/Stylized_Rocks/Rock_20/Rock_20_DefaultMaterial_BaseColor.uexp" 2266
"C:/Users/david/Documents/GitHub/saint-grail/Content/Stylized_Rocks/Rock_20/Rock_20_DefaultMaterial_Normal.ubulk" 2267
"C:/Users/david/Documents/GitHub/saint-grail/Content/Stylized_Rocks/Rock_20/Rock_20_DefaultMaterial_Normal.uasset" 2268
"C:/Users/david/Documents/GitHub/saint-grail/Content/Stylized_Rocks/Rock_20/Rock_20_DefaultMaterial_Normal.uexp" 2269
"C:/Users/david/Documents/GitHub/saint-grail/Content/Stylized_Rocks/Rock_20/Rock_20_DefaultMaterial_OcclusionRoughnessMetallic.ubulk" 2270
"C:/Users/david/Documents/GitHub/saint-grail/Content/Stylized_Rocks/Rock_20/Rock_20_DefaultMaterial_OcclusionRoughnessMetallic.uasset" 2271
"C:/Users/david/Documents/GitHub/saint-grail/Content/Stylized_Rocks/Rock_20/Rock_20_DefaultMaterial_OcclusionRoughnessMetallic.uexp" 2272
"C:/Users/david/Documents/GitHub/saint-grail/Content/Stylized_Rocks/Rock_20/MM_Stylized_Rock_20_Inst.uasset" 2273
"C:/Users/david/Documents/GitHub/saint-grail/Content/Stylized_Rocks/Rock_20/MM_Stylized_Rock_20_Inst.uexp" 2274
"C:/Users/david/Documents/GitHub/saint-grail/Content/Stylized_Rocks/Rock_20/SM_Rock_20.ubulk" 2275
"C:/Users/david/Documents/GitHub/saint-grail/Content/Stylized_Rocks/Rock_20/SM_Rock_20.uasset" 2276
"C:/Users/david/Documents/GitHub/saint-grail/Content/Stylized_Rocks/Rock_20/SM_Rock_20.uexp" 2277
"C:/Users/david/Documents/GitHub/saint-grail/Content/Stylized_Rocks/Rock_02/Rock_02_DefaultMaterial_BaseColor.ubulk" 2278
"C:/Users/david/Documents/GitHub/saint-grail/Content/Stylized_Rocks/Rock_02/Rock_02_DefaultMaterial_BaseColor.uasset" 2279
"C:/Users/david/Documents/GitHub/saint-grail/Content/Stylized_Rocks/Rock_02/Rock_02_DefaultMaterial_BaseColor.uexp" 2280
"C:/Users/david/Documents/GitHub/saint-grail/Content/Stylized_Rocks/Rock_02/Rock_02_DefaultMaterial_Normal.ubulk" 2281
"C:/Users/david/Documents/GitHub/saint-grail/Content/Stylized_Rocks/Rock_02/Rock_02_DefaultMaterial_Normal.uasset" 2282
"C:/Users/david/Documents/GitHub/saint-grail/Content/Stylized_Rocks/Rock_02/Rock_02_DefaultMaterial_Normal.uexp" 2283
"C:/Users/david/Documents/GitHub/saint-grail/Content/Stylized_Rocks/Rock_02/Rock_02_DefaultMaterial_OcclusionRoughnessMetallic.ubulk" 2284
"C:/Users/david/Documents/GitHub/saint-grail/Content/Stylized_Rocks/Rock_02/Rock_02_DefaultMaterial_OcclusionRoughnessMetallic.uasset" 2285
"C:/Users/david/Documents/GitHub/saint-grail/Content/Stylized_Rocks/Rock_02/Rock_02_DefaultMaterial_OcclusionRoughnessMetallic.uexp" 2286
"C:/Users/david/Documents/GitHub/saint-grail/Content/Stylized_Rocks/Rock_02/MM_Stylized_Rock_02_Inst.uasset" 2287
"C:/Users/david/Documents/GitHub/saint-grail/Content/Stylized_Rocks/Rock_02/MM_Stylized_Rock_02_Inst.uexp" 2288
"C:/Users/david/Documents/GitHub/saint-grail/Content/Stylized_Rocks/Rock_02/SM_Rock_02.ubulk" 2289
"C:/Users/david/Documents/GitHub/saint-grail/Content/Stylized_Rocks/Rock_02/SM_Rock_02.uasset" 2290
"C:/Users/david/Documents/GitHub/saint-grail/Content/Stylized_Rocks/Rock_02/SM_Rock_02.uexp" 2291
"C:/Users/david/Documents/GitHub/saint-grail/Content/Stylized_Rocks/Rock_04/Rock_04_DefaultMaterial_BaseColor.ubulk" 2292
"C:/Users/david/Documents/GitHub/saint-grail/Content/Stylized_Rocks/Rock_04/Rock_04_DefaultMaterial_BaseColor.uasset" 2293
"C:/Users/david/Documents/GitHub/saint-grail/Content/Stylized_Rocks/Rock_04/Rock_04_DefaultMaterial_BaseColor.uexp" 2294
"C:/Users/david/Documents/GitHub/saint-grail/Content/Stylized_Rocks/Rock_04/Rock_04_DefaultMaterial_OcclusionRoughnessMetallic.ubulk" 2295
"C:/Users/david/Documents/GitHub/saint-grail/Content/Stylized_Rocks/Rock_04/Rock_04_DefaultMaterial_OcclusionRoughnessMetallic.uasset" 2296
"C:/Users/david/Documents/GitHub/saint-grail/Content/Stylized_Rocks/Rock_04/Rock_04_DefaultMaterial_OcclusionRoughnessMetallic.uexp" 2297
"C:/Users/david/Documents/GitHub/saint-grail/Content/Stylized_Rocks/Rock_04/Rock_04_DefaultMaterial_Normal.ubulk" 2298
"C:/Users/david/Documents/GitHub/saint-grail/Content/Stylized_Rocks/Rock_04/Rock_04_DefaultMaterial_Normal.uasset" 2299
"C:/Users/david/Documents/GitHub/saint-grail/Content/Stylized_Rocks/Rock_04/Rock_04_DefaultMaterial_Normal.uexp" 2300
"C:/Users/david/Documents/GitHub/saint-grail/Content/Stylized_Rocks/Rock_04/MM_Stylized_Rock_04_Inst.uasset" 2301
"C:/Users/david/Documents/GitHub/saint-grail/Content/Stylized_Rocks/Rock_04/MM_Stylized_Rock_04_Inst.uexp" 2302
"C:/Users/david/Documents/GitHub/saint-grail/Content/Stylized_Rocks/Rock_04/SM_Rock_04.ubulk" 2303
"C:/Users/david/Documents/GitHub/saint-grail/Content/Stylized_Rocks/Rock_04/SM_Rock_04.uasset" 2304
"C:/Users/david/Documents/GitHub/saint-grail/Content/Stylized_Rocks/Rock_04/SM_Rock_04.uexp" 2305
"C:/Users/david/Documents/GitHub/saint-grail/Content/Stylized_Rocks/Rock_06/Rock_06_DefaultMaterial_Normal.ubulk" 2306
"C:/Users/david/Documents/GitHub/saint-grail/Content/Stylized_Rocks/Rock_06/Rock_06_DefaultMaterial_Normal.uasset" 2307
"C:/Users/david/Documents/GitHub/saint-grail/Content/Stylized_Rocks/Rock_06/Rock_06_DefaultMaterial_Normal.uexp" 2308
"C:/Users/david/Documents/GitHub/saint-grail/Content/Stylized_Rocks/Rock_06/Rock_06_DefaultMaterial_BaseColor.ubulk" 2309
"C:/Users/david/Documents/GitHub/saint-grail/Content/Stylized_Rocks/Rock_06/Rock_06_DefaultMaterial_BaseColor.uasset" 2310
"C:/Users/david/Documents/GitHub/saint-grail/Content/Stylized_Rocks/Rock_06/Rock_06_DefaultMaterial_BaseColor.uexp" 2311
"C:/Users/david/Documents/GitHub/saint-grail/Content/Stylized_Rocks/Rock_06/Rock_06_DefaultMaterial_OcclusionRoughnessMetallic.ubulk" 2312
"C:/Users/david/Documents/GitHub/saint-grail/Content/Stylized_Rocks/Rock_06/Rock_06_DefaultMaterial_OcclusionRoughnessMetallic.uasset" 2313
"C:/Users/david/Documents/GitHub/saint-grail/Content/Stylized_Rocks/Rock_06/Rock_06_DefaultMaterial_OcclusionRoughnessMetallic.uexp" 2314
"C:/Users/david/Documents/GitHub/saint-grail/Content/Stylized_Rocks/Rock_06/MM_Stylized_Rock_06_Inst.uasset" 2315
"C:/Users/david/Documents/GitHub/saint-grail/Content/Stylized_Rocks/Rock_06/MM_Stylized_Rock_06_Inst.uexp" 2316
"C:/Users/david/Documents/GitHub/saint-grail/Content/Stylized_Rocks/Rock_06/SM_Rock_06.ubulk" 2317
"C:/Users/david/Documents/GitHub/saint-grail/Content/Stylized_Rocks/Rock_06/SM_Rock_06.uasset" 2318
"C:/Users/david/Documents/GitHub/saint-grail/Content/Stylized_Rocks/Rock_06/SM_Rock_06.uexp" 2319
"C:/Users/david/Documents/GitHub/saint-grail/Content/Stylized_Rocks/Rock_16/Rock_16_DefaultMaterial_OcclusionRoughnessMetallic.ubulk" 2320
"C:/Users/david/Documents/GitHub/saint-grail/Content/Stylized_Rocks/Rock_16/Rock_16_DefaultMaterial_OcclusionRoughnessMetallic.uasset" 2321
"C:/Users/david/Documents/GitHub/saint-grail/Content/Stylized_Rocks/Rock_16/Rock_16_DefaultMaterial_OcclusionRoughnessMetallic.uexp" 2322
"C:/Users/david/Documents/GitHub/saint-grail/Content/Stylized_Rocks/Rock_16/Rock_16_DefaultMaterial_Normal.ubulk" 2323
"C:/Users/david/Documents/GitHub/saint-grail/Content/Stylized_Rocks/Rock_16/Rock_16_DefaultMaterial_Normal.uasset" 2324
"C:/Users/david/Documents/GitHub/saint-grail/Content/Stylized_Rocks/Rock_16/Rock_16_DefaultMaterial_Normal.uexp" 2325
"C:/Users/david/Documents/GitHub/saint-grail/Content/Stylized_Rocks/Rock_16/Rock_16_DefaultMaterial_BaseColor.ubulk" 2326
"C:/Users/david/Documents/GitHub/saint-grail/Content/Stylized_Rocks/Rock_16/Rock_16_DefaultMaterial_BaseColor.uasset" 2327
"C:/Users/david/Documents/GitHub/saint-grail/Content/Stylized_Rocks/Rock_16/Rock_16_DefaultMaterial_BaseColor.uexp" 2328
"C:/Users/david/Documents/GitHub/saint-grail/Content/Stylized_Rocks/Rock_16/MM_Stylized_Rock_16_Inst.uasset" 2329
"C:/Users/david/Documents/GitHub/saint-grail/Content/Stylized_Rocks/Rock_16/MM_Stylized_Rock_16_Inst.uexp" 2330
"C:/Users/david/Documents/GitHub/saint-grail/Content/Stylized_Rocks/Rock_16/SM_Rock_16.ubulk" 2331
"C:/Users/david/Documents/GitHub/saint-grail/Content/Stylized_Rocks/Rock_16/SM_Rock_16.uasset" 2332
"C:/Users/david/Documents/GitHub/saint-grail/Content/Stylized_Rocks/Rock_16/SM_Rock_16.uexp" 2333
"C:/Users/david/Documents/GitHub/saint-grail/Content/Stylized_Rocks/Rock_11/Rock_11_DefaultMaterial_Normal.ubulk" 2334
"C:/Users/david/Documents/GitHub/saint-grail/Content/Stylized_Rocks/Rock_11/Rock_11_DefaultMaterial_Normal.uasset" 2335
"C:/Users/david/Documents/GitHub/saint-grail/Content/Stylized_Rocks/Rock_11/Rock_11_DefaultMaterial_Normal.uexp" 2336
"C:/Users/david/Documents/GitHub/saint-grail/Content/Stylized_Rocks/Rock_11/Rock_11_DefaultMaterial_OcclusionRoughnessMetallic.ubulk" 2337
"C:/Users/david/Documents/GitHub/saint-grail/Content/Stylized_Rocks/Rock_11/Rock_11_DefaultMaterial_OcclusionRoughnessMetallic.uasset" 2338
"C:/Users/david/Documents/GitHub/saint-grail/Content/Stylized_Rocks/Rock_11/Rock_11_DefaultMaterial_OcclusionRoughnessMetallic.uexp" 2339
"C:/Users/david/Documents/GitHub/saint-grail/Content/Stylized_Rocks/Rock_11/Rock_11_DefaultMaterial_BaseColor.ubulk" 2340
"C:/Users/david/Documents/GitHub/saint-grail/Content/Stylized_Rocks/Rock_11/Rock_11_DefaultMaterial_BaseColor.uasset" 2341
"C:/Users/david/Documents/GitHub/saint-grail/Content/Stylized_Rocks/Rock_11/Rock_11_DefaultMaterial_BaseColor.uexp" 2342
"C:/Users/david/Documents/GitHub/saint-grail/Content/Stylized_Rocks/Rock_11/MM_Stylized_Rock_11_Inst.uasset" 2343
"C:/Users/david/Documents/GitHub/saint-grail/Content/Stylized_Rocks/Rock_11/MM_Stylized_Rock_11_Inst.uexp" 2344
"C:/Users/david/Documents/GitHub/saint-grail/Content/Stylized_Rocks/Rock_11/SM_Rock_11.ubulk" 2345
"C:/Users/david/Documents/GitHub/saint-grail/Content/Stylized_Rocks/Rock_11/SM_Rock_11.uasset" 2346
"C:/Users/david/Documents/GitHub/saint-grail/Content/Stylized_Rocks/Rock_11/SM_Rock_11.uexp" 2347
"C:/Users/david/Documents/GitHub/saint-grail/Content/Stylized_Rocks/Rock_14/Rock_14_DefaultMaterial_OcclusionRoughnessMetallic.ubulk" 2348
"C:/Users/david/Documents/GitHub/saint-grail/Content/Stylized_Rocks/Rock_14/Rock_14_DefaultMaterial_OcclusionRoughnessMetallic.uasset" 2349
"C:/Users/david/Documents/GitHub/saint-grail/Content/Stylized_Rocks/Rock_14/Rock_14_DefaultMaterial_OcclusionRoughnessMetallic.uexp" 2350
"C:/Users/david/Documents/GitHub/saint-grail/Content/Stylized_Rocks/Rock_14/Rock_14_DefaultMaterial_BaseColor.ubulk" 2351
"C:/Users/david/Documents/GitHub/saint-grail/Content/Stylized_Rocks/Rock_14/Rock_14_DefaultMaterial_BaseColor.uasset" 2352
"C:/Users/david/Documents/GitHub/saint-grail/Content/Stylized_Rocks/Rock_14/Rock_14_DefaultMaterial_BaseColor.uexp" 2353
"C:/Users/david/Documents/GitHub/saint-grail/Content/Stylized_Rocks/Rock_14/Rock_14_DefaultMaterial_Normal.ubulk" 2354
"C:/Users/david/Documents/GitHub/saint-grail/Content/Stylized_Rocks/Rock_14/Rock_14_DefaultMaterial_Normal.uasset" 2355
"C:/Users/david/Documents/GitHub/saint-grail/Content/Stylized_Rocks/Rock_14/Rock_14_DefaultMaterial_Normal.uexp" 2356
"C:/Users/david/Documents/GitHub/saint-grail/Content/Stylized_Rocks/Rock_14/MM_Stylized_Rock_14_Inst.uasset" 2357
"C:/Users/david/Documents/GitHub/saint-grail/Content/Stylized_Rocks/Rock_14/MM_Stylized_Rock_14_Inst.uexp" 2358
"C:/Users/david/Documents/GitHub/saint-grail/Content/Stylized_Rocks/Rock_14/SM_Rock_14.ubulk" 2359
"C:/Users/david/Documents/GitHub/saint-grail/Content/Stylized_Rocks/Rock_14/SM_Rock_14.uasset" 2360
"C:/Users/david/Documents/GitHub/saint-grail/Content/Stylized_Rocks/Rock_14/SM_Rock_14.uexp" 2361
"C:/Users/david/Documents/GitHub/saint-grail/Content/Stylized_Rocks/Rock_13/Rock_13_DefaultMaterial_OcclusionRoughnessMetallic.ubulk" 2362
"C:/Users/david/Documents/GitHub/saint-grail/Content/Stylized_Rocks/Rock_13/Rock_13_DefaultMaterial_OcclusionRoughnessMetallic.uasset" 2363
"C:/Users/david/Documents/GitHub/saint-grail/Content/Stylized_Rocks/Rock_13/Rock_13_DefaultMaterial_OcclusionRoughnessMetallic.uexp" 2364
"C:/Users/david/Documents/GitHub/saint-grail/Content/Stylized_Rocks/Rock_13/Rock_13_DefaultMaterial_BaseColor.ubulk" 2365
"C:/Users/david/Documents/GitHub/saint-grail/Content/Stylized_Rocks/Rock_13/Rock_13_DefaultMaterial_BaseColor.uasset" 2366
"C:/Users/david/Documents/GitHub/saint-grail/Content/Stylized_Rocks/Rock_13/Rock_13_DefaultMaterial_BaseColor.uexp" 2367
"C:/Users/david/Documents/GitHub/saint-grail/Content/Stylized_Rocks/Rock_13/Rock_13_DefaultMaterial_Normal.ubulk" 2368
"C:/Users/david/Documents/GitHub/saint-grail/Content/Stylized_Rocks/Rock_13/Rock_13_DefaultMaterial_Normal.uasset" 2369
"C:/Users/david/Documents/GitHub/saint-grail/Content/Stylized_Rocks/Rock_13/Rock_13_DefaultMaterial_Normal.uexp" 2370
"C:/Users/david/Documents/GitHub/saint-grail/Content/Stylized_Rocks/Rock_13/MM_Stylized_Rock_13_Inst.uasset" 2371
"C:/Users/david/Documents/GitHub/saint-grail/Content/Stylized_Rocks/Rock_13/MM_Stylized_Rock_13_Inst.uexp" 2372
"C:/Users/david/Documents/GitHub/saint-grail/Content/Stylized_Rocks/Rock_13/SM_Rock_13.ubulk" 2373
"C:/Users/david/Documents/GitHub/saint-grail/Content/Stylized_Rocks/Rock_13/SM_Rock_13.uasset" 2374
"C:/Users/david/Documents/GitHub/saint-grail/Content/Stylized_Rocks/Rock_13/SM_Rock_13.uexp" 2375
"C:/Users/david/Documents/GitHub/saint-grail/Content/Stylized_Rocks/Materials/MM_Stylized_Rocks_Inst.uasset" 2376
"C:/Users/david/Documents/GitHub/saint-grail/Content/Stylized_Rocks/Materials/MM_Stylized_Rocks_Inst.uexp" 2377
"C:/Users/david/Documents/GitHub/saint-grail/Content/Stylized_Rocks/Rock_01/SM_Rock_01.ubulk" 2378
"C:/Users/david/Documents/GitHub/saint-grail/Content/Stylized_Rocks/Rock_01/SM_Rock_01.uasset" 2379
"C:/Users/david/Documents/GitHub/saint-grail/Content/Stylized_Rocks/Rock_01/SM_Rock_01.uexp" 2380
"C:/Users/david/Documents/GitHub/saint-grail/Content/Stylized_Rocks/Rock_08/Rock_08_DefaultMaterial_OcclusionRoughnessMetallic.ubulk" 2381
"C:/Users/david/Documents/GitHub/saint-grail/Content/Stylized_Rocks/Rock_08/Rock_08_DefaultMaterial_OcclusionRoughnessMetallic.uasset" 2382
"C:/Users/david/Documents/GitHub/saint-grail/Content/Stylized_Rocks/Rock_08/Rock_08_DefaultMaterial_OcclusionRoughnessMetallic.uexp" 2383
"C:/Users/david/Documents/GitHub/saint-grail/Content/Stylized_Rocks/Rock_08/Rock_08_DefaultMaterial_BaseColor.ubulk" 2384
"C:/Users/david/Documents/GitHub/saint-grail/Content/Stylized_Rocks/Rock_08/Rock_08_DefaultMaterial_BaseColor.uasset" 2385
"C:/Users/david/Documents/GitHub/saint-grail/Content/Stylized_Rocks/Rock_08/Rock_08_DefaultMaterial_BaseColor.uexp" 2386
"C:/Users/david/Documents/GitHub/saint-grail/Content/Stylized_Rocks/Rock_08/Rock_08_DefaultMaterial_Normal.ubulk" 2387
"C:/Users/david/Documents/GitHub/saint-grail/Content/Stylized_Rocks/Rock_08/Rock_08_DefaultMaterial_Normal.uasset" 2388
"C:/Users/david/Documents/GitHub/saint-grail/Content/Stylized_Rocks/Rock_08/Rock_08_DefaultMaterial_Normal.uexp" 2389
"C:/Users/david/Documents/GitHub/saint-grail/Content/Stylized_Rocks/Rock_08/MM_Stylized_Rock_08_Inst.uasset" 2390
"C:/Users/david/Documents/GitHub/saint-grail/Content/Stylized_Rocks/Rock_08/MM_Stylized_Rock_08_Inst.uexp" 2391
"C:/Users/david/Documents/GitHub/saint-grail/Content/Stylized_Rocks/Rock_08/SM_Rock_08.ubulk" 2392
"C:/Users/david/Documents/GitHub/saint-grail/Content/Stylized_Rocks/Rock_08/SM_Rock_08.uasset" 2393
"C:/Users/david/Documents/GitHub/saint-grail/Content/Stylized_Rocks/Rock_08/SM_Rock_08.uexp" 2394
"C:/Users/david/Documents/GitHub/saint-grail/Content/Stylized_Rocks/Rock_15/Rock_15_DefaultMaterial_OcclusionRoughnessMetallic.ubulk" 2395
"C:/Users/david/Documents/GitHub/saint-grail/Content/Stylized_Rocks/Rock_15/Rock_15_DefaultMaterial_OcclusionRoughnessMetallic.uasset" 2396
"C:/Users/david/Documents/GitHub/saint-grail/Content/Stylized_Rocks/Rock_15/Rock_15_DefaultMaterial_OcclusionRoughnessMetallic.uexp" 2397
"C:/Users/david/Documents/GitHub/saint-grail/Content/Stylized_Rocks/Rock_15/Rock_15_DefaultMaterial_BaseColor.ubulk" 2398
"C:/Users/david/Documents/GitHub/saint-grail/Content/Stylized_Rocks/Rock_15/Rock_15_DefaultMaterial_BaseColor.uasset" 2399
"C:/Users/david/Documents/GitHub/saint-grail/Content/Stylized_Rocks/Rock_15/Rock_15_DefaultMaterial_BaseColor.uexp" 2400
"C:/Users/david/Documents/GitHub/saint-grail/Content/Stylized_Rocks/Rock_15/Rock_15_DefaultMaterial_Normal.ubulk" 2401
"C:/Users/david/Documents/GitHub/saint-grail/Content/Stylized_Rocks/Rock_15/Rock_15_DefaultMaterial_Normal.uasset" 2402
"C:/Users/david/Documents/GitHub/saint-grail/Content/Stylized_Rocks/Rock_15/Rock_15_DefaultMaterial_Normal.uexp" 2403
"C:/Users/david/Documents/GitHub/saint-grail/Content/Stylized_Rocks/Rock_15/MM_Stylized_Rock_15_Inst.uasset" 2404
"C:/Users/david/Documents/GitHub/saint-grail/Content/Stylized_Rocks/Rock_15/MM_Stylized_Rock_15_Inst.uexp" 2405
"C:/Users/david/Documents/GitHub/saint-grail/Content/Stylized_Rocks/Rock_15/SM_Rock_15.ubulk" 2406
"C:/Users/david/Documents/GitHub/saint-grail/Content/Stylized_Rocks/Rock_15/SM_Rock_15.uasset" 2407
"C:/Users/david/Documents/GitHub/saint-grail/Content/Stylized_Rocks/Rock_15/SM_Rock_15.uexp" 2408
"C:/Users/david/Documents/GitHub/saint-grail/Content/Stylized_Rocks/Rock_24/Rock_24_DefaultMaterial_OcclusionRoughnessMetallic.ubulk" 2409
"C:/Users/david/Documents/GitHub/saint-grail/Content/Stylized_Rocks/Rock_24/Rock_24_DefaultMaterial_OcclusionRoughnessMetallic.uasset" 2410
"C:/Users/david/Documents/GitHub/saint-grail/Content/Stylized_Rocks/Rock_24/Rock_24_DefaultMaterial_OcclusionRoughnessMetallic.uexp" 2411
"C:/Users/david/Documents/GitHub/saint-grail/Content/Stylized_Rocks/Rock_24/Rock_24_DefaultMaterial_Normal.ubulk" 2412
"C:/Users/david/Documents/GitHub/saint-grail/Content/Stylized_Rocks/Rock_24/Rock_24_DefaultMaterial_Normal.uasset" 2413
"C:/Users/david/Documents/GitHub/saint-grail/Content/Stylized_Rocks/Rock_24/Rock_24_DefaultMaterial_Normal.uexp" 2414
"C:/Users/david/Documents/GitHub/saint-grail/Content/Stylized_Rocks/Rock_24/Rock_24_DefaultMaterial_BaseColor.ubulk" 2415
"C:/Users/david/Documents/GitHub/saint-grail/Content/Stylized_Rocks/Rock_24/Rock_24_DefaultMaterial_BaseColor.uasset" 2416
"C:/Users/david/Documents/GitHub/saint-grail/Content/Stylized_Rocks/Rock_24/Rock_24_DefaultMaterial_BaseColor.uexp" 2417
"C:/Users/david/Documents/GitHub/saint-grail/Content/Stylized_Rocks/Rock_24/MM_Stylized_Rock_24_Inst.uasset" 2418
"C:/Users/david/Documents/GitHub/saint-grail/Content/Stylized_Rocks/Rock_24/MM_Stylized_Rock_24_Inst.uexp" 2419
"C:/Users/david/Documents/GitHub/saint-grail/Content/Stylized_Rocks/Rock_24/SM_Rock_24.ubulk" 2420
"C:/Users/david/Documents/GitHub/saint-grail/Content/Stylized_Rocks/Rock_24/SM_Rock_24.uasset" 2421
"C:/Users/david/Documents/GitHub/saint-grail/Content/Stylized_Rocks/Rock_24/SM_Rock_24.uexp" 2422
"../../../Engine/Content/EngineMaterials/DefaultPhysicalMaterial.uasset" 2423
"../../../Engine/Content/EngineMaterials/DefaultPhysicalMaterial.uexp" 2424
"C:/Users/david/Documents/GitHub/saint-grail/Content/Stylized_Rocks/Rock_07/Rock_07_DefaultMaterial_OcclusionRoughnessMetallic.ubulk" 2425
"C:/Users/david/Documents/GitHub/saint-grail/Content/Stylized_Rocks/Rock_07/Rock_07_DefaultMaterial_OcclusionRoughnessMetallic.uasset" 2426
"C:/Users/david/Documents/GitHub/saint-grail/Content/Stylized_Rocks/Rock_07/Rock_07_DefaultMaterial_OcclusionRoughnessMetallic.uexp" 2427
"C:/Users/david/Documents/GitHub/saint-grail/Content/Stylized_Rocks/Rock_07/Rock_07_DefaultMaterial_Normal.ubulk" 2428
"C:/Users/david/Documents/GitHub/saint-grail/Content/Stylized_Rocks/Rock_07/Rock_07_DefaultMaterial_Normal.uasset" 2429
"C:/Users/david/Documents/GitHub/saint-grail/Content/Stylized_Rocks/Rock_07/Rock_07_DefaultMaterial_Normal.uexp" 2430
"C:/Users/david/Documents/GitHub/saint-grail/Content/Stylized_Rocks/Rock_07/Rock_07_DefaultMaterial_BaseColor.ubulk" 2431
"C:/Users/david/Documents/GitHub/saint-grail/Content/Stylized_Rocks/Rock_07/Rock_07_DefaultMaterial_BaseColor.uasset" 2432
"C:/Users/david/Documents/GitHub/saint-grail/Content/Stylized_Rocks/Rock_07/Rock_07_DefaultMaterial_BaseColor.uexp" 2433
"C:/Users/david/Documents/GitHub/saint-grail/Content/Stylized_Rocks/Rock_07/MM_Stylized_Rock_07_Inst.uasset" 2434
"C:/Users/david/Documents/GitHub/saint-grail/Content/Stylized_Rocks/Rock_07/MM_Stylized_Rock_07_Inst.uexp" 2435
"C:/Users/david/Documents/GitHub/saint-grail/Content/Stylized_Rocks/Rock_07/SM_Rock_07.ubulk" 2436
"C:/Users/david/Documents/GitHub/saint-grail/Content/Stylized_Rocks/Rock_07/SM_Rock_07.uasset" 2437
"C:/Users/david/Documents/GitHub/saint-grail/Content/Stylized_Rocks/Rock_07/SM_Rock_07.uexp" 2438
"C:/Users/david/Documents/GitHub/saint-grail/Content/Stylized_Rocks/Rock_23/Rock_23_DefaultMaterial_BaseColor.ubulk" 2439
"C:/Users/david/Documents/GitHub/saint-grail/Content/Stylized_Rocks/Rock_23/Rock_23_DefaultMaterial_BaseColor.uasset" 2440
"C:/Users/david/Documents/GitHub/saint-grail/Content/Stylized_Rocks/Rock_23/Rock_23_DefaultMaterial_BaseColor.uexp" 2441
"C:/Users/david/Documents/GitHub/saint-grail/Content/Stylized_Rocks/Rock_23/Rock_23_DefaultMaterial_Normal.ubulk" 2442
"C:/Users/david/Documents/GitHub/saint-grail/Content/Stylized_Rocks/Rock_23/Rock_23_DefaultMaterial_Normal.uasset" 2443
"C:/Users/david/Documents/GitHub/saint-grail/Content/Stylized_Rocks/Rock_23/Rock_23_DefaultMaterial_Normal.uexp" 2444
"C:/Users/david/Documents/GitHub/saint-grail/Content/Stylized_Rocks/Rock_23/rock_23_DefaultMaterial_OcclusionRoughnessMetallic.ubulk" 2445
"C:/Users/david/Documents/GitHub/saint-grail/Content/Stylized_Rocks/Rock_23/rock_23_DefaultMaterial_OcclusionRoughnessMetallic.uasset" 2446
"C:/Users/david/Documents/GitHub/saint-grail/Content/Stylized_Rocks/Rock_23/rock_23_DefaultMaterial_OcclusionRoughnessMetallic.uexp" 2447
"C:/Users/david/Documents/GitHub/saint-grail/Content/Stylized_Rocks/Rock_23/MM_Stylized_Rock_23_Inst.uasset" 2448
"C:/Users/david/Documents/GitHub/saint-grail/Content/Stylized_Rocks/Rock_23/MM_Stylized_Rock_23_Inst.uexp" 2449
"C:/Users/david/Documents/GitHub/saint-grail/Content/Stylized_Rocks/Rock_23/SM_Rock_23.ubulk" 2450
"C:/Users/david/Documents/GitHub/saint-grail/Content/Stylized_Rocks/Rock_23/SM_Rock_23.uasset" 2451
"C:/Users/david/Documents/GitHub/saint-grail/Content/Stylized_Rocks/Rock_23/SM_Rock_23.uexp" 2452
"C:/Users/david/Documents/GitHub/saint-grail/Content/Stylized_Rocks/Rock_03/Rock_03_DefaultMaterial_OcclusionRoughnessMetallic.ubulk" 2453
"C:/Users/david/Documents/GitHub/saint-grail/Content/Stylized_Rocks/Rock_03/Rock_03_DefaultMaterial_OcclusionRoughnessMetallic.uasset" 2454
"C:/Users/david/Documents/GitHub/saint-grail/Content/Stylized_Rocks/Rock_03/Rock_03_DefaultMaterial_OcclusionRoughnessMetallic.uexp" 2455
"C:/Users/david/Documents/GitHub/saint-grail/Content/Stylized_Rocks/Rock_03/Rock_03_DefaultMaterial_BaseColor.ubulk" 2456
"C:/Users/david/Documents/GitHub/saint-grail/Content/Stylized_Rocks/Rock_03/Rock_03_DefaultMaterial_BaseColor.uasset" 2457
"C:/Users/david/Documents/GitHub/saint-grail/Content/Stylized_Rocks/Rock_03/Rock_03_DefaultMaterial_BaseColor.uexp" 2458
"C:/Users/david/Documents/GitHub/saint-grail/Content/Stylized_Rocks/Rock_03/Rock_03_DefaultMaterial_Normal.ubulk" 2459
"C:/Users/david/Documents/GitHub/saint-grail/Content/Stylized_Rocks/Rock_03/Rock_03_DefaultMaterial_Normal.uasset" 2460
"C:/Users/david/Documents/GitHub/saint-grail/Content/Stylized_Rocks/Rock_03/Rock_03_DefaultMaterial_Normal.uexp" 2461
"C:/Users/david/Documents/GitHub/saint-grail/Content/Stylized_Rocks/Rock_03/MM_Stylized_Rock_03_Inst.uasset" 2462
"C:/Users/david/Documents/GitHub/saint-grail/Content/Stylized_Rocks/Rock_03/MM_Stylized_Rock_03_Inst.uexp" 2463
"C:/Users/david/Documents/GitHub/saint-grail/Content/Stylized_Rocks/Rock_03/SM_Rock_03.ubulk" 2464
"C:/Users/david/Documents/GitHub/saint-grail/Content/Stylized_Rocks/Rock_03/SM_Rock_03.uasset" 2465
"C:/Users/david/Documents/GitHub/saint-grail/Content/Stylized_Rocks/Rock_03/SM_Rock_03.uexp" 2466
"C:/Users/david/Documents/GitHub/saint-grail/Content/Stylized_Rocks/Rock_19/Rock_19_DefaultMaterial_OcclusionRoughnessMetallic.ubulk" 2467
"C:/Users/david/Documents/GitHub/saint-grail/Content/Stylized_Rocks/Rock_19/Rock_19_DefaultMaterial_OcclusionRoughnessMetallic.uasset" 2468
"C:/Users/david/Documents/GitHub/saint-grail/Content/Stylized_Rocks/Rock_19/Rock_19_DefaultMaterial_OcclusionRoughnessMetallic.uexp" 2469
"C:/Users/david/Documents/GitHub/saint-grail/Content/Stylized_Rocks/Rock_19/Rock_19_DefaultMaterial_Normal.ubulk" 2470
"C:/Users/david/Documents/GitHub/saint-grail/Content/Stylized_Rocks/Rock_19/Rock_19_DefaultMaterial_Normal.uasset" 2471
"C:/Users/david/Documents/GitHub/saint-grail/Content/Stylized_Rocks/Rock_19/Rock_19_DefaultMaterial_Normal.uexp" 2472
"C:/Users/david/Documents/GitHub/saint-grail/Content/Stylized_Rocks/Rock_19/Rock_19_DefaultMaterial_BaseColor.ubulk" 2473
"C:/Users/david/Documents/GitHub/saint-grail/Content/Stylized_Rocks/Rock_19/Rock_19_DefaultMaterial_BaseColor.uasset" 2474
"C:/Users/david/Documents/GitHub/saint-grail/Content/Stylized_Rocks/Rock_19/Rock_19_DefaultMaterial_BaseColor.uexp" 2475
"C:/Users/david/Documents/GitHub/saint-grail/Content/Stylized_Rocks/Rock_19/MM_Stylized_Rock_19_Inst.uasset" 2476
"C:/Users/david/Documents/GitHub/saint-grail/Content/Stylized_Rocks/Rock_19/MM_Stylized_Rock_19_Inst.uexp" 2477
"C:/Users/david/Documents/GitHub/saint-grail/Content/Stylized_Rocks/Rock_19/SM_Rock_19.ubulk" 2478
"C:/Users/david/Documents/GitHub/saint-grail/Content/Stylized_Rocks/Rock_19/SM_Rock_19.uasset" 2479
"C:/Users/david/Documents/GitHub/saint-grail/Content/Stylized_Rocks/Rock_19/SM_Rock_19.uexp" 2480
"C:/Users/david/Documents/GitHub/saint-grail/Content/Stylized_Rocks/Rock_10/Rock_10_DefaultMaterial_Normal.ubulk" 2481
"C:/Users/david/Documents/GitHub/saint-grail/Content/Stylized_Rocks/Rock_10/Rock_10_DefaultMaterial_Normal.uasset" 2482
"C:/Users/david/Documents/GitHub/saint-grail/Content/Stylized_Rocks/Rock_10/Rock_10_DefaultMaterial_Normal.uexp" 2483
"C:/Users/david/Documents/GitHub/saint-grail/Content/Stylized_Rocks/Rock_10/Rock_10_DefaultMaterial_OcclusionRoughnessMetallic.ubulk" 2484
"C:/Users/david/Documents/GitHub/saint-grail/Content/Stylized_Rocks/Rock_10/Rock_10_DefaultMaterial_OcclusionRoughnessMetallic.uasset" 2485
"C:/Users/david/Documents/GitHub/saint-grail/Content/Stylized_Rocks/Rock_10/Rock_10_DefaultMaterial_OcclusionRoughnessMetallic.uexp" 2486
"C:/Users/david/Documents/GitHub/saint-grail/Content/Stylized_Rocks/Rock_10/Rock_10_DefaultMaterial_BaseColor.ubulk" 2487
"C:/Users/david/Documents/GitHub/saint-grail/Content/Stylized_Rocks/Rock_10/Rock_10_DefaultMaterial_BaseColor.uasset" 2488
"C:/Users/david/Documents/GitHub/saint-grail/Content/Stylized_Rocks/Rock_10/Rock_10_DefaultMaterial_BaseColor.uexp" 2489
"C:/Users/david/Documents/GitHub/saint-grail/Content/Stylized_Rocks/Rock_10/MM_Stylized_Rock_10_Inst.uasset" 2490
"C:/Users/david/Documents/GitHub/saint-grail/Content/Stylized_Rocks/Rock_10/MM_Stylized_Rock_10_Inst.uexp" 2491
"C:/Users/david/Documents/GitHub/saint-grail/Content/Stylized_Rocks/Rock_10/SM_Rock_10.ubulk" 2492
"C:/Users/david/Documents/GitHub/saint-grail/Content/Stylized_Rocks/Rock_10/SM_Rock_10.uasset" 2493
"C:/Users/david/Documents/GitHub/saint-grail/Content/Stylized_Rocks/Rock_10/SM_Rock_10.uexp" 2494
"C:/Users/david/Documents/GitHub/saint-grail/Content/Stylized_Rocks/Rock_22/Rock_22_DefaultMaterial_Normal.ubulk" 2495
"C:/Users/david/Documents/GitHub/saint-grail/Content/Stylized_Rocks/Rock_22/Rock_22_DefaultMaterial_Normal.uasset" 2496
"C:/Users/david/Documents/GitHub/saint-grail/Content/Stylized_Rocks/Rock_22/Rock_22_DefaultMaterial_Normal.uexp" 2497
"C:/Users/david/Documents/GitHub/saint-grail/Content/Stylized_Rocks/Rock_22/Rock_22_DefaultMaterial_BaseColor.ubulk" 2498
"C:/Users/david/Documents/GitHub/saint-grail/Content/Stylized_Rocks/Rock_22/Rock_22_DefaultMaterial_BaseColor.uasset" 2499
"C:/Users/david/Documents/GitHub/saint-grail/Content/Stylized_Rocks/Rock_22/Rock_22_DefaultMaterial_BaseColor.uexp" 2500
"C:/Users/david/Documents/GitHub/saint-grail/Content/Stylized_Rocks/Rock_22/Rock_22_DefaultMaterial_OcclusionRoughnessMetallic.ubulk" 2501
"C:/Users/david/Documents/GitHub/saint-grail/Content/Stylized_Rocks/Rock_22/Rock_22_DefaultMaterial_OcclusionRoughnessMetallic.uasset" 2502
"C:/Users/david/Documents/GitHub/saint-grail/Content/Stylized_Rocks/Rock_22/Rock_22_DefaultMaterial_OcclusionRoughnessMetallic.uexp" 2503
"C:/Users/david/Documents/GitHub/saint-grail/Content/Stylized_Rocks/Rock_22/MM_Stylized_Rock_22_Inst.uasset" 2504
"C:/Users/david/Documents/GitHub/saint-grail/Content/Stylized_Rocks/Rock_22/MM_Stylized_Rock_22_Inst.uexp" 2505
"C:/Users/david/Documents/GitHub/saint-grail/Content/Stylized_Rocks/Rock_22/SM_Rock_22.ubulk" 2506
"C:/Users/david/Documents/GitHub/saint-grail/Content/Stylized_Rocks/Rock_22/SM_Rock_22.uasset" 2507
"C:/Users/david/Documents/GitHub/saint-grail/Content/Stylized_Rocks/Rock_22/SM_Rock_22.uexp" 2508
"C:/Users/david/Documents/GitHub/saint-grail/Content/Stylized_Rocks/Rock_21/Rock_21_DefaultMaterial_Normal.ubulk" 2509
"C:/Users/david/Documents/GitHub/saint-grail/Content/Stylized_Rocks/Rock_21/Rock_21_DefaultMaterial_Normal.uasset" 2510
"C:/Users/david/Documents/GitHub/saint-grail/Content/Stylized_Rocks/Rock_21/Rock_21_DefaultMaterial_Normal.uexp" 2511
"C:/Users/david/Documents/GitHub/saint-grail/Content/Stylized_Rocks/Rock_21/Rock_21_DefaultMaterial_BaseColor.ubulk" 2512
"C:/Users/david/Documents/GitHub/saint-grail/Content/Stylized_Rocks/Rock_21/Rock_21_DefaultMaterial_BaseColor.uasset" 2513
"C:/Users/david/Documents/GitHub/saint-grail/Content/Stylized_Rocks/Rock_21/Rock_21_DefaultMaterial_BaseColor.uexp" 2514
"C:/Users/david/Documents/GitHub/saint-grail/Content/Stylized_Rocks/Rock_21/Rock_21_DefaultMaterial_OcclusionRoughnessMetallic.ubulk" 2515
"C:/Users/david/Documents/GitHub/saint-grail/Content/Stylized_Rocks/Rock_21/Rock_21_DefaultMaterial_OcclusionRoughnessMetallic.uasset" 2516
"C:/Users/david/Documents/GitHub/saint-grail/Content/Stylized_Rocks/Rock_21/Rock_21_DefaultMaterial_OcclusionRoughnessMetallic.uexp" 2517
"C:/Users/david/Documents/GitHub/saint-grail/Content/Stylized_Rocks/Rock_21/MM_Stylized_Rock_21_Inst.uasset" 2518
"C:/Users/david/Documents/GitHub/saint-grail/Content/Stylized_Rocks/Rock_21/MM_Stylized_Rock_21_Inst.uexp" 2519
"C:/Users/david/Documents/GitHub/saint-grail/Content/Stylized_Rocks/Rock_21/SM_Rock_21.ubulk" 2520
"C:/Users/david/Documents/GitHub/saint-grail/Content/Stylized_Rocks/Rock_21/SM_Rock_21.uasset" 2521
"C:/Users/david/Documents/GitHub/saint-grail/Content/Stylized_Rocks/Rock_21/SM_Rock_21.uexp" 2522
"C:/Users/david/Documents/GitHub/saint-grail/Content/Stylized_Rocks/Rock_05/Rock_05_DefaultMaterial_Normal.ubulk" 2523
"C:/Users/david/Documents/GitHub/saint-grail/Content/Stylized_Rocks/Rock_05/Rock_05_DefaultMaterial_Normal.uasset" 2524
"C:/Users/david/Documents/GitHub/saint-grail/Content/Stylized_Rocks/Rock_05/Rock_05_DefaultMaterial_Normal.uexp" 2525
"C:/Users/david/Documents/GitHub/saint-grail/Content/Stylized_Rocks/Rock_05/Rock_05_DefaultMaterial_BaseColor.ubulk" 2526
"C:/Users/david/Documents/GitHub/saint-grail/Content/Stylized_Rocks/Rock_05/Rock_05_DefaultMaterial_BaseColor.uasset" 2527
"C:/Users/david/Documents/GitHub/saint-grail/Content/Stylized_Rocks/Rock_05/Rock_05_DefaultMaterial_BaseColor.uexp" 2528
"C:/Users/david/Documents/GitHub/saint-grail/Content/Stylized_Rocks/Rock_05/Rock_05_DefaultMaterial_OcclusionRoughnessMetallic.ubulk" 2529
"C:/Users/david/Documents/GitHub/saint-grail/Content/Stylized_Rocks/Rock_05/Rock_05_DefaultMaterial_OcclusionRoughnessMetallic.uasset" 2530
"C:/Users/david/Documents/GitHub/saint-grail/Content/Stylized_Rocks/Rock_05/Rock_05_DefaultMaterial_OcclusionRoughnessMetallic.uexp" 2531
"C:/Users/david/Documents/GitHub/saint-grail/Content/Stylized_Rocks/Rock_05/MM_Stylized_Rock_05_Inst.uasset" 2532
"C:/Users/david/Documents/GitHub/saint-grail/Content/Stylized_Rocks/Rock_05/MM_Stylized_Rock_05_Inst.uexp" 2533
"C:/Users/david/Documents/GitHub/saint-grail/Content/Stylized_Rocks/Rock_05/SM_Rock_05.ubulk" 2534
"C:/Users/david/Documents/GitHub/saint-grail/Content/Stylized_Rocks/Rock_05/SM_Rock_05.uasset" 2535
"C:/Users/david/Documents/GitHub/saint-grail/Content/Stylized_Rocks/Rock_05/SM_Rock_05.uexp" 2536
"C:/Users/david/Documents/GitHub/saint-grail/Content/Stylized_Rocks/Rock_12/Rock_12_DefaultMaterial_OcclusionRoughnessMetallic.ubulk" 2537
"C:/Users/david/Documents/GitHub/saint-grail/Content/Stylized_Rocks/Rock_12/Rock_12_DefaultMaterial_OcclusionRoughnessMetallic.uasset" 2538
"C:/Users/david/Documents/GitHub/saint-grail/Content/Stylized_Rocks/Rock_12/Rock_12_DefaultMaterial_OcclusionRoughnessMetallic.uexp" 2539
"C:/Users/david/Documents/GitHub/saint-grail/Content/Stylized_Rocks/Rock_12/Rock_12_DefaultMaterial_Normal.ubulk" 2540
"C:/Users/david/Documents/GitHub/saint-grail/Content/Stylized_Rocks/Rock_12/Rock_12_DefaultMaterial_Normal.uasset" 2541
"C:/Users/david/Documents/GitHub/saint-grail/Content/Stylized_Rocks/Rock_12/Rock_12_DefaultMaterial_Normal.uexp" 2542
"C:/Users/david/Documents/GitHub/saint-grail/Content/Stylized_Rocks/Rock_12/Rock_12_DefaultMaterial_BaseColor.ubulk" 2543
"C:/Users/david/Documents/GitHub/saint-grail/Content/Stylized_Rocks/Rock_12/Rock_12_DefaultMaterial_BaseColor.uasset" 2544
"C:/Users/david/Documents/GitHub/saint-grail/Content/Stylized_Rocks/Rock_12/Rock_12_DefaultMaterial_BaseColor.uexp" 2545
"C:/Users/david/Documents/GitHub/saint-grail/Content/Stylized_Rocks/Rock_12/MM_Stylized_Rock_12_Inst.uasset" 2546
"C:/Users/david/Documents/GitHub/saint-grail/Content/Stylized_Rocks/Rock_12/MM_Stylized_Rock_12_Inst.uexp" 2547
"C:/Users/david/Documents/GitHub/saint-grail/Content/Stylized_Rocks/Rock_12/SM_Rock_12.ubulk" 2548
"C:/Users/david/Documents/GitHub/saint-grail/Content/Stylized_Rocks/Rock_12/SM_Rock_12.uasset" 2549
"C:/Users/david/Documents/GitHub/saint-grail/Content/Stylized_Rocks/Rock_12/SM_Rock_12.uexp" 2550
"C:/Users/david/Documents/GitHub/saint-grail/Content/Stylized_Rocks/Rock_25/Rock_25_DefaultMaterial_Normal.ubulk" 2551
"C:/Users/david/Documents/GitHub/saint-grail/Content/Stylized_Rocks/Rock_25/Rock_25_DefaultMaterial_Normal.uasset" 2552
"C:/Users/david/Documents/GitHub/saint-grail/Content/Stylized_Rocks/Rock_25/Rock_25_DefaultMaterial_Normal.uexp" 2553
"C:/Users/david/Documents/GitHub/saint-grail/Content/Stylized_Rocks/Rock_25/Rock_25_DefaultMaterial_BaseColor.ubulk" 2554
"C:/Users/david/Documents/GitHub/saint-grail/Content/Stylized_Rocks/Rock_25/Rock_25_DefaultMaterial_BaseColor.uasset" 2555
"C:/Users/david/Documents/GitHub/saint-grail/Content/Stylized_Rocks/Rock_25/Rock_25_DefaultMaterial_BaseColor.uexp" 2556
"C:/Users/david/Documents/GitHub/saint-grail/Content/Stylized_Rocks/Rock_25/Rock_25_DefaultMaterial_OcclusionRoughnessMetallic.ubulk" 2557
"C:/Users/david/Documents/GitHub/saint-grail/Content/Stylized_Rocks/Rock_25/Rock_25_DefaultMaterial_OcclusionRoughnessMetallic.uasset" 2558
"C:/Users/david/Documents/GitHub/saint-grail/Content/Stylized_Rocks/Rock_25/Rock_25_DefaultMaterial_OcclusionRoughnessMetallic.uexp" 2559
"C:/Users/david/Documents/GitHub/saint-grail/Content/Stylized_Rocks/Rock_25/MM_Stylized_Rock_25_Inst.uasset" 2560
"C:/Users/david/Documents/GitHub/saint-grail/Content/Stylized_Rocks/Rock_25/MM_Stylized_Rock_25_Inst.uexp" 2561
"C:/Users/david/Documents/GitHub/saint-grail/Content/Stylized_Rocks/Rock_25/SM_Rock_25.ubulk" 2562
"C:/Users/david/Documents/GitHub/saint-grail/Content/Stylized_Rocks/Rock_25/SM_Rock_25.uasset" 2563
"C:/Users/david/Documents/GitHub/saint-grail/Content/Stylized_Rocks/Rock_25/SM_Rock_25.uexp" 2564
"C:/Users/david/Documents/GitHub/saint-grail/Content/Stylized_Rocks/Level/Stylized_Rocks_Level.uexp" 2565
"C:/Users/david/Documents/GitHub/saint-grail/Content/Stylized_Rocks/Level/Stylized_Rocks_Level.ubulk" 2566
"C:/Users/david/Documents/GitHub/saint-grail/Content/Stylized_Rocks/Level/Stylized_Rocks_Level.umap" 2567
"../../../Engine/Content/BasicShapes/Plane.ubulk" 2568
"../../../Engine/Content/BasicShapes/Plane.uasset" 2569
"../../../Engine/Content/BasicShapes/Plane.uexp" 2570
"C:/Users/david/Documents/GitHub/saint-grail/Content/StylizedRocksLite_JC/Textures/T_Rocks_BaseColor.ubulk" 2571
"C:/Users/david/Documents/GitHub/saint-grail/Content/StylizedRocksLite_JC/Textures/T_Rocks_BaseColor.uasset" 2572
"C:/Users/david/Documents/GitHub/saint-grail/Content/StylizedRocksLite_JC/Textures/T_Rocks_BaseColor.uexp" 2573
"C:/Users/david/Documents/GitHub/saint-grail/Content/StylizedRocksLite_JC/Textures/T_Rocks_Normal.ubulk" 2574
"C:/Users/david/Documents/GitHub/saint-grail/Content/StylizedRocksLite_JC/Textures/T_Rocks_Normal.uasset" 2575
"C:/Users/david/Documents/GitHub/saint-grail/Content/StylizedRocksLite_JC/Textures/T_Rocks_Normal.uexp" 2576
"C:/Users/david/Documents/GitHub/saint-grail/Content/StylizedRocksLite_JC/Materials/M_StylizedRocks_01.uasset" 2577
"C:/Users/david/Documents/GitHub/saint-grail/Content/StylizedRocksLite_JC/Materials/M_StylizedRocks_01.uexp" 2578
"C:/Users/david/Documents/GitHub/saint-grail/Content/StylizedRocksLite_JC/Models/SM_Rocks_01.ubulk" 2579
"C:/Users/david/Documents/GitHub/saint-grail/Content/StylizedRocksLite_JC/Models/SM_Rocks_01.uasset" 2580
"C:/Users/david/Documents/GitHub/saint-grail/Content/StylizedRocksLite_JC/Models/SM_Rocks_01.uexp" 2581
"C:/Users/david/Documents/GitHub/saint-grail/Content/StylizedRocksLite_JC/Models/SM_Rocks_04.ubulk" 2582
"C:/Users/david/Documents/GitHub/saint-grail/Content/StylizedRocksLite_JC/Models/SM_Rocks_04.uasset" 2583
"C:/Users/david/Documents/GitHub/saint-grail/Content/StylizedRocksLite_JC/Models/SM_Rocks_04.uexp" 2584
"C:/Users/david/Documents/GitHub/saint-grail/Content/StylizedRocksLite_JC/Materials/M_StylizedRocks_BG.uasset" 2585
"C:/Users/david/Documents/GitHub/saint-grail/Content/StylizedRocksLite_JC/Materials/M_StylizedRocks_BG.uexp" 2586
"C:/Users/david/Documents/GitHub/saint-grail/Content/StylizedRocksLite_JC/Models/SM_Rocks_02.ubulk" 2587
"C:/Users/david/Documents/GitHub/saint-grail/Content/StylizedRocksLite_JC/Models/SM_Rocks_02.uasset" 2588
"C:/Users/david/Documents/GitHub/saint-grail/Content/StylizedRocksLite_JC/Models/SM_Rocks_02.uexp" 2589
"C:/Users/david/Documents/GitHub/saint-grail/Content/StylizedRocksLite_JC/Models/SM_Rocks_03.ubulk" 2590
"C:/Users/david/Documents/GitHub/saint-grail/Content/StylizedRocksLite_JC/Models/SM_Rocks_03.uasset" 2591
"C:/Users/david/Documents/GitHub/saint-grail/Content/StylizedRocksLite_JC/Models/SM_Rocks_03.uexp" 2592
"C:/Users/david/Documents/GitHub/saint-grail/Content/StylizedRocksLite_JC/Models/SM_Rocks_05.ubulk" 2593
"C:/Users/david/Documents/GitHub/saint-grail/Content/StylizedRocksLite_JC/Models/SM_Rocks_05.uasset" 2594
"C:/Users/david/Documents/GitHub/saint-grail/Content/StylizedRocksLite_JC/Models/SM_Rocks_05.uexp" 2595
"C:/Users/david/Documents/GitHub/saint-grail/Content/StylizedRocksLite_JC/Maps/Overview.uexp" 2596
"C:/Users/david/Documents/GitHub/saint-grail/Content/StylizedRocksLite_JC/Maps/Overview.umap" 2597
"C:/Users/david/Documents/GitHub/saint-grail/Content/StarterContent/Textures/T_Frame_M.ubulk" 2598
"C:/Users/david/Documents/GitHub/saint-grail/Content/StarterContent/Textures/T_Frame_M.uasset" 2599
"C:/Users/david/Documents/GitHub/saint-grail/Content/StarterContent/Textures/T_Frame_M.uexp" 2600
"C:/Users/david/Documents/GitHub/saint-grail/Content/StarterContent/Textures/T_Frame_N.ubulk" 2601
"C:/Users/david/Documents/GitHub/saint-grail/Content/StarterContent/Textures/T_Frame_N.uasset" 2602
"C:/Users/david/Documents/GitHub/saint-grail/Content/StarterContent/Textures/T_Frame_N.uexp" 2603
"C:/Users/david/Documents/GitHub/saint-grail/Content/StarterContent/Props/Materials/M_Frame.uasset" 2604
"C:/Users/david/Documents/GitHub/saint-grail/Content/StarterContent/Props/Materials/M_Frame.uexp" 2605
"C:/Users/david/Documents/GitHub/saint-grail/Content/StarterContent/Props/SM_DoorFrame.ubulk" 2606
"C:/Users/david/Documents/GitHub/saint-grail/Content/StarterContent/Props/SM_DoorFrame.uasset" 2607
"C:/Users/david/Documents/GitHub/saint-grail/Content/StarterContent/Props/SM_DoorFrame.uexp" 2608
"C:/Users/david/Documents/GitHub/saint-grail/Content/StarterContent/Materials/M_Metal_Brushed_Nickel.uasset" 2609
"C:/Users/david/Documents/GitHub/saint-grail/Content/StarterContent/Materials/M_Metal_Brushed_Nickel.uexp" 2610
"C:/Users/david/Documents/GitHub/saint-grail/Content/StarterContent/Textures/T_Lamp_N.ubulk" 2611
"C:/Users/david/Documents/GitHub/saint-grail/Content/StarterContent/Textures/T_Lamp_N.uasset" 2612
"C:/Users/david/Documents/GitHub/saint-grail/Content/StarterContent/Textures/T_Lamp_N.uexp" 2613
"C:/Users/david/Documents/GitHub/saint-grail/Content/StarterContent/Textures/T_Lamp_M.ubulk" 2614
"C:/Users/david/Documents/GitHub/saint-grail/Content/StarterContent/Textures/T_Lamp_M.uasset" 2615
"C:/Users/david/Documents/GitHub/saint-grail/Content/StarterContent/Textures/T_Lamp_M.uexp" 2616
"C:/Users/david/Documents/GitHub/saint-grail/Content/StarterContent/Props/Materials/M_Lamp.uasset" 2617
"C:/Users/david/Documents/GitHub/saint-grail/Content/StarterContent/Props/Materials/M_Lamp.uexp" 2618
"C:/Users/david/Documents/GitHub/saint-grail/Content/StarterContent/Props/SM_Lamp_Ceiling.ubulk" 2619
"C:/Users/david/Documents/GitHub/saint-grail/Content/StarterContent/Props/SM_Lamp_Ceiling.uasset" 2620
"C:/Users/david/Documents/GitHub/saint-grail/Content/StarterContent/Props/SM_Lamp_Ceiling.uexp" 2621
"C:/Users/david/Documents/GitHub/saint-grail/Content/StarterContent/Blueprints/Blueprint_CeilingLight.uasset" 2622
"C:/Users/david/Documents/GitHub/saint-grail/Content/StarterContent/Blueprints/Blueprint_CeilingLight.uexp" 2623
"../../../Engine/Content/Functions/Engine_MaterialFunctions03/Procedurals/ComputeFilterWidth.uasset" 2624
"../../../Engine/Content/Functions/Engine_MaterialFunctions03/Procedurals/ComputeFilterWidth.uexp" 2625
"../../../Engine/Content/EngineMaterials/AntiAliasedTextMaterialTranslucent.uasset" 2626
"../../../Engine/Content/EngineMaterials/AntiAliasedTextMaterialTranslucent.uexp" 2627
"C:/Users/david/Documents/GitHub/saint-grail/Content/StarterContent/Architecture/Wall_Door_400x300.ubulk" 2628
"C:/Users/david/Documents/GitHub/saint-grail/Content/StarterContent/Architecture/Wall_Door_400x300.uasset" 2629
"C:/Users/david/Documents/GitHub/saint-grail/Content/StarterContent/Architecture/Wall_Door_400x300.uexp" 2630
"C:/Users/david/Documents/GitHub/saint-grail/Content/StarterContent/Textures/T_Wood_Pine_D.ubulk" 2631
"C:/Users/david/Documents/GitHub/saint-grail/Content/StarterContent/Textures/T_Wood_Pine_D.uasset" 2632
"C:/Users/david/Documents/GitHub/saint-grail/Content/StarterContent/Textures/T_Wood_Pine_D.uexp" 2633
"C:/Users/david/Documents/GitHub/saint-grail/Content/StarterContent/Textures/T_Wood_Pine_N.ubulk" 2634
"C:/Users/david/Documents/GitHub/saint-grail/Content/StarterContent/Textures/T_Wood_Pine_N.uasset" 2635
"C:/Users/david/Documents/GitHub/saint-grail/Content/StarterContent/Textures/T_Wood_Pine_N.uexp" 2636
"C:/Users/david/Documents/GitHub/saint-grail/Content/StarterContent/Materials/M_Wood_Pine.uasset" 2637
"C:/Users/david/Documents/GitHub/saint-grail/Content/StarterContent/Materials/M_Wood_Pine.uexp" 2638
"C:/Users/david/Documents/GitHub/saint-grail/Content/StarterContent/Textures/T_Rock_Smooth_Granite_D.ubulk" 2639
"C:/Users/david/Documents/GitHub/saint-grail/Content/StarterContent/Textures/T_Rock_Smooth_Granite_D.uasset" 2640
"C:/Users/david/Documents/GitHub/saint-grail/Content/StarterContent/Textures/T_Rock_Smooth_Granite_D.uexp" 2641
"C:/Users/david/Documents/GitHub/saint-grail/Content/StarterContent/Textures/T_CobbleStone_Smooth_D.ubulk" 2642
"C:/Users/david/Documents/GitHub/saint-grail/Content/StarterContent/Textures/T_CobbleStone_Smooth_D.uasset" 2643
"C:/Users/david/Documents/GitHub/saint-grail/Content/StarterContent/Textures/T_CobbleStone_Smooth_D.uexp" 2644
"C:/Users/david/Documents/GitHub/saint-grail/Content/StarterContent/Textures/T_Gradinet_01.ubulk" 2645
"C:/Users/david/Documents/GitHub/saint-grail/Content/StarterContent/Textures/T_Gradinet_01.uasset" 2646
"C:/Users/david/Documents/GitHub/saint-grail/Content/StarterContent/Textures/T_Gradinet_01.uexp" 2647
"C:/Users/david/Documents/GitHub/saint-grail/Content/StarterContent/Textures/T_CobbleStone_Smooth_M.ubulk" 2648
"C:/Users/david/Documents/GitHub/saint-grail/Content/StarterContent/Textures/T_CobbleStone_Smooth_M.uasset" 2649
"C:/Users/david/Documents/GitHub/saint-grail/Content/StarterContent/Textures/T_CobbleStone_Smooth_M.uexp" 2650
"C:/Users/david/Documents/GitHub/saint-grail/Content/StarterContent/Textures/T_CobbleStone_Smooth_N.ubulk" 2651
"C:/Users/david/Documents/GitHub/saint-grail/Content/StarterContent/Textures/T_CobbleStone_Smooth_N.uasset" 2652
"C:/Users/david/Documents/GitHub/saint-grail/Content/StarterContent/Textures/T_CobbleStone_Smooth_N.uexp" 2653
"C:/Users/david/Documents/GitHub/saint-grail/Content/StarterContent/Materials/M_CobbleStone_Smooth.uasset" 2654
"C:/Users/david/Documents/GitHub/saint-grail/Content/StarterContent/Materials/M_CobbleStone_Smooth.uexp" 2655
"C:/Users/david/Documents/GitHub/saint-grail/Content/StarterContent/Textures/T_Rock_Basalt_N.ubulk" 2656
"C:/Users/david/Documents/GitHub/saint-grail/Content/StarterContent/Textures/T_Rock_Basalt_N.uasset" 2657
"C:/Users/david/Documents/GitHub/saint-grail/Content/StarterContent/Textures/T_Rock_Basalt_N.uexp" 2658
"C:/Users/david/Documents/GitHub/saint-grail/Content/StarterContent/Materials/M_Rock_Basalt.uasset" 2659
"C:/Users/david/Documents/GitHub/saint-grail/Content/StarterContent/Materials/M_Rock_Basalt.uexp" 2660
"C:/Users/david/Documents/GitHub/saint-grail/Content/StarterContent/Shapes/Shape_Cube.ubulk" 2661
"C:/Users/david/Documents/GitHub/saint-grail/Content/StarterContent/Shapes/Shape_Cube.uasset" 2662
"C:/Users/david/Documents/GitHub/saint-grail/Content/StarterContent/Shapes/Shape_Cube.uexp" 2663
"C:/Users/david/Documents/GitHub/saint-grail/Content/StarterContent/Textures/T_Concrete_Tiles_Variation_M.ubulk" 2664
"C:/Users/david/Documents/GitHub/saint-grail/Content/StarterContent/Textures/T_Concrete_Tiles_Variation_M.uasset" 2665
"C:/Users/david/Documents/GitHub/saint-grail/Content/StarterContent/Textures/T_Concrete_Tiles_Variation_M.uexp" 2666
"C:/Users/david/Documents/GitHub/saint-grail/Content/StarterContent/Textures/T_Concrete_Tiles_D.ubulk" 2667
"C:/Users/david/Documents/GitHub/saint-grail/Content/StarterContent/Textures/T_Concrete_Tiles_D.uasset" 2668
"C:/Users/david/Documents/GitHub/saint-grail/Content/StarterContent/Textures/T_Concrete_Tiles_D.uexp" 2669
"C:/Users/david/Documents/GitHub/saint-grail/Content/StarterContent/Textures/T_Concrete_Tiles_M.ubulk" 2670
"C:/Users/david/Documents/GitHub/saint-grail/Content/StarterContent/Textures/T_Concrete_Tiles_M.uasset" 2671
"C:/Users/david/Documents/GitHub/saint-grail/Content/StarterContent/Textures/T_Concrete_Tiles_M.uexp" 2672
"C:/Users/david/Documents/GitHub/saint-grail/Content/StarterContent/Textures/T_Concrete_Tiles_N.ubulk" 2673
"C:/Users/david/Documents/GitHub/saint-grail/Content/StarterContent/Textures/T_Concrete_Tiles_N.uasset" 2674
"C:/Users/david/Documents/GitHub/saint-grail/Content/StarterContent/Textures/T_Concrete_Tiles_N.uexp" 2675
"C:/Users/david/Documents/GitHub/saint-grail/Content/StarterContent/Materials/M_Concrete_Tiles.uasset" 2676
"C:/Users/david/Documents/GitHub/saint-grail/Content/StarterContent/Materials/M_Concrete_Tiles.uexp" 2677
"C:/Users/david/Documents/GitHub/saint-grail/Content/StarterContent/Props/MaterialSphere.ubulk" 2678
"C:/Users/david/Documents/GitHub/saint-grail/Content/StarterContent/Props/MaterialSphere.uasset" 2679
"C:/Users/david/Documents/GitHub/saint-grail/Content/StarterContent/Props/MaterialSphere.uexp" 2680
"C:/Users/david/Documents/GitHub/saint-grail/Content/StarterContent/Textures/T_Metal_Rust_N.ubulk" 2681
"C:/Users/david/Documents/GitHub/saint-grail/Content/StarterContent/Textures/T_Metal_Rust_N.uasset" 2682
"C:/Users/david/Documents/GitHub/saint-grail/Content/StarterContent/Textures/T_Metal_Rust_N.uexp" 2683
"C:/Users/david/Documents/GitHub/saint-grail/Content/StarterContent/Textures/T_Metal_Rust_D.ubulk" 2684
"C:/Users/david/Documents/GitHub/saint-grail/Content/StarterContent/Textures/T_Metal_Rust_D.uasset" 2685
"C:/Users/david/Documents/GitHub/saint-grail/Content/StarterContent/Textures/T_Metal_Rust_D.uexp" 2686
"C:/Users/david/Documents/GitHub/saint-grail/Content/StarterContent/Materials/M_Metal_Rust.uasset" 2687
"C:/Users/david/Documents/GitHub/saint-grail/Content/StarterContent/Materials/M_Metal_Rust.uexp" 2688
"C:/Users/david/Documents/GitHub/saint-grail/Content/StarterContent/Textures/T_Rock_Slate_D.ubulk" 2689
"C:/Users/david/Documents/GitHub/saint-grail/Content/StarterContent/Textures/T_Rock_Slate_D.uasset" 2690
"C:/Users/david/Documents/GitHub/saint-grail/Content/StarterContent/Textures/T_Rock_Slate_D.uexp" 2691
"C:/Users/david/Documents/GitHub/saint-grail/Content/StarterContent/Textures/T_Rock_Slate_N.ubulk" 2692
"C:/Users/david/Documents/GitHub/saint-grail/Content/StarterContent/Textures/T_Rock_Slate_N.uasset" 2693
"C:/Users/david/Documents/GitHub/saint-grail/Content/StarterContent/Textures/T_Rock_Slate_N.uexp" 2694
"C:/Users/david/Documents/GitHub/saint-grail/Content/StarterContent/Materials/M_Rock_Slate.uasset" 2695
"C:/Users/david/Documents/GitHub/saint-grail/Content/StarterContent/Materials/M_Rock_Slate.uexp" 2696
"C:/Users/david/Documents/GitHub/saint-grail/Content/StarterContent/Textures/T_Concrete_Poured_D.ubulk" 2697
"C:/Users/david/Documents/GitHub/saint-grail/Content/StarterContent/Textures/T_Concrete_Poured_D.uasset" 2698
"C:/Users/david/Documents/GitHub/saint-grail/Content/StarterContent/Textures/T_Concrete_Poured_D.uexp" 2699
"C:/Users/david/Documents/GitHub/saint-grail/Content/StarterContent/Textures/T_Concrete_Poured_N.ubulk" 2700
"C:/Users/david/Documents/GitHub/saint-grail/Content/StarterContent/Textures/T_Concrete_Poured_N.uasset" 2701
"C:/Users/david/Documents/GitHub/saint-grail/Content/StarterContent/Textures/T_Concrete_Poured_N.uexp" 2702
"C:/Users/david/Documents/GitHub/saint-grail/Content/StarterContent/Materials/M_Concrete_Poured.uasset" 2703
"C:/Users/david/Documents/GitHub/saint-grail/Content/StarterContent/Materials/M_Concrete_Poured.uexp" 2704
"C:/Users/david/Documents/GitHub/saint-grail/Content/StarterContent/Textures/T_Brick_Clay_Beveled_M.ubulk" 2705
"C:/Users/david/Documents/GitHub/saint-grail/Content/StarterContent/Textures/T_Brick_Clay_Beveled_M.uasset" 2706
"C:/Users/david/Documents/GitHub/saint-grail/Content/StarterContent/Textures/T_Brick_Clay_Beveled_M.uexp" 2707
"C:/Users/david/Documents/GitHub/saint-grail/Content/StarterContent/Textures/T_Brick_Clay_Beveled_N.ubulk" 2708
"C:/Users/david/Documents/GitHub/saint-grail/Content/StarterContent/Textures/T_Brick_Clay_Beveled_N.uasset" 2709
"C:/Users/david/Documents/GitHub/saint-grail/Content/StarterContent/Textures/T_Brick_Clay_Beveled_N.uexp" 2710
"C:/Users/david/Documents/GitHub/saint-grail/Content/StarterContent/Textures/T_Brick_Clay_Beveled_D.ubulk" 2711
"C:/Users/david/Documents/GitHub/saint-grail/Content/StarterContent/Textures/T_Brick_Clay_Beveled_D.uasset" 2712
"C:/Users/david/Documents/GitHub/saint-grail/Content/StarterContent/Textures/T_Brick_Clay_Beveled_D.uexp" 2713
"C:/Users/david/Documents/GitHub/saint-grail/Content/StarterContent/Materials/M_Brick_Clay_Beveled.uasset" 2714
"C:/Users/david/Documents/GitHub/saint-grail/Content/StarterContent/Materials/M_Brick_Clay_Beveled.uexp" 2715
"C:/Users/david/Documents/GitHub/saint-grail/Content/StarterContent/Textures/T_Tech_Hex_Tile_M.ubulk" 2716
"C:/Users/david/Documents/GitHub/saint-grail/Content/StarterContent/Textures/T_Tech_Hex_Tile_M.uasset" 2717
"C:/Users/david/Documents/GitHub/saint-grail/Content/StarterContent/Textures/T_Tech_Hex_Tile_M.uexp" 2718
"C:/Users/david/Documents/GitHub/saint-grail/Content/StarterContent/Textures/T_Tech_Hex_Tile_N.ubulk" 2719
"C:/Users/david/Documents/GitHub/saint-grail/Content/StarterContent/Textures/T_Tech_Hex_Tile_N.uasset" 2720
"C:/Users/david/Documents/GitHub/saint-grail/Content/StarterContent/Textures/T_Tech_Hex_Tile_N.uexp" 2721
"C:/Users/david/Documents/GitHub/saint-grail/Content/StarterContent/Materials/M_Tech_Hex_Tile.uasset" 2722
"C:/Users/david/Documents/GitHub/saint-grail/Content/StarterContent/Materials/M_Tech_Hex_Tile.uexp" 2723
"../../../Engine/Content/Functions/Engine_MaterialFunctions01/Opacity/AlphaOffset.uasset" 2724
"../../../Engine/Content/Functions/Engine_MaterialFunctions01/Opacity/AlphaOffset.uexp" 2725
"C:/Users/david/Documents/GitHub/saint-grail/Content/StarterContent/Textures/T_Wood_Floor_Walnut_M.ubulk" 2726
"C:/Users/david/Documents/GitHub/saint-grail/Content/StarterContent/Textures/T_Wood_Floor_Walnut_M.uasset" 2727
"C:/Users/david/Documents/GitHub/saint-grail/Content/StarterContent/Textures/T_Wood_Floor_Walnut_M.uexp" 2728
"C:/Users/david/Documents/GitHub/saint-grail/Content/StarterContent/Textures/T_Wood_Floor_Walnut_D.ubulk" 2729
"C:/Users/david/Documents/GitHub/saint-grail/Content/StarterContent/Textures/T_Wood_Floor_Walnut_D.uasset" 2730
"C:/Users/david/Documents/GitHub/saint-grail/Content/StarterContent/Textures/T_Wood_Floor_Walnut_D.uexp" 2731
"C:/Users/david/Documents/GitHub/saint-grail/Content/StarterContent/Textures/T_Wood_Floor_Walnut_N.ubulk" 2732
"C:/Users/david/Documents/GitHub/saint-grail/Content/StarterContent/Textures/T_Wood_Floor_Walnut_N.uasset" 2733
"C:/Users/david/Documents/GitHub/saint-grail/Content/StarterContent/Textures/T_Wood_Floor_Walnut_N.uexp" 2734
"C:/Users/david/Documents/GitHub/saint-grail/Content/StarterContent/Materials/M_Wood_Floor_Walnut_Worn.uasset" 2735
"C:/Users/david/Documents/GitHub/saint-grail/Content/StarterContent/Materials/M_Wood_Floor_Walnut_Worn.uexp" 2736
"C:/Users/david/Documents/GitHub/saint-grail/Content/StarterContent/Textures/T_Ground_Gravel_N.ubulk" 2737
"C:/Users/david/Documents/GitHub/saint-grail/Content/StarterContent/Textures/T_Ground_Gravel_N.uasset" 2738
"C:/Users/david/Documents/GitHub/saint-grail/Content/StarterContent/Textures/T_Ground_Gravel_N.uexp" 2739
"C:/Users/david/Documents/GitHub/saint-grail/Content/StarterContent/Textures/T_Ground_Gravel_D.ubulk" 2740
"C:/Users/david/Documents/GitHub/saint-grail/Content/StarterContent/Textures/T_Ground_Gravel_D.uasset" 2741
"C:/Users/david/Documents/GitHub/saint-grail/Content/StarterContent/Textures/T_Ground_Gravel_D.uexp" 2742
"C:/Users/david/Documents/GitHub/saint-grail/Content/StarterContent/Materials/M_Ground_Gravel.uasset" 2743
"C:/Users/david/Documents/GitHub/saint-grail/Content/StarterContent/Materials/M_Ground_Gravel.uexp" 2744
"C:/Users/david/Documents/GitHub/saint-grail/Content/StarterContent/Audio/Steam01_Cue.uasset" 2745
"C:/Users/david/Documents/GitHub/saint-grail/Content/StarterContent/Audio/Steam01_Cue.uexp" 2746
"C:/Users/david/Documents/GitHub/saint-grail/Content/StarterContent/Particles/P_Steam_Lit.uasset" 2747
"C:/Users/david/Documents/GitHub/saint-grail/Content/StarterContent/Particles/P_Steam_Lit.uexp" 2748
"C:/Users/david/Documents/GitHub/saint-grail/Content/StarterContent/Blueprints/Blueprint_Effect_Steam.uasset" 2749
"C:/Users/david/Documents/GitHub/saint-grail/Content/StarterContent/Blueprints/Blueprint_Effect_Steam.uexp" 2750
"C:/Users/david/Documents/GitHub/saint-grail/Content/StarterContent/Audio/Fire_Sparks01_Cue.uasset" 2751
"C:/Users/david/Documents/GitHub/saint-grail/Content/StarterContent/Audio/Fire_Sparks01_Cue.uexp" 2752
"C:/Users/david/Documents/GitHub/saint-grail/Content/StarterContent/Textures/T_Spark_Core.ubulk" 2753
"C:/Users/david/Documents/GitHub/saint-grail/Content/StarterContent/Textures/T_Spark_Core.uasset" 2754
"C:/Users/david/Documents/GitHub/saint-grail/Content/StarterContent/Textures/T_Spark_Core.uexp" 2755
"C:/Users/david/Documents/GitHub/saint-grail/Content/StarterContent/Particles/Materials/M_Spark.uasset" 2756
"C:/Users/david/Documents/GitHub/saint-grail/Content/StarterContent/Particles/Materials/M_Spark.uexp" 2757
"C:/Users/david/Documents/GitHub/saint-grail/Content/StarterContent/Particles/P_Sparks.uasset" 2758
"C:/Users/david/Documents/GitHub/saint-grail/Content/StarterContent/Particles/P_Sparks.uexp" 2759
"C:/Users/david/Documents/GitHub/saint-grail/Content/StarterContent/Blueprints/Blueprint_Effect_Sparks.uasset" 2760
"C:/Users/david/Documents/GitHub/saint-grail/Content/StarterContent/Blueprints/Blueprint_Effect_Sparks.uexp" 2761
"C:/Users/david/Documents/GitHub/saint-grail/Content/StarterContent/Materials/M_Water_Lake.uasset" 2762
"C:/Users/david/Documents/GitHub/saint-grail/Content/StarterContent/Materials/M_Water_Lake.uexp" 2763
"C:/Users/david/Documents/GitHub/saint-grail/Content/StarterContent/Architecture/Wall_400x200.ubulk" 2764
"C:/Users/david/Documents/GitHub/saint-grail/Content/StarterContent/Architecture/Wall_400x200.uasset" 2765
"C:/Users/david/Documents/GitHub/saint-grail/Content/StarterContent/Architecture/Wall_400x200.uexp" 2766
"C:/Users/david/Documents/GitHub/saint-grail/Content/StarterContent/Textures/T_Checker_Noise_M.ubulk" 2767
"C:/Users/david/Documents/GitHub/saint-grail/Content/StarterContent/Textures/T_Checker_Noise_M.uasset" 2768
"C:/Users/david/Documents/GitHub/saint-grail/Content/StarterContent/Textures/T_Checker_Noise_M.uexp" 2769
"C:/Users/david/Documents/GitHub/saint-grail/Content/StarterContent/Textures/T_Tech_Dot_M.ubulk" 2770
"C:/Users/david/Documents/GitHub/saint-grail/Content/StarterContent/Textures/T_Tech_Dot_M.uasset" 2771
"C:/Users/david/Documents/GitHub/saint-grail/Content/StarterContent/Textures/T_Tech_Dot_M.uexp" 2772
"C:/Users/david/Documents/GitHub/saint-grail/Content/StarterContent/Textures/T_Tech_Dot_N.ubulk" 2773
"C:/Users/david/Documents/GitHub/saint-grail/Content/StarterContent/Textures/T_Tech_Dot_N.uasset" 2774
"C:/Users/david/Documents/GitHub/saint-grail/Content/StarterContent/Textures/T_Tech_Dot_N.uexp" 2775
"C:/Users/david/Documents/GitHub/saint-grail/Content/StarterContent/Textures/T_Single_Tile_N.ubulk" 2776
"C:/Users/david/Documents/GitHub/saint-grail/Content/StarterContent/Textures/T_Single_Tile_N.uasset" 2777
"C:/Users/david/Documents/GitHub/saint-grail/Content/StarterContent/Textures/T_Single_Tile_N.uexp" 2778
"C:/Users/david/Documents/GitHub/saint-grail/Content/StarterContent/Materials/M_Tech_Checker_Dot.uasset" 2779
"C:/Users/david/Documents/GitHub/saint-grail/Content/StarterContent/Materials/M_Tech_Checker_Dot.uexp" 2780
"C:/Users/david/Documents/GitHub/saint-grail/Content/StarterContent/Architecture/Floor_400x400.ubulk" 2781
"C:/Users/david/Documents/GitHub/saint-grail/Content/StarterContent/Architecture/Floor_400x400.uasset" 2782
"C:/Users/david/Documents/GitHub/saint-grail/Content/StarterContent/Architecture/Floor_400x400.uexp" 2783
"C:/Users/david/Documents/GitHub/saint-grail/Content/StarterContent/Props/SM_GlassWindow.ubulk" 2784
"C:/Users/david/Documents/GitHub/saint-grail/Content/StarterContent/Props/SM_GlassWindow.uasset" 2785
"C:/Users/david/Documents/GitHub/saint-grail/Content/StarterContent/Props/SM_GlassWindow.uexp" 2786
"C:/Users/david/Documents/GitHub/saint-grail/Content/StarterContent/Textures/T_Rock_Marble_Polished_D.ubulk" 2787
"C:/Users/david/Documents/GitHub/saint-grail/Content/StarterContent/Textures/T_Rock_Marble_Polished_D.uasset" 2788
"C:/Users/david/Documents/GitHub/saint-grail/Content/StarterContent/Textures/T_Rock_Marble_Polished_D.uexp" 2789
"C:/Users/david/Documents/GitHub/saint-grail/Content/StarterContent/Materials/M_Rock_Marble_Polished.uasset" 2790
"C:/Users/david/Documents/GitHub/saint-grail/Content/StarterContent/Materials/M_Rock_Marble_Polished.uexp" 2791
"C:/Users/david/Documents/GitHub/saint-grail/Content/StarterContent/Textures/T_Concrete_Grime_D.ubulk" 2792
"C:/Users/david/Documents/GitHub/saint-grail/Content/StarterContent/Textures/T_Concrete_Grime_D.uasset" 2793
"C:/Users/david/Documents/GitHub/saint-grail/Content/StarterContent/Textures/T_Concrete_Grime_D.uexp" 2794
"C:/Users/david/Documents/GitHub/saint-grail/Content/StarterContent/Materials/M_Concrete_Grime.uasset" 2795
"C:/Users/david/Documents/GitHub/saint-grail/Content/StarterContent/Materials/M_Concrete_Grime.uexp" 2796
"C:/Users/david/Documents/GitHub/saint-grail/Content/StarterContent/Textures/T_Ceramic_Tile_M.ubulk" 2797
"C:/Users/david/Documents/GitHub/saint-grail/Content/StarterContent/Textures/T_Ceramic_Tile_M.uasset" 2798
"C:/Users/david/Documents/GitHub/saint-grail/Content/StarterContent/Textures/T_Ceramic_Tile_M.uexp" 2799
"C:/Users/david/Documents/GitHub/saint-grail/Content/StarterContent/Textures/T_Ceramic_Tile_N.ubulk" 2800
"C:/Users/david/Documents/GitHub/saint-grail/Content/StarterContent/Textures/T_Ceramic_Tile_N.uasset" 2801
"C:/Users/david/Documents/GitHub/saint-grail/Content/StarterContent/Textures/T_Ceramic_Tile_N.uexp" 2802
"C:/Users/david/Documents/GitHub/saint-grail/Content/StarterContent/Materials/M_Ceramic_Tile_Checker.uasset" 2803
"C:/Users/david/Documents/GitHub/saint-grail/Content/StarterContent/Materials/M_Ceramic_Tile_Checker.uexp" 2804
"C:/Users/david/Documents/GitHub/saint-grail/Content/StarterContent/Textures/T_Rock_Sandstone_N.ubulk" 2805
"C:/Users/david/Documents/GitHub/saint-grail/Content/StarterContent/Textures/T_Rock_Sandstone_N.uasset" 2806
"C:/Users/david/Documents/GitHub/saint-grail/Content/StarterContent/Textures/T_Rock_Sandstone_N.uexp" 2807
"C:/Users/david/Documents/GitHub/saint-grail/Content/StarterContent/Textures/T_Rock_Sandstone_D.ubulk" 2808
"C:/Users/david/Documents/GitHub/saint-grail/Content/StarterContent/Textures/T_Rock_Sandstone_D.uasset" 2809
"C:/Users/david/Documents/GitHub/saint-grail/Content/StarterContent/Textures/T_Rock_Sandstone_D.uexp" 2810
"C:/Users/david/Documents/GitHub/saint-grail/Content/StarterContent/Materials/M_Rock_Sandstone.uasset" 2811
"C:/Users/david/Documents/GitHub/saint-grail/Content/StarterContent/Materials/M_Rock_Sandstone.uexp" 2812
"C:/Users/david/Documents/GitHub/saint-grail/Content/StarterContent/Textures/T_Wood_Walnut_N.ubulk" 2813
"C:/Users/david/Documents/GitHub/saint-grail/Content/StarterContent/Textures/T_Wood_Walnut_N.uasset" 2814
"C:/Users/david/Documents/GitHub/saint-grail/Content/StarterContent/Textures/T_Wood_Walnut_N.uexp" 2815
"C:/Users/david/Documents/GitHub/saint-grail/Content/StarterContent/Textures/T_Wood_Walnut_D.ubulk" 2816
"C:/Users/david/Documents/GitHub/saint-grail/Content/StarterContent/Textures/T_Wood_Walnut_D.uasset" 2817
"C:/Users/david/Documents/GitHub/saint-grail/Content/StarterContent/Textures/T_Wood_Walnut_D.uexp" 2818
"C:/Users/david/Documents/GitHub/saint-grail/Content/StarterContent/Materials/M_Wood_Walnut.uasset" 2819
"C:/Users/david/Documents/GitHub/saint-grail/Content/StarterContent/Materials/M_Wood_Walnut.uexp" 2820
"C:/Users/david/Documents/GitHub/saint-grail/Content/StarterContent/Audio/Collapse_Cue.uasset" 2821
"C:/Users/david/Documents/GitHub/saint-grail/Content/StarterContent/Audio/Collapse_Cue.uexp" 2822
"C:/Users/david/Documents/GitHub/saint-grail/Content/StarterContent/Textures/T_Brick_Cut_Stone_N.ubulk" 2823
"C:/Users/david/Documents/GitHub/saint-grail/Content/StarterContent/Textures/T_Brick_Cut_Stone_N.uasset" 2824
"C:/Users/david/Documents/GitHub/saint-grail/Content/StarterContent/Textures/T_Brick_Cut_Stone_N.uexp" 2825
"C:/Users/david/Documents/GitHub/saint-grail/Content/StarterContent/Textures/T_Brick_Cut_Stone_D.ubulk" 2826
"C:/Users/david/Documents/GitHub/saint-grail/Content/StarterContent/Textures/T_Brick_Cut_Stone_D.uasset" 2827
"C:/Users/david/Documents/GitHub/saint-grail/Content/StarterContent/Textures/T_Brick_Cut_Stone_D.uexp" 2828
"C:/Users/david/Documents/GitHub/saint-grail/Content/StarterContent/Materials/M_Brick_Cut_Stone.uasset" 2829
"C:/Users/david/Documents/GitHub/saint-grail/Content/StarterContent/Materials/M_Brick_Cut_Stone.uexp" 2830
"C:/Users/david/Documents/GitHub/saint-grail/Content/StarterContent/Textures/T_Dust_Particle_D.ubulk" 2831
"C:/Users/david/Documents/GitHub/saint-grail/Content/StarterContent/Textures/T_Dust_Particle_D.uasset" 2832
"C:/Users/david/Documents/GitHub/saint-grail/Content/StarterContent/Textures/T_Dust_Particle_D.uexp" 2833
"C:/Users/david/Documents/GitHub/saint-grail/Content/StarterContent/Particles/Materials/M_Dust_Particle.uasset" 2834
"C:/Users/david/Documents/GitHub/saint-grail/Content/StarterContent/Particles/Materials/M_Dust_Particle.uexp" 2835
"C:/Users/david/Documents/GitHub/saint-grail/Content/StarterContent/Particles/P_Ambient_Dust.uasset" 2836
"C:/Users/david/Documents/GitHub/saint-grail/Content/StarterContent/Particles/P_Ambient_Dust.uexp" 2837
"C:/Users/david/Documents/GitHub/saint-grail/Content/StarterContent/Props/SM_WindowFrame.ubulk" 2838
"C:/Users/david/Documents/GitHub/saint-grail/Content/StarterContent/Props/SM_WindowFrame.uasset" 2839
"C:/Users/david/Documents/GitHub/saint-grail/Content/StarterContent/Props/SM_WindowFrame.uexp" 2840
"C:/Users/david/Documents/GitHub/saint-grail/Content/StarterContent/Textures/T_Metal_Copper_D.ubulk" 2841
"C:/Users/david/Documents/GitHub/saint-grail/Content/StarterContent/Textures/T_Metal_Copper_D.uasset" 2842
"C:/Users/david/Documents/GitHub/saint-grail/Content/StarterContent/Textures/T_Metal_Copper_D.uexp" 2843
"C:/Users/david/Documents/GitHub/saint-grail/Content/StarterContent/Materials/M_Metal_Copper.uasset" 2844
"C:/Users/david/Documents/GitHub/saint-grail/Content/StarterContent/Materials/M_Metal_Copper.uexp" 2845
"C:/Users/david/Documents/GitHub/saint-grail/Content/StarterContent/Textures/T_Water_M.ubulk" 2846
"C:/Users/david/Documents/GitHub/saint-grail/Content/StarterContent/Textures/T_Water_M.uasset" 2847
"C:/Users/david/Documents/GitHub/saint-grail/Content/StarterContent/Textures/T_Water_M.uexp" 2848
"C:/Users/david/Documents/GitHub/saint-grail/Content/StarterContent/Materials/M_Water_Ocean.uasset" 2849
"C:/Users/david/Documents/GitHub/saint-grail/Content/StarterContent/Materials/M_Water_Ocean.uexp" 2850
"C:/Users/david/Documents/GitHub/saint-grail/Content/StarterContent/Textures/T_CobbleStone_Pebble_N.ubulk" 2851
"C:/Users/david/Documents/GitHub/saint-grail/Content/StarterContent/Textures/T_CobbleStone_Pebble_N.uasset" 2852
"C:/Users/david/Documents/GitHub/saint-grail/Content/StarterContent/Textures/T_CobbleStone_Pebble_N.uexp" 2853
"C:/Users/david/Documents/GitHub/saint-grail/Content/StarterContent/Textures/T_CobbleStone_Pebble_M.ubulk" 2854
"C:/Users/david/Documents/GitHub/saint-grail/Content/StarterContent/Textures/T_CobbleStone_Pebble_M.uasset" 2855
"C:/Users/david/Documents/GitHub/saint-grail/Content/StarterContent/Textures/T_CobbleStone_Pebble_M.uexp" 2856
"C:/Users/david/Documents/GitHub/saint-grail/Content/StarterContent/Textures/T_CobbleStone_Pebble_D.ubulk" 2857
"C:/Users/david/Documents/GitHub/saint-grail/Content/StarterContent/Textures/T_CobbleStone_Pebble_D.uasset" 2858
"C:/Users/david/Documents/GitHub/saint-grail/Content/StarterContent/Textures/T_CobbleStone_Pebble_D.uexp" 2859
"C:/Users/david/Documents/GitHub/saint-grail/Content/StarterContent/Materials/M_CobbleStone_Pebble.uasset" 2860
"C:/Users/david/Documents/GitHub/saint-grail/Content/StarterContent/Materials/M_CobbleStone_Pebble.uexp" 2861
"C:/Users/david/Documents/GitHub/saint-grail/Content/StarterContent/Textures/T_Metal_Steel_D.ubulk" 2862
"C:/Users/david/Documents/GitHub/saint-grail/Content/StarterContent/Textures/T_Metal_Steel_D.uasset" 2863
"C:/Users/david/Documents/GitHub/saint-grail/Content/StarterContent/Textures/T_Metal_Steel_D.uexp" 2864
"C:/Users/david/Documents/GitHub/saint-grail/Content/StarterContent/Textures/T_Metal_Steel_N.ubulk" 2865
"C:/Users/david/Documents/GitHub/saint-grail/Content/StarterContent/Textures/T_Metal_Steel_N.uasset" 2866
"C:/Users/david/Documents/GitHub/saint-grail/Content/StarterContent/Textures/T_Metal_Steel_N.uexp" 2867
"C:/Users/david/Documents/GitHub/saint-grail/Content/StarterContent/Materials/M_Metal_Steel.uasset" 2868
"C:/Users/david/Documents/GitHub/saint-grail/Content/StarterContent/Materials/M_Metal_Steel.uexp" 2869
"C:/Users/david/Documents/GitHub/saint-grail/Content/StarterContent/Materials/M_Wood_Floor_Walnut_Polished.uasset" 2870
"C:/Users/david/Documents/GitHub/saint-grail/Content/StarterContent/Materials/M_Wood_Floor_Walnut_Polished.uexp" 2871
"C:/Users/david/Documents/GitHub/saint-grail/Content/StarterContent/Props/SM_Lamp_Wall.ubulk" 2872
"C:/Users/david/Documents/GitHub/saint-grail/Content/StarterContent/Props/SM_Lamp_Wall.uasset" 2873
"C:/Users/david/Documents/GitHub/saint-grail/Content/StarterContent/Props/SM_Lamp_Wall.uexp" 2874
"C:/Users/david/Documents/GitHub/saint-grail/Content/StarterContent/Blueprints/Blueprint_WallSconce.uasset" 2875
"C:/Users/david/Documents/GitHub/saint-grail/Content/StarterContent/Blueprints/Blueprint_WallSconce.uexp" 2876
"C:/Users/david/Documents/GitHub/saint-grail/Content/StarterContent/Textures/T_Tech_Panel_N.ubulk" 2877
"C:/Users/david/Documents/GitHub/saint-grail/Content/StarterContent/Textures/T_Tech_Panel_N.uasset" 2878
"C:/Users/david/Documents/GitHub/saint-grail/Content/StarterContent/Textures/T_Tech_Panel_N.uexp" 2879
"C:/Users/david/Documents/GitHub/saint-grail/Content/StarterContent/Textures/T_Tech_Panel_M.ubulk" 2880
"C:/Users/david/Documents/GitHub/saint-grail/Content/StarterContent/Textures/T_Tech_Panel_M.uasset" 2881
"C:/Users/david/Documents/GitHub/saint-grail/Content/StarterContent/Textures/T_Tech_Panel_M.uexp" 2882
"C:/Users/david/Documents/GitHub/saint-grail/Content/StarterContent/Materials/M_Tech_Panel.uasset" 2883
"C:/Users/david/Documents/GitHub/saint-grail/Content/StarterContent/Materials/M_Tech_Panel.uexp" 2884
"C:/Users/david/Documents/GitHub/saint-grail/Content/StarterContent/Materials/M_Tech_Hex_Tile_Pulse.uasset" 2885
"C:/Users/david/Documents/GitHub/saint-grail/Content/StarterContent/Materials/M_Tech_Hex_Tile_Pulse.uexp" 2886
"C:/Users/david/Documents/GitHub/saint-grail/Content/StarterContent/Props/SM_PillarFrame.ubulk" 2887
"C:/Users/david/Documents/GitHub/saint-grail/Content/StarterContent/Props/SM_PillarFrame.uasset" 2888
"C:/Users/david/Documents/GitHub/saint-grail/Content/StarterContent/Props/SM_PillarFrame.uexp" 2889
"C:/Users/david/Documents/GitHub/saint-grail/Content/StarterContent/Textures/T_TableRound_N.ubulk" 2890
"C:/Users/david/Documents/GitHub/saint-grail/Content/StarterContent/Textures/T_TableRound_N.uasset" 2891
"C:/Users/david/Documents/GitHub/saint-grail/Content/StarterContent/Textures/T_TableRound_N.uexp" 2892
"C:/Users/david/Documents/GitHub/saint-grail/Content/StarterContent/Textures/T_TableRound_M.ubulk" 2893
"C:/Users/david/Documents/GitHub/saint-grail/Content/StarterContent/Textures/T_TableRound_M.uasset" 2894
"C:/Users/david/Documents/GitHub/saint-grail/Content/StarterContent/Textures/T_TableRound_M.uexp" 2895
"C:/Users/david/Documents/GitHub/saint-grail/Content/StarterContent/Props/Materials/M_TableRound.uasset" 2896
"C:/Users/david/Documents/GitHub/saint-grail/Content/StarterContent/Props/Materials/M_TableRound.uexp" 2897
"C:/Users/david/Documents/GitHub/saint-grail/Content/StarterContent/Props/SM_TableRound.ubulk" 2898
"C:/Users/david/Documents/GitHub/saint-grail/Content/StarterContent/Props/SM_TableRound.uasset" 2899
"C:/Users/david/Documents/GitHub/saint-grail/Content/StarterContent/Props/SM_TableRound.uexp" 2900
"C:/Users/david/Documents/GitHub/saint-grail/Content/StarterContent/Blueprints/Blueprint_Effect_Fire.uasset" 2901
"C:/Users/david/Documents/GitHub/saint-grail/Content/StarterContent/Blueprints/Blueprint_Effect_Fire.uexp" 2902
"C:/Users/david/Documents/GitHub/saint-grail/Content/StarterContent/Textures/T_Wood_Oak_N.ubulk" 2903
"C:/Users/david/Documents/GitHub/saint-grail/Content/StarterContent/Textures/T_Wood_Oak_N.uasset" 2904
"C:/Users/david/Documents/GitHub/saint-grail/Content/StarterContent/Textures/T_Wood_Oak_N.uexp" 2905
"C:/Users/david/Documents/GitHub/saint-grail/Content/StarterContent/Textures/T_Wood_Oak_D.ubulk" 2906
"C:/Users/david/Documents/GitHub/saint-grail/Content/StarterContent/Textures/T_Wood_Oak_D.uasset" 2907
"C:/Users/david/Documents/GitHub/saint-grail/Content/StarterContent/Textures/T_Wood_Oak_D.uexp" 2908
"C:/Users/david/Documents/GitHub/saint-grail/Content/StarterContent/Materials/M_Wood_Oak.uasset" 2909
"C:/Users/david/Documents/GitHub/saint-grail/Content/StarterContent/Materials/M_Wood_Oak.uexp" 2910
"C:/Users/david/Documents/GitHub/saint-grail/Content/StarterContent/Architecture/Wall_Window_400x300.ubulk" 2911
"C:/Users/david/Documents/GitHub/saint-grail/Content/StarterContent/Architecture/Wall_Window_400x300.uasset" 2912
"C:/Users/david/Documents/GitHub/saint-grail/Content/StarterContent/Architecture/Wall_Window_400x300.uexp" 2913
"C:/Users/david/Documents/GitHub/saint-grail/Content/StarterContent/Textures/T_Brick_Hewn_Stone_N.ubulk" 2914
"C:/Users/david/Documents/GitHub/saint-grail/Content/StarterContent/Textures/T_Brick_Hewn_Stone_N.uasset" 2915
"C:/Users/david/Documents/GitHub/saint-grail/Content/StarterContent/Textures/T_Brick_Hewn_Stone_N.uexp" 2916
"C:/Users/david/Documents/GitHub/saint-grail/Content/StarterContent/Textures/T_Brick_Hewn_Stone_D.ubulk" 2917
"C:/Users/david/Documents/GitHub/saint-grail/Content/StarterContent/Textures/T_Brick_Hewn_Stone_D.uasset" 2918
"C:/Users/david/Documents/GitHub/saint-grail/Content/StarterContent/Textures/T_Brick_Hewn_Stone_D.uexp" 2919
"C:/Users/david/Documents/GitHub/saint-grail/Content/StarterContent/Textures/T_Brick_Hewn_Stone_M.ubulk" 2920
"C:/Users/david/Documents/GitHub/saint-grail/Content/StarterContent/Textures/T_Brick_Hewn_Stone_M.uasset" 2921
"C:/Users/david/Documents/GitHub/saint-grail/Content/StarterContent/Textures/T_Brick_Hewn_Stone_M.uexp" 2922
"C:/Users/david/Documents/GitHub/saint-grail/Content/StarterContent/Materials/M_Brick_Hewn_Stone.uasset" 2923
"C:/Users/david/Documents/GitHub/saint-grail/Content/StarterContent/Materials/M_Brick_Hewn_Stone.uexp" 2924
"C:/Users/david/Documents/GitHub/saint-grail/Content/StarterContent/Audio/Smoke01_Cue.uasset" 2925
"C:/Users/david/Documents/GitHub/saint-grail/Content/StarterContent/Audio/Smoke01_Cue.uexp" 2926
"C:/Users/david/Documents/GitHub/saint-grail/Content/StarterContent/Blueprints/Blueprint_Effect_Smoke.uasset" 2927
"C:/Users/david/Documents/GitHub/saint-grail/Content/StarterContent/Blueprints/Blueprint_Effect_Smoke.uexp" 2928
"C:/Users/david/Documents/GitHub/saint-grail/Content/StarterContent/Textures/T_CobbleStone_Rough_N.ubulk" 2929
"C:/Users/david/Documents/GitHub/saint-grail/Content/StarterContent/Textures/T_CobbleStone_Rough_N.uasset" 2930
"C:/Users/david/Documents/GitHub/saint-grail/Content/StarterContent/Textures/T_CobbleStone_Rough_N.uexp" 2931
"C:/Users/david/Documents/GitHub/saint-grail/Content/StarterContent/Textures/T_CobbleStone_Rough_D.ubulk" 2932
"C:/Users/david/Documents/GitHub/saint-grail/Content/StarterContent/Textures/T_CobbleStone_Rough_D.uasset" 2933
"C:/Users/david/Documents/GitHub/saint-grail/Content/StarterContent/Textures/T_CobbleStone_Rough_D.uexp" 2934
"C:/Users/david/Documents/GitHub/saint-grail/Content/StarterContent/Materials/M_CobbleStone_Rough.uasset" 2935
"C:/Users/david/Documents/GitHub/saint-grail/Content/StarterContent/Materials/M_CobbleStone_Rough.uexp" 2936
"C:/Users/david/Documents/GitHub/saint-grail/Content/StarterContent/Textures/T_Statue_M.ubulk" 2937
"C:/Users/david/Documents/GitHub/saint-grail/Content/StarterContent/Textures/T_Statue_M.uasset" 2938
"C:/Users/david/Documents/GitHub/saint-grail/Content/StarterContent/Textures/T_Statue_M.uexp" 2939
"C:/Users/david/Documents/GitHub/saint-grail/Content/StarterContent/Textures/T_Statue_N.ubulk" 2940
"C:/Users/david/Documents/GitHub/saint-grail/Content/StarterContent/Textures/T_Statue_N.uasset" 2941
"C:/Users/david/Documents/GitHub/saint-grail/Content/StarterContent/Textures/T_Statue_N.uexp" 2942
"C:/Users/david/Documents/GitHub/saint-grail/Content/StarterContent/Props/Materials/M_Statue.uasset" 2943
"C:/Users/david/Documents/GitHub/saint-grail/Content/StarterContent/Props/Materials/M_Statue.uexp" 2944
"C:/Users/david/Documents/GitHub/saint-grail/Content/StarterContent/Props/Materials/M_StatueGlass.uasset" 2945
"C:/Users/david/Documents/GitHub/saint-grail/Content/StarterContent/Props/Materials/M_StatueGlass.uexp" 2946
"C:/Users/david/Documents/GitHub/saint-grail/Content/StarterContent/Props/SM_Statue.ubulk" 2947
"C:/Users/david/Documents/GitHub/saint-grail/Content/StarterContent/Props/SM_Statue.uasset" 2948
"C:/Users/david/Documents/GitHub/saint-grail/Content/StarterContent/Props/SM_Statue.uexp" 2949
"C:/Users/david/Documents/GitHub/saint-grail/Content/StarterContent/Textures/T_ground_Moss_D.ubulk" 2950
"C:/Users/david/Documents/GitHub/saint-grail/Content/StarterContent/Textures/T_ground_Moss_D.uasset" 2951
"C:/Users/david/Documents/GitHub/saint-grail/Content/StarterContent/Textures/T_ground_Moss_D.uexp" 2952
"C:/Users/david/Documents/GitHub/saint-grail/Content/StarterContent/Textures/T_Ground_Moss_N.ubulk" 2953
"C:/Users/david/Documents/GitHub/saint-grail/Content/StarterContent/Textures/T_Ground_Moss_N.uasset" 2954
"C:/Users/david/Documents/GitHub/saint-grail/Content/StarterContent/Textures/T_Ground_Moss_N.uexp" 2955
"C:/Users/david/Documents/GitHub/saint-grail/Content/StarterContent/Materials/M_Ground_Moss.uasset" 2956
"C:/Users/david/Documents/GitHub/saint-grail/Content/StarterContent/Materials/M_Ground_Moss.uexp" 2957
"C:/Users/david/Documents/GitHub/saint-grail/Content/StarterContent/Props/SM_PillarFrame300.ubulk" 2958
"C:/Users/david/Documents/GitHub/saint-grail/Content/StarterContent/Props/SM_PillarFrame300.uasset" 2959
"C:/Users/david/Documents/GitHub/saint-grail/Content/StarterContent/Props/SM_PillarFrame300.uexp" 2960
"C:/Users/david/Documents/GitHub/saint-grail/Content/StarterContent/Materials/M_Metal_Chrome.uasset" 2961
"C:/Users/david/Documents/GitHub/saint-grail/Content/StarterContent/Materials/M_Metal_Chrome.uexp" 2962
"C:/Users/david/Documents/GitHub/saint-grail/Content/StarterContent/Textures/T_Metal_Gold_D.ubulk" 2963
"C:/Users/david/Documents/GitHub/saint-grail/Content/StarterContent/Textures/T_Metal_Gold_D.uasset" 2964
"C:/Users/david/Documents/GitHub/saint-grail/Content/StarterContent/Textures/T_Metal_Gold_D.uexp" 2965
"C:/Users/david/Documents/GitHub/saint-grail/Content/StarterContent/Materials/M_Metal_Gold.uasset" 2966
"C:/Users/david/Documents/GitHub/saint-grail/Content/StarterContent/Materials/M_Metal_Gold.uexp" 2967
"C:/Users/david/Documents/GitHub/saint-grail/Content/StarterContent/Textures/T_Ground_Grass_D.ubulk" 2968
"C:/Users/david/Documents/GitHub/saint-grail/Content/StarterContent/Textures/T_Ground_Grass_D.uasset" 2969
"C:/Users/david/Documents/GitHub/saint-grail/Content/StarterContent/Textures/T_Ground_Grass_D.uexp" 2970
"C:/Users/david/Documents/GitHub/saint-grail/Content/StarterContent/Textures/T_Ground_Grass_N.ubulk" 2971
"C:/Users/david/Documents/GitHub/saint-grail/Content/StarterContent/Textures/T_Ground_Grass_N.uasset" 2972
"C:/Users/david/Documents/GitHub/saint-grail/Content/StarterContent/Textures/T_Ground_Grass_N.uexp" 2973
"C:/Users/david/Documents/GitHub/saint-grail/Content/StarterContent/Materials/M_Ground_Grass.uasset" 2974
"C:/Users/david/Documents/GitHub/saint-grail/Content/StarterContent/Materials/M_Ground_Grass.uexp" 2975
"C:/Users/david/Documents/GitHub/saint-grail/Content/StarterContent/Audio/Starter_Background_Cue.uasset" 2976
"C:/Users/david/Documents/GitHub/saint-grail/Content/StarterContent/Audio/Starter_Background_Cue.uexp" 2977
"C:/Users/david/Documents/GitHub/saint-grail/Content/StarterContent/Maps/StarterMap_BuiltData.ubulk" 2978
"C:/Users/david/Documents/GitHub/saint-grail/Content/StarterContent/Maps/StarterMap_BuiltData.uasset" 2979
"C:/Users/david/Documents/GitHub/saint-grail/Content/StarterContent/Maps/StarterMap_BuiltData.uexp" 2980
"C:/Users/david/Documents/GitHub/saint-grail/Content/StarterContent/Props/SM_CornerFrame.ubulk" 2981
"C:/Users/david/Documents/GitHub/saint-grail/Content/StarterContent/Props/SM_CornerFrame.uasset" 2982
"C:/Users/david/Documents/GitHub/saint-grail/Content/StarterContent/Props/SM_CornerFrame.uexp" 2983
"C:/Users/david/Documents/GitHub/saint-grail/Content/StarterContent/Shapes/Shape_Sphere.ubulk" 2984
"C:/Users/david/Documents/GitHub/saint-grail/Content/StarterContent/Shapes/Shape_Sphere.uasset" 2985
"C:/Users/david/Documents/GitHub/saint-grail/Content/StarterContent/Shapes/Shape_Sphere.uexp" 2986
"C:/Users/david/Documents/GitHub/saint-grail/Content/StarterContent/Audio/Starter_Music_Cue.uasset" 2987
"C:/Users/david/Documents/GitHub/saint-grail/Content/StarterContent/Audio/Starter_Music_Cue.uexp" 2988
"C:/Users/david/Documents/GitHub/saint-grail/Content/StarterContent/Shapes/Shape_QuadPyramid.ubulk" 2989
"C:/Users/david/Documents/GitHub/saint-grail/Content/StarterContent/Shapes/Shape_QuadPyramid.uasset" 2990
"C:/Users/david/Documents/GitHub/saint-grail/Content/StarterContent/Shapes/Shape_QuadPyramid.uexp" 2991
"C:/Users/david/Documents/GitHub/saint-grail/Content/StarterContent/Textures/T_Brick_Clay_New_D.ubulk" 2992
"C:/Users/david/Documents/GitHub/saint-grail/Content/StarterContent/Textures/T_Brick_Clay_New_D.uasset" 2993
"C:/Users/david/Documents/GitHub/saint-grail/Content/StarterContent/Textures/T_Brick_Clay_New_D.uexp" 2994
"C:/Users/david/Documents/GitHub/saint-grail/Content/StarterContent/Textures/T_Brick_Clay_New_M.uasset" 2995
"C:/Users/david/Documents/GitHub/saint-grail/Content/StarterContent/Textures/T_Brick_Clay_New_M.uexp" 2996
"C:/Users/david/Documents/GitHub/saint-grail/Content/StarterContent/Textures/T_Brick_Clay_New_N.uasset" 2997
"C:/Users/david/Documents/GitHub/saint-grail/Content/StarterContent/Textures/T_Brick_Clay_New_N.uexp" 2998
"C:/Users/david/Documents/GitHub/saint-grail/Content/StarterContent/Materials/M_Brick_Clay_New.uasset" 2999
"C:/Users/david/Documents/GitHub/saint-grail/Content/StarterContent/Materials/M_Brick_Clay_New.uexp" 3000
"C:/Users/david/Documents/GitHub/saint-grail/Content/StarterContent/Props/SM_Chair.ubulk" 3001
"C:/Users/david/Documents/GitHub/saint-grail/Content/StarterContent/Props/SM_Chair.uasset" 3002
"C:/Users/david/Documents/GitHub/saint-grail/Content/StarterContent/Props/SM_Chair.uexp" 3003
"C:/Users/david/Documents/GitHub/saint-grail/Content/StarterContent/Textures/T_Concrete_Panels_D.ubulk" 3004
"C:/Users/david/Documents/GitHub/saint-grail/Content/StarterContent/Textures/T_Concrete_Panels_D.uasset" 3005
"C:/Users/david/Documents/GitHub/saint-grail/Content/StarterContent/Textures/T_Concrete_Panels_D.uexp" 3006
"C:/Users/david/Documents/GitHub/saint-grail/Content/StarterContent/Textures/T_Concrete_Panels_N.ubulk" 3007
"C:/Users/david/Documents/GitHub/saint-grail/Content/StarterContent/Textures/T_Concrete_Panels_N.uasset" 3008
"C:/Users/david/Documents/GitHub/saint-grail/Content/StarterContent/Textures/T_Concrete_Panels_N.uexp" 3009
"C:/Users/david/Documents/GitHub/saint-grail/Content/StarterContent/Materials/M_Concrete_Panels.uasset" 3010
"C:/Users/david/Documents/GitHub/saint-grail/Content/StarterContent/Materials/M_Concrete_Panels.uexp" 3011
"C:/Users/david/Documents/GitHub/saint-grail/Content/StarterContent/Maps/StarterMap.uexp" 3012
"C:/Users/david/Documents/GitHub/saint-grail/Content/StarterContent/Maps/StarterMap.umap" 3013
"C:/Users/david/Documents/GitHub/saint-grail/Content/StarterContent/Maps/Minimal_Default_BuiltData.ubulk" 3014
"C:/Users/david/Documents/GitHub/saint-grail/Content/StarterContent/Maps/Minimal_Default_BuiltData.uasset" 3015
"C:/Users/david/Documents/GitHub/saint-grail/Content/StarterContent/Maps/Minimal_Default_BuiltData.uexp" 3016
"C:/Users/david/Documents/GitHub/saint-grail/Content/StarterContent/Maps/Minimal_Default.uexp" 3017
"C:/Users/david/Documents/GitHub/saint-grail/Content/StarterContent/Maps/Minimal_Default.umap" 3018
"C:/Users/david/Documents/GitHub/saint-grail/Content/StarterContent/Maps/Advanced_Lighting_BuiltData.ubulk" 3019
"C:/Users/david/Documents/GitHub/saint-grail/Content/StarterContent/Maps/Advanced_Lighting_BuiltData.uasset" 3020
"C:/Users/david/Documents/GitHub/saint-grail/Content/StarterContent/Maps/Advanced_Lighting_BuiltData.uexp" 3021
"C:/Users/david/Documents/GitHub/saint-grail/Content/StarterContent/Materials/M_AssetPlatform.uasset" 3022
"C:/Users/david/Documents/GitHub/saint-grail/Content/StarterContent/Materials/M_AssetPlatform.uexp" 3023
"C:/Users/david/Documents/GitHub/saint-grail/Content/StarterContent/Architecture/SM_AssetPlatform.ubulk" 3024
"C:/Users/david/Documents/GitHub/saint-grail/Content/StarterContent/Architecture/SM_AssetPlatform.uasset" 3025
"C:/Users/david/Documents/GitHub/saint-grail/Content/StarterContent/Architecture/SM_AssetPlatform.uexp" 3026
"../../../Engine/Content/MapTemplates/Sky/DaylightAmbientCubemap.uasset" 3027
"../../../Engine/Content/MapTemplates/Sky/DaylightAmbientCubemap.uexp" 3028
"C:/Users/david/Documents/GitHub/saint-grail/Content/StarterContent/Blueprints/Assets/M_LightStage_Skybox_Master.uasset" 3029
"C:/Users/david/Documents/GitHub/saint-grail/Content/StarterContent/Blueprints/Assets/M_LightStage_Skybox_Master.uexp" 3030
"C:/Users/david/Documents/GitHub/saint-grail/Content/StarterContent/Blueprints/Assets/M_LightStage_Skybox_HDRI.uasset" 3031
"C:/Users/david/Documents/GitHub/saint-grail/Content/StarterContent/Blueprints/Assets/M_LightStage_Skybox_HDRI.uexp" 3032
"C:/Users/david/Documents/GitHub/saint-grail/Content/StarterContent/HDRI/HDRI_Epic_Courtyard_Daylight.uasset" 3033
"C:/Users/david/Documents/GitHub/saint-grail/Content/StarterContent/HDRI/HDRI_Epic_Courtyard_Daylight.uexp" 3034
"C:/Users/david/Documents/GitHub/saint-grail/Content/StarterContent/Blueprints/Assets/SunlightColorLUT.uasset" 3035
"C:/Users/david/Documents/GitHub/saint-grail/Content/StarterContent/Blueprints/Assets/SunlightColorLUT.uexp" 3036
"C:/Users/david/Documents/GitHub/saint-grail/Content/StarterContent/Blueprints/Assets/M_LightStage_Skybox_Black.uasset" 3037
"C:/Users/david/Documents/GitHub/saint-grail/Content/StarterContent/Blueprints/Assets/M_LightStage_Skybox_Black.uexp" 3038
"C:/Users/david/Documents/GitHub/saint-grail/Content/StarterContent/Blueprints/Assets/FogBrightnessLUT.uasset" 3039
"C:/Users/david/Documents/GitHub/saint-grail/Content/StarterContent/Blueprints/Assets/FogBrightnessLUT.uexp" 3040
"C:/Users/david/Documents/GitHub/saint-grail/Content/StarterContent/Blueprints/Assets/SM_Arrows.ubulk" 3041
"C:/Users/david/Documents/GitHub/saint-grail/Content/StarterContent/Blueprints/Assets/SM_Arrows.uasset" 3042
"C:/Users/david/Documents/GitHub/saint-grail/Content/StarterContent/Blueprints/Assets/SM_Arrows.uexp" 3043
"C:/Users/david/Documents/GitHub/saint-grail/Content/StarterContent/Blueprints/Assets/M_LightStage_Arrows.uasset" 3044
"C:/Users/david/Documents/GitHub/saint-grail/Content/StarterContent/Blueprints/Assets/M_LightStage_Arrows.uexp" 3045
"../../../Engine/Content/ArtTools/RenderToTexture/MaterialFunctions/CheckerPattern.uasset" 3046
"../../../Engine/Content/ArtTools/RenderToTexture/MaterialFunctions/CheckerPattern.uexp" 3047
"../../../Engine/Content/Functions/Engine_MaterialFunctions02/ScreenResolution.uasset" 3048
"../../../Engine/Content/Functions/Engine_MaterialFunctions02/ScreenResolution.uexp" 3049
"../../../Engine/Content/Functions/Engine_MaterialFunctions02/Texturing/ScreenAlignedUVs.uasset" 3050
"../../../Engine/Content/Functions/Engine_MaterialFunctions02/Texturing/ScreenAlignedUVs.uexp" 3051
"../../../Engine/Content/EditorMaterials/Thumbnails/SkySphereMaterial.uasset" 3052
"../../../Engine/Content/EditorMaterials/Thumbnails/SkySphereMaterial.uexp" 3053
"C:/Users/david/Documents/GitHub/saint-grail/Content/StarterContent/Blueprints/Assets/Skybox.ubulk" 3054
"C:/Users/david/Documents/GitHub/saint-grail/Content/StarterContent/Blueprints/Assets/Skybox.uasset" 3055
"C:/Users/david/Documents/GitHub/saint-grail/Content/StarterContent/Blueprints/Assets/Skybox.uexp" 3056
"C:/Users/david/Documents/GitHub/saint-grail/Content/StarterContent/Blueprints/BP_LightStudio.uasset" 3057
"C:/Users/david/Documents/GitHub/saint-grail/Content/StarterContent/Blueprints/BP_LightStudio.uexp" 3058
"../../../Engine/Content/EditorMeshes/ColorCalibrator/M_GreyBall.uasset" 3059
"../../../Engine/Content/EditorMeshes/ColorCalibrator/M_GreyBall.uexp" 3060
"../../../Engine/Content/EditorMeshes/ColorCalibrator/M_ClearCoat.uasset" 3061
"../../../Engine/Content/EditorMeshes/ColorCalibrator/M_ClearCoat.uexp" 3062
"../../../Engine/Content/EditorMeshes/ColorCalibrator/M_ChromeBall.uasset" 3063
"../../../Engine/Content/EditorMeshes/ColorCalibrator/M_ChromeBall.uexp" 3064
"../../../Engine/Content/EditorMeshes/ColorCalibrator/M_ClearCoatBlack.uasset" 3065
"../../../Engine/Content/EditorMeshes/ColorCalibrator/M_ClearCoatBlack.uexp" 3066
"../../../Engine/Content/EditorMeshes/ColorCalibrator/Color_checker.ubulk" 3067
"../../../Engine/Content/EditorMeshes/ColorCalibrator/Color_checker.uasset" 3068
"../../../Engine/Content/EditorMeshes/ColorCalibrator/Color_checker.uexp" 3069
"../../../Engine/Content/EditorMeshes/ColorCalibrator/M_ColorGrid.uasset" 3070
"../../../Engine/Content/EditorMeshes/ColorCalibrator/M_ColorGrid.uexp" 3071
"../../../Engine/Content/EditorMeshes/ColorCalibrator/SM_ColorCalibrator.ubulk" 3072
"../../../Engine/Content/EditorMeshes/ColorCalibrator/SM_ColorCalibrator.uasset" 3073
"../../../Engine/Content/EditorMeshes/ColorCalibrator/SM_ColorCalibrator.uexp" 3074
"C:/Users/david/Documents/GitHub/saint-grail/Content/StarterContent/Maps/Advanced_Lighting.uexp" 3075
"C:/Users/david/Documents/GitHub/saint-grail/Content/StarterContent/Maps/Advanced_Lighting.umap" 3076
